auid,compound,status,output_file,source_file,source_url,aurl,catalog,species,nspecies,natoms,spacegroup_orig,spacegroup_relax,pearson_orig,pearson_relax,prototype_orig,prototype_relax,band_gap_eV,formation_enthalpy_eV_atom,aflowlib_date,aflowlib_version,error
aflow:0015a3db328a3b49,Cl2H12Na2O10,skipped_existing,E:\work\worklist\pull_file\aflow\aflow_cif\cif\Cl2H12Na2O10__ICSD__0015a3db328a3b49.cif,,,aflowlib.duke.edu:AFLOWDATA/ICSD_WEB/TRI/Cl1H6Na1O5_ICSD_1858,ICSD,"Cl,H,Na,O",4,26,2,2,aP26,aP26,AB6CD5_aP26_2_i_6i_i_5i,AB6CD5_aP26_2_i_6i_i_5i,3.0236,-0.935048,"['20160516_09:59:40_GMT-4', '20160516_19:01:18_GMT-4', '20210831_03:49:02_GMT-4']",3.2.11,
aflow:0114a3be8b0fb6a8,Cl4Na4O12,skipped_existing,E:\work\worklist\pull_file\aflow\aflow_cif\cif\Cl4Na4O12__ICSD__0114a3be8b0fb6a8.cif,,,aflowlib.duke.edu:AFLOWDATA/ICSD_WEB/CUB/Cl1Na1O3_ICSD_31168,ICSD,"Cl,Na,O",3,20,198,198,cP20,cP20,ABC3_cP20_198_a_a_b,ABC3_cP20_198_a_a_b,5.6266,-0.695655,"['20140816_16:21:21_GMT-4', '20140817_10:44:56_GMT-4', '20210901_16:21:09_GMT-4']",3.2.11,
aflow:0213ddeae14ae21a,As4Na8O14,skipped_existing,E:\work\worklist\pull_file\aflow\aflow_cif\cif\As4Na8O14__ICSD__0213ddeae14ae21a.cif,,,aflowlib.duke.edu:AFLOWDATA/ICSD_WEB/MCLC/As2Na4O7_ICSD_2887,ICSD,"As,Na,O",3,26,15,15,mS52,mS52,A2B4C7_mC52_15_f_2f_e3f,A2B4C7_mC52_15_f_2f_e3f,3.2115,-1.66021,"['20140609_14:35:34_GMT-5', '20140610_08:37:12_GMT-5', '20210617_13:20:19_GMT-5']",3.2.9,
aflow:0231893ea7a7b1d8,F20Na4Te4,skipped_existing,E:\work\worklist\pull_file\aflow\aflow_cif\cif\F20Na4Te4__ICSD__0231893ea7a7b1d8.cif,,,aflowlib.duke.edu:AFLOWDATA/ICSD_WEB/ORC/F5Na1Te1_ICSD_202879,ICSD,"F,Na,Te",3,28,62,62,oP28,oP28,A5BC_oP28_62_c2d_c_c,A5BC_oP28_62_c2d_c_c,5.2523,-2.39394,"['20150122_16:19:01_GMT-5', '20150123_16:16:45_GMT-5', '20210529_10:25:12_GMT-5']",3.2.9,
aflow:02644d53dcfe5ecc,H6Na2O10S2,skipped_existing,E:\work\worklist\pull_file\aflow\aflow_cif\cif\H6Na2O10S2__ICSD__02644d53dcfe5ecc.cif,,,aflowlib.duke.edu:AFLOWDATA/ICSD_WEB/MCLC/H3Na1O5S1_ICSD_28259,ICSD,"H,Na,O,S",4,20,9,9,mS40,mS40,A3BC5D_mC40_9_3a_a_5a_a,A3BC5D_mC40_9_3a_a_5a_a,5.3953,-1.38824,"['20140907_17:34:59_GMT-4', '20140910_16:47:34_GMT-4', '20210902_13:41:56_GMT-4']",3.2.11,
aflow:02a4ade811aad003,H8Na4O16Se4,skipped_existing,E:\work\worklist\pull_file\aflow\aflow_cif\cif\H8Na4O16Se4__ICSD__02a4ade811aad003.cif,,,aflowlib.duke.edu:AFLOWDATA/ICSD_WEB/ORCC/H4Na2O8Se2_ICSD_71786,ICSD,"H,Na,O,Se",4,32,36,36,oS64,oS64,A2BC4D_oC64_36_2ab_b_4a2b_2a,A2BC4D_oC64_36_2ab_b_4a2b_2a,4.087,-1.12802,"['20150121_04:58:37_GMT-5', '20150122_17:37:18_GMT-5', '20210831_08:54:02_GMT-4']",3.2.11,
aflow:05bfcf97d247a144,B6Na6O24Si6,skipped_existing,E:\work\worklist\pull_file\aflow\aflow_cif\cif\B6Na6O24Si6__ICSD__05bfcf97d247a144.cif,,,aflowlib.duke.edu:AFLOWDATA/ICSD_WEB/HEX/B1Na1O4Si1_ICSD_39459,ICSD,"B,Na,O,Si",4,42,173,173,hP42,hP42,ABC4D_hP42_173_c_a2b_4c_c,ABC4D_hP42_173_c_a2b_4c_c,5.4177,-2.5328,"['20140617_16:28:57_GMT-5', '20140618_17:25:59_GMT-5', '20210615_01:01:08_GMT-5']",3.2.9,
aflow:07f23cc5fbce7ebe,Ge4Na12Se14,skipped_existing,E:\work\worklist\pull_file\aflow\aflow_cif\cif\Ge4Na12Se14__ICSD__07f23cc5fbce7ebe.cif,,,aflowlib.duke.edu:AFLOWDATA/ICSD_WEB/MCLC/Ge2Na6Se7_ICSD_57089,ICSD,"Ge,Na,Se",3,30,15,15,mS60,mS60,A2B6C7_mC60_15_f_ce2f_e3f,A2B6C7_mC60_15_f_ce2f_e3f,1.5811,-0.851993,"['20161001_19:20:23_GMT-5', '20161003_20:27:27_GMT-5', '20210528_04:16:00_GMT-5']",3.2.9,
aflow:0829b806a030f352,C4H4Na4O12,skipped_existing,E:\work\worklist\pull_file\aflow\aflow_cif\cif\C4H4Na4O12__ICSD__0829b806a030f352.cif,,,aflowlib.duke.edu:AFLOWDATA/ICSD_WEB/MCL/C2H2Na2O6_ICSD_246301,ICSD,"C,H,Na,O",4,24,14,14,mP24,mP24,ABCD3_mP24_14_e_e_e_3e,ABCD3_mP24_14_e_e_e_3e,3.1734,-1.22851,"['20120428_05:29:16_GMT-4', '20120429_01:08:06_GMT-4', '20210901_11:40:01_GMT-4']",3.2.11,
aflow:087ea7044bb3ae3c,C4H6Na2O10,skipped_existing,E:\work\worklist\pull_file\aflow\aflow_cif\cif\C4H6Na2O10__ICSD__087ea7044bb3ae3c.cif,,,aflowlib.duke.edu:AFLOWDATA/ICSD_WEB/TRI/C2H3Na1O5_ICSD_186554,ICSD,"C,H,Na,O",4,22,2,2,aP22,aP22,A2B3CD5_aP22_2_2i_3i_i_5i,A2B3CD5_aP22_2_2i_3i_i_5i,3.2276,-1.24534,"['20160127_16:08:36_GMT-5', '20160129_03:57:00_GMT-5', '20210831_05:52:03_GMT-4']",3.2.11,
aflow:0929f469c23d365c,Na4O8S2,skipped_existing,E:\work\worklist\pull_file\aflow\aflow_cif\cif\Na4O8S2__ICSD__0929f469c23d365c.cif,,,aflowlib.duke.edu:AFLOWDATA/ICSD_WEB/ORCC/Na2O4S1_ICSD_81505,ICSD,"Na,O,S",3,14,63,63,oS28,oS28,A2B4C_oC28_63_ac_fg_c,A2B4C_oC28_63_ac_fg_c,4.9775,-1.83248,"['20141108_03:44:07_GMT-5', '20141108_13:30:41_GMT-5', '20210831_08:42:12_GMT-4']",3.2.11,
aflow:0a616802e0e8df79,Cl4Na4O12,skipped_existing,E:\work\worklist\pull_file\aflow\aflow_cif\cif\Cl4Na4O12__ICSD__0a616802e0e8df79.cif,,,aflowlib.duke.edu:AFLOWDATA/ICSD_WEB/CUB/Cl1Na1O3_ICSD_80340,ICSD,"Cl,Na,O",3,20,198,198,cP20,cP20,ABC3_cP20_198_a_a_b,ABC3_cP20_198_a_a_b,5.6376,-0.695956,"['20181105_10:40:16_GMT-5', '20181105_21:15:15_GMT-5', '20210901_17:12:59_GMT-4']",3.2.11,
aflow:0a62dfadf74a4ff5,H6N2Na2O6P2,skipped_existing,E:\work\worklist\pull_file\aflow\aflow_cif\cif\H6N2Na2O6P2__ICSD__0a62dfadf74a4ff5.cif,,,aflowlib.duke.edu:AFLOWDATA/ICSD_WEB/HEX/H3N1Na1O3P1_ICSD_16608,ICSD,"H,N,Na,O,P",5,18,173,173,hP18,hP18,A3BCD3E_hP18_173_c_b_a_c_b,A3BCD3E_hP18_173_c_b_a_c_b,5.1804,-1.46051,"['20150123_05:55:12_GMT-5', '20150123_16:26:27_GMT-5', '20210831_18:53:37_GMT-4']",3.2.11,
aflow:0a8638215781729b,C2Na4O6,skipped_existing,E:\work\worklist\pull_file\aflow\aflow_cif\cif\C2Na4O6__ICSD__0a8638215781729b.cif,,,aflowlib.duke.edu:AFLOWDATA/ICSD_WEB/MCLC/C1Na2O3_ICSD_80992,ICSD,"C,Na,O",3,12,12,12,mS24,mS24,AB2C3_mC24_12_i_aci_ij,AB2C3_mC24_12_i_aci_ij,3.8494,-1.74847,"['20140830_13:08:04_GMT-4', '20140831_08:33:08_GMT-4', '20210902_14:28:25_GMT-4']",3.2.11,
aflow:0a8e8b99b3f1dbcd,Na6O9S2,skipped_existing,E:\work\worklist\pull_file\aflow\aflow_cif\cif\Na6O9S2__ICSD__0a8e8b99b3f1dbcd.cif,,,aflowlib.duke.edu:AFLOWDATA/ICSD_WEB/FCC/Na6O9S2_ICSD_411442,ICSD,"Na,O,S",3,17,225,225,cF68,cF68,A6B9C2_cF68_225_e_af_c,A6B9C2_cF68_225_e_af_c,3.0301,-1.7483,"['20150110_11:02:33_GMT-5', '20150110_15:57:10_GMT-5', '20210831_22:11:24_GMT-4']",3.2.11,
aflow:0affad85b00b5c82,Ge2Na4O6,skipped_existing,E:\work\worklist\pull_file\aflow\aflow_cif\cif\Ge2Na4O6__ICSD__0affad85b00b5c82.cif,,,aflowlib.duke.edu:AFLOWDATA/ICSD_WEB/ORCC/Ge1Na2O3_ICSD_23781,ICSD,"Ge,Na,O",3,12,36,36,oS24,oS24,AB2C3_oC24_36_a_b_ab,AB2C3_oC24_36_a_b_ab,2.9401,-1.7964,"['20140721_06:57:16_GMT-5', '20140722_05:19:15_GMT-5', '20210620_15:52:09_GMT-5']",3.2.9,
aflow:0b32099d9bea0174,Na8S16,skipped_existing,E:\work\worklist\pull_file\aflow\aflow_cif\cif\Na8S16__ICSD__0b32099d9bea0174.cif,,,aflowlib.duke.edu:AFLOWDATA/ICSD_WEB/BCT/Na2S4_ICSD_644957,ICSD,"Na,S",2,24,122,122,tI48,tI48,AB2_tI48_122_cd_2e,AB2_tI48_122_cd_2e,1.9987,-0.587782,"['20151010_10:41:11_GMT-5', '20151011_08:58:30_GMT-5', '20210521_17:55:39_GMT-5']",3.2.9,
aflow:0bb6d4589e9d3653,Ge2Na8O8,skipped_existing,E:\work\worklist\pull_file\aflow\aflow_cif\cif\Ge2Na8O8__ICSD__0bb6d4589e9d3653.cif,,,aflowlib.duke.edu:AFLOWDATA/ICSD_WEB/TRI/Ge1Na4O4_ICSD_61496,ICSD,"Ge,Na,O",3,18,2,2,aP18,aP18,AB4C4_aP18_2_i_4i_4i,AB4C4_aP18_2_i_4i_4i,2.8134,-1.71802,"['20150112_21:16:18_GMT-5', '20150113_15:23:40_GMT-5', '20210624_10:17:49_GMT-5']",3.2.9,
aflow:0bcd947e5e9b7742,Br4H16Na4O8,skipped_existing,E:\work\worklist\pull_file\aflow\aflow_cif\cif\Br4H16Na4O8__ICSD__0bcd947e5e9b7742.cif,,,aflowlib.duke.edu:AFLOWDATA/ICSD_WEB/MCL/Br1H4Na1O2_ICSD_8125,ICSD,"Br,H,Na,O",4,32,14,14,mP32,mP32,AB4CD2_mP32_14_e_4e_e_2e,AB4CD2_mP32_14_e_4e_e_2e,4.2592,-1.17952,"['20141217_04:14:07_GMT-5', '20141218_04:56:32_GMT-5', '20210901_05:05:28_GMT-4']",3.2.11,
aflow:0bdd84952449e05e,N2Na2O6,skipped_existing,E:\work\worklist\pull_file\aflow\aflow_cif\cif\N2Na2O6__ICSD__0bdd84952449e05e.cif,,,aflowlib.duke.edu:AFLOWDATA/ICSD_WEB/RHL/N1Na1O3_ICSD_420041,ICSD,"N,Na,O",3,10,167,167,hR10,hR10,ABC3_hR10_167_a_b_e,ABC3_hR10_167_a_b_e,2.9604,-0.973911,"['20141024_00:56:58_GMT-4', '20141024_06:01:39_GMT-4', '20210830_17:33:05_GMT-4']",3.2.11,
aflow:0c8163cd36099ddf,Na4O8S2,skipped_existing,E:\work\worklist\pull_file\aflow\aflow_cif\cif\Na4O8S2__ICSD__0c8163cd36099ddf.cif,,,aflowlib.duke.edu:AFLOWDATA/ICSD_WEB/ORCF/Na2O4S1_ICSD_28056,ICSD,"Na,O,S",3,14,70,70,oF56,oF56,A2B4C_oF56_70_e_h_a,A2B4C_oF56_70_g_h_a,4.9761,-1.83208,"['20140526_19:28:24_GMT-4', '20140527_16:13:00_GMT-4', '20210901_00:06:48_GMT-4']",3.2.11,
aflow:0c85c73ccdf021f3,C2Na4O6,skipped_existing,E:\work\worklist\pull_file\aflow\aflow_cif\cif\C2Na4O6__ICSD__0c85c73ccdf021f3.cif,,,aflowlib.duke.edu:AFLOWDATA/ICSD_WEB/HEX/C1Na2O3_ICSD_81012,ICSD,"C,Na,O",3,12,194,194,hP12,hP12,AB2C3_hP12_194_d_ac_h,AB2C3_hP12_194_d_ac_h,3.1995,-1.73334,"['20140822_15:30:36_GMT-4', '20140823_02:38:41_GMT-4', '20210831_16:40:49_GMT-4']",3.2.11,
aflow:0d5ddc202f692620,B4N8Na12,skipped_existing,E:\work\worklist\pull_file\aflow\aflow_cif\cif\B4N8Na12__ICSD__0d5ddc202f692620.cif,,,aflowlib.duke.edu:AFLOWDATA/ICSD_WEB/MCL/B1N2Na3_ICSD_68619,ICSD,"B,N,Na",3,24,14,14,mP24,mP24,AB2C3_mP24_14_e_2e_3e,AB2C3_mP24_14_e_2e_3e,1.6905,-0.520744,"['20141222_13:03:38_GMT-5', '20141222_22:28:04_GMT-5', '20210901_05:13:20_GMT-4']",3.2.11,
aflow:0dba282953dd96fb,Na4O18Te8,skipped_existing,E:\work\worklist\pull_file\aflow\aflow_cif\cif\Na4O18Te8__ICSD__0dba282953dd96fb.cif,,,aflowlib.duke.edu:AFLOWDATA/ICSD_WEB/TRI/Na2O9Te4_ICSD_75338,ICSD,"Na,O,Te",3,30,2,2,aP30,aP30,A2B9C4_aP30_2_2i_9i_4i,A2B9C4_aP30_2_2i_9i_4i,3.0894,-1.25718,"['20160928_18:37:27_GMT-5', '20161001_23:30:13_GMT-5', '20210624_12:36:11_GMT-5']",3.2.9,
aflow:0e6cd1ae0109c5c4,Na4S4,skipped_existing,E:\work\worklist\pull_file\aflow\aflow_cif\cif\Na4S4__ICSD__0e6cd1ae0109c5c4.cif,,,aflowlib.duke.edu:AFLOWDATA/ICSD_WEB/HEX/Na1S1_ICSD_644958,ICSD,"Na,S",2,8,194,194,hP8,hP8,AB_hP8_194_ac_f,AB_hP8_194_ac_f,1.2368,-0.834597,"['20150105_23:58:14_GMT-5', '20150106_01:52:06_GMT-5', '20210616_15:30:38_GMT-5']",3.2.9,
aflow:0f8358e0bb48add4,H2Na4O18P6,skipped_existing,E:\work\worklist\pull_file\aflow\aflow_cif\cif\H2Na4O18P6__ICSD__0f8358e0bb48add4.cif,,,aflowlib.duke.edu:AFLOWDATA/ICSD_WEB/TRI/H1Na2O9P3_ICSD_23920,ICSD,"H,Na,O,P",4,30,2,2,aP30,aP30,AB2C9D3_aP30_2_i_2i_9i_3i,AB2C9D3_aP30_2_i_2i_9i_3i,5.246,-2.11881,"['20161011_13:24:53_GMT-4', '20161014_03:52:22_GMT-4', '20210831_01:08:05_GMT-4']",3.2.11,
aflow:0f8b24a8bc8a85ab,C2Na4O6,skipped_existing,E:\work\worklist\pull_file\aflow\aflow_cif\cif\C2Na4O6__ICSD__0f8b24a8bc8a85ab.cif,,,aflowlib.duke.edu:AFLOWDATA/ICSD_WEB/HEX/C1Na2O3_ICSD_81009,ICSD,"C,Na,O",3,12,194,194,hP12,hP12,AB2C3_hP12_194_d_ac_h,AB2C3_hP12_194_d_ac_h,3.1808,-1.73326,"['20140604_02:26:34_GMT-4', '20140604_12:50:13_GMT-4', '20210831_17:14:30_GMT-4']",3.2.11,
aflow:10bbd5743b01eeae,Na8Se12Te4,skipped_existing,E:\work\worklist\pull_file\aflow\aflow_cif\cif\Na8Se12Te4__ICSD__10bbd5743b01eeae.cif,,,aflowlib.duke.edu:AFLOWDATA/ICSD_WEB/MCLC/Na2Se3Te1_ICSD_63011,ICSD,"Na,Se,Te",3,24,15,15,mS48,mS48,A2B3C_mC48_15_2f_3f_f,A2B3C_mC48_15_2f_3f_f,1.1781,-0.636002,"['20160221_16:47:50_GMT-5', '20160302_10:13:06_GMT-5', '20210528_08:24:49_GMT-5']",3.2.9,
aflow:10ecd8298e8dbc83,C2Na4O6,skipped_existing,E:\work\worklist\pull_file\aflow\aflow_cif\cif\C2Na4O6__ICSD__10ecd8298e8dbc83.cif,,,aflowlib.duke.edu:AFLOWDATA/ICSD_WEB/HEX/C1Na2O3_ICSD_81010,ICSD,"C,Na,O",3,12,194,194,hP12,hP12,AB2C3_hP12_194_c_ad_h,AB2C3_hP12_194_c_ad_h,3.1665,-1.73346,"['20140529_19:11:09_GMT-4', '20140530_06:06:46_GMT-4', '20210831_18:18:46_GMT-4']",3.2.11,
aflow:11680cee88fb245f,C4Na4O8,skipped_existing,E:\work\worklist\pull_file\aflow\aflow_cif\cif\C4Na4O8__ICSD__11680cee88fb245f.cif,,,aflowlib.duke.edu:AFLOWDATA/ICSD_WEB/MCL/C2Na2O4_ICSD_56906,ICSD,"C,Na,O",3,16,14,14,mP16,mP16,ABC2_mP16_14_e_e_2e,ABC2_mP16_14_e_e_2e,3.3301,-1.55596,"['20141211_11:48:18_GMT-5', '20141211_20:53:21_GMT-5', '20210901_00:58:48_GMT-4']",3.2.11,
aflow:118974151fecd7b9,F18Na6Si3,skipped_existing,E:\work\worklist\pull_file\aflow\aflow_cif\cif\F18Na6Si3__ICSD__118974151fecd7b9.cif,,,aflowlib.duke.edu:AFLOWDATA/ICSD_WEB/HEX/F6Na2Si1_ICSD_40917,ICSD,"F,Na,Si",3,27,1,150,aP27,hP27,A6B2C_aP27_1_18a_6a_3a,A6B2C_hP27_150_3g_ef_ad,7.0035,-3.10908,"['20140730_16:22:32_GMT-5', '20140801_22:27:24_GMT-5', '20210525_11:40:13_GMT-5']",3.2.9,
aflow:11a8b678e40269bd,Na2O8S2,skipped_existing,E:\work\worklist\pull_file\aflow\aflow_cif\cif\Na2O8S2__ICSD__11a8b678e40269bd.cif,,,aflowlib.duke.edu:AFLOWDATA/ICSD_WEB/TRI/Na2O8S2_ICSD_171374,ICSD,"Na,O,S",3,12,2,2,aP12,aP12,AB4C_aP12_2_i_4i_i,AB4C_aP12_2_i_4i_i,3.5316,-1.44425,"['20150120_06:26:01_GMT-5', '20150120_19:43:57_GMT-5', '20210830_22:58:58_GMT-4']",3.2.11,
aflow:12140c6ce8adc168,Cl4H8Na4O20,skipped_existing,E:\work\worklist\pull_file\aflow\aflow_cif\cif\Cl4H8Na4O20__ICSD__12140c6ce8adc168.cif,,,aflowlib.duke.edu:AFLOWDATA/ICSD_WEB/MCLC/Cl1H2Na1O5_ICSD_23311,ICSD,"Cl,H,Na,O",4,36,15,15,mS72,mS72,AB2CD5_mC72_15_f_2f_ae_5f,AB2CD5_mC72_15_f_2f_ae_5f,5.2651,-0.732909,"['20140810_20:00:37_GMT-4', '20140812_18:02:12_GMT-4', '20210902_13:43:05_GMT-4']",3.2.11,
aflow:13186dddf1290da1,F2H1Na1,skipped_existing,E:\work\worklist\pull_file\aflow\aflow_cif\cif\F2H1Na1__ICSD__13186dddf1290da1.cif,,,aflowlib.duke.edu:AFLOWDATA/ICSD_WEB/RHL/F2H1Na1_ICSD_28380,ICSD,"F,H,Na",3,4,166,166,hR4,hR4,A2BC_hR4_166_c_b_a,A2BC_hR4_166_c_b_a,6.8448,-2.2772,"['20140822_02:44:48_GMT-5', '20140822_04:28:09_GMT-5', '20210531_23:15:44_GMT-5']",3.2.9,
aflow:1354bbef4edd80b3,Cl1Na1,skipped_existing,E:\work\worklist\pull_file\aflow\aflow_cif\cif\Cl1Na1__ICSD__1354bbef4edd80b3.cif,,,aflowlib.duke.edu:AFLOWDATA/ICSD_WEB/FCC/Cl1Na1_ICSD_60280,ICSD,"Cl,Na",2,2,225,225,cF8,cF8,AB_cF8_225_b_a,AB_cF8_225_b_a,5.0564,-1.83903,"['20140925_07:09:21_GMT-5', '20140925_08:27:53_GMT-5', '20210523_03:06:04_GMT-5']",3.2.9,
aflow:14ac6830e001ffc5,H8Na6O14P4,skipped_existing,E:\work\worklist\pull_file\aflow\aflow_cif\cif\H8Na6O14P4__ICSD__14ac6830e001ffc5.cif,,,aflowlib.duke.edu:AFLOWDATA/ICSD_WEB/TRI/H8Na6O14P4_ICSD_79097,ICSD,"H,Na,O,P",4,32,2,2,aP32,aP32,A4B3C7D2_aP32_2_4i_3i_7i_2i,A4B3C7D2_aP32_2_4i_3i_7i_2i,3.5943,-1.68675,"['20161125_05:24:18_GMT-5', '20161128_11:13:02_GMT-5', '20210831_00:52:32_GMT-4']",3.2.11,
aflow:14bea19ded05b9c7,C1Na4O4,skipped_existing,E:\work\worklist\pull_file\aflow\aflow_cif\cif\C1Na4O4__ICSD__14bea19ded05b9c7.cif,,,aflowlib.duke.edu:AFLOWDATA/ICSD_WEB/RHL/C1Na4O4_ICSD_245407,ICSD,"C,Na,O",3,9,160,160,hR9,hR9,AB4C4_hR9_160_a_ab_ab,AB4C4_hR9_160_a_ab_ab,1.5946,-1.31819,"['20150119_06:45:38_GMT-5', '20150119_13:58:58_GMT-5', '20210830_18:22:55_GMT-4']",3.2.11,
aflow:14f447eaeb0d03a7,As8Na4O22,skipped_existing,E:\work\worklist\pull_file\aflow\aflow_cif\cif\As8Na4O22__ICSD__14f447eaeb0d03a7.cif,,,aflowlib.duke.edu:AFLOWDATA/ICSD_WEB/MCLC/As4Na2O11_ICSD_62963,ICSD,"As,Na,O",3,34,15,15,mS68,mS68,A4B2C11_mC68_15_2f_f_e5f,A4B2C11_mC68_15_2f_f_e5f,2.075,-1.34293,"['20150122_04:35:54_GMT-5', '20150124_19:47:04_GMT-5', '20210617_13:32:23_GMT-5']",3.2.9,
aflow:150683842661c0d7,B2H8Na2,skipped_existing,E:\work\worklist\pull_file\aflow\aflow_cif\cif\B2H8Na2__ICSD__150683842661c0d7.cif,,,aflowlib.duke.edu:AFLOWDATA/ICSD_WEB/TET/B1H4Na1_ICSD_167235,ICSD,"B,H,Na",3,12,137,137,tP12,tP12,AB4C_tP12_137_b_g_a,AB4C_tP12_137_b_g_a,6.3236,-0.328233,"['20140614_12:07:34_GMT-5', '20140614_13:46:10_GMT-5', '20210601_06:37:17_GMT-5']",3.2.9,
aflow:1553d305ce318cdf,Cl4Na4O12,skipped_existing,E:\work\worklist\pull_file\aflow\aflow_cif\cif\Cl4Na4O12__ICSD__1553d305ce318cdf.cif,,,aflowlib.duke.edu:AFLOWDATA/ICSD_WEB/CUB/Cl1Na1O3_ICSD_1301,ICSD,"Cl,Na,O",3,20,198,198,cP20,cP20,ABC3_cP20_198_a_a_b,ABC3_cP20_198_a_a_b,5.618,-0.695643,"['20140820_16:31:45_GMT-4', '20140820_22:10:12_GMT-4', '20210901_15:29:34_GMT-4']",3.2.11,
aflow:15806c8d36004935,C1Na4O4,skipped_existing,E:\work\worklist\pull_file\aflow\aflow_cif\cif\C1Na4O4__ICSD__15806c8d36004935.cif,,,aflowlib.duke.edu:AFLOWDATA/ICSD_WEB/MCLC/C1Na4O4_ICSD_245414,ICSD,"C,Na,O",3,9,8,8,mS18,mS18,AB4C4_mC18_8_a_2ab_2ab,AB4C4_mC18_8_a_2ab_2ab,3.1878,-1.41673,"['20140707_02:45:51_GMT-4', '20140707_16:59:28_GMT-4', '20210902_08:28:48_GMT-4']",3.2.11,
aflow:15e9bfd43cbe11ed,Ge4Na8Se12,skipped_existing,E:\work\worklist\pull_file\aflow\aflow_cif\cif\Ge4Na8Se12__ICSD__15e9bfd43cbe11ed.cif,,,aflowlib.duke.edu:AFLOWDATA/ICSD_WEB/MCL/Ge1Na2Se3_ICSD_49003,ICSD,"Ge,Na,Se",3,24,14,14,mP24,mP24,AB2C3_mP24_14_e_2e_3e,AB2C3_mP24_14_e_2e_3e,1.6024,-0.765484,"['20141215_21:20:59_GMT-5', '20141217_15:17:50_GMT-5', '20210527_05:49:38_GMT-5']",3.2.9,
aflow:162d1d0d98c9e53a,F12H4Na8O20S4Te4,skipped_existing,E:\work\worklist\pull_file\aflow\aflow_cif\cif\F12H4Na8O20S4Te4__ICSD__162d1d0d98c9e53a.cif,,,aflowlib.duke.edu:AFLOWDATA/ICSD_WEB/MCL/F3H1Na2O5S1Te1_ICSD_20729,ICSD,"F,H,Na,O,S,Te",6,52,14,14,mP52,mP52,A3BC2D5EF_mP52_14_3e_e_2e_5e_e_e,A3BC2D5EF_mP52_14_3e_e_2e_5e_e_e,3.9053,-1.8055,"['20180507_12:22:48_GMT-4', '20180509_15:08:50_GMT-4', '20210901_03:23:51_GMT-4']",3.2.11,
aflow:1666c34b7d293a53,C2Na4O6,skipped_existing,E:\work\worklist\pull_file\aflow\aflow_cif\cif\C2Na4O6__ICSD__1666c34b7d293a53.cif,,,aflowlib.duke.edu:AFLOWDATA/ICSD_WEB/MCLC/C1Na2O3_ICSD_80991,ICSD,"C,Na,O",3,12,12,12,mS24,mS24,AB2C3_mC24_12_i_aci_ij,AB2C3_mC24_12_i_aci_ij,3.8204,-1.74774,"['20140817_16:10:22_GMT-4', '20140818_16:08:31_GMT-4', '20210902_14:18:11_GMT-4']",3.2.11,
aflow:167ebb47dd3b12d8,B2Na6S6,skipped_existing,E:\work\worklist\pull_file\aflow\aflow_cif\cif\B2Na6S6__ICSD__167ebb47dd3b12d8.cif,,,aflowlib.duke.edu:AFLOWDATA/ICSD_WEB/MCLC/B1Na3S3_ICSD_411608,ICSD,"B,Na,S",3,14,15,15,mS28,mS28,AB3C3_mC28_15_e_af_ef,AB3C3_mC28_15_e_af_ef,2.5759,-0.956663,"['20150107_04:29:00_GMT-5', '20150107_12:44:31_GMT-5', '20210527_17:15:27_GMT-5']",3.2.9,
aflow:176120a123f97e77,N2Na2O6,skipped_existing,E:\work\worklist\pull_file\aflow\aflow_cif\cif\N2Na2O6__ICSD__176120a123f97e77.cif,,,aflowlib.duke.edu:AFLOWDATA/ICSD_WEB/RHL/N1Na1O3_ICSD_92573,ICSD,"N,Na,O",3,10,167,167,hR10,hR10,ABC3_hR10_167_a_b_e,ABC3_hR10_167_a_b_e,2.9681,-0.973844,"['20141024_06:32:19_GMT-4', '20141024_11:43:28_GMT-4', '20210830_17:35:32_GMT-4']",3.2.11,
aflow:17efc4748f614fb1,As1F6Na1,skipped_existing,E:\work\worklist\pull_file\aflow\aflow_cif\cif\As1F6Na1__ICSD__17efc4748f614fb1.cif,,,aflowlib.duke.edu:AFLOWDATA/ICSD_WEB/FCC/As1F6Na1_ICSD_184565,ICSD,"As,F,Na",3,8,225,225,cF32,cF32,AB6C_cF32_225_a_e_b,AB6C_cF32_225_a_e_b,4.9314,-2.39478,"['20141014_15:04:36_GMT-5', '20141014_19:20:37_GMT-5', '20210522_17:26:54_GMT-5']",3.2.9,
aflow:182f848dd10cc403,Cl1Na1,skipped_existing,E:\work\worklist\pull_file\aflow\aflow_cif\cif\Cl1Na1__ICSD__182f848dd10cc403.cif,,,aflowlib.duke.edu:AFLOWDATA/ICSD_WEB/FCC/Cl1Na1_ICSD_181148,ICSD,"Cl,Na",2,2,225,225,cF8,cF8,AB_cF8_225_b_a,AB_cF8_225_b_a,5.0564,-1.83902,"['20140924_19:42:10_GMT-5', '20140924_20:53:41_GMT-5', '20210523_03:02:33_GMT-5']",3.2.9,
aflow:186c151ef89c59b5,As1F6Na1,skipped_existing,E:\work\worklist\pull_file\aflow\aflow_cif\cif\As1F6Na1__ICSD__186c151ef89c59b5.cif,,,aflowlib.duke.edu:AFLOWDATA/ICSD_WEB/FCC/As1F6Na1_ICSD_184564,ICSD,"As,F,Na",3,8,225,225,cF32,cF32,AB6C_cF32_225_a_e_b,AB6C_cF32_225_a_e_b,4.9175,-2.39445,"['20141014_12:35:10_GMT-5', '20141014_17:19:41_GMT-5', '20210707_12:55:08_GMT-5']",3.2.10,
aflow:186ca83186359be5,F2H1Na1,skipped_existing,E:\work\worklist\pull_file\aflow\aflow_cif\cif\F2H1Na1__ICSD__186ca83186359be5.cif,,,aflowlib.duke.edu:AFLOWDATA/ICSD_WEB/RHL/F2H1Na1_ICSD_250328,ICSD,"F,H,Na",3,4,166,166,hR4,hR4,A2BC_hR4_166_c_b_a,A2BC_hR4_166_c_b_a,6.8417,-2.27761,"['20140927_04:44:55_GMT-5', '20140927_07:05:49_GMT-5', '20210531_23:15:24_GMT-5']",3.2.9,
aflow:18ebb85b07a92f89,Cl1Na1,skipped_existing,E:\work\worklist\pull_file\aflow\aflow_cif\cif\Cl1Na1__ICSD__18ebb85b07a92f89.cif,,,aflowlib.duke.edu:AFLOWDATA/ICSD_WEB/FCC/Cl1Na1_ICSD_41439,ICSD,"Cl,Na",2,2,225,225,cF8,cF8,AB_cF8_225_b_a,AB_cF8_225_b_a,5.0561,-1.83905,"['20140612_19:46:04_GMT-5', '20140612_21:12:23_GMT-5', '20210523_03:04:34_GMT-5']",3.2.9,
aflow:195c58c4274631a9,N14Na2P8,skipped_existing,E:\work\worklist\pull_file\aflow\aflow_cif\cif\N14Na2P8__ICSD__195c58c4274631a9.cif,,,aflowlib.duke.edu:AFLOWDATA/ICSD_WEB/MCLC/N7Na1P4_ICSD_410629,ICSD,"N,Na,P",3,24,15,15,mS48,mS48,A7BC4_mC48_15_e3f_e_2f,A7BC4_mC48_15_e3f_e_2f,4.2091,-0.502078,"['20160312_14:38:18_GMT-5', '20160313_17:20:22_GMT-4', '20210902_16:43:11_GMT-4']",3.2.11,
aflow:19637441ae4f3d47,C8N6Na2,skipped_existing,E:\work\worklist\pull_file\aflow\aflow_cif\cif\C8N6Na2__ICSD__19637441ae4f3d47.cif,,,aflowlib.duke.edu:AFLOWDATA/ICSD_WEB/TRI/C4N3Na1_ICSD_31926,ICSD,"C,N,Na",3,16,2,2,aP16,aP16,A4B3C_aP16_2_4i_3i_i,A4B3C_aP16_2_4i_3i_i,3.5477,0.12329,"['20130427_22:55:10_GMT-4', '20130428_06:27:42_GMT-4', '20210831_06:11:34_GMT-4']",3.2.11,
aflow:1a09f0c491342e68,N3Na1,skipped_existing,E:\work\worklist\pull_file\aflow\aflow_cif\cif\N3Na1__ICSD__1a09f0c491342e68.cif,,,aflowlib.duke.edu:AFLOWDATA/ICSD_WEB/RHL/N3Na1_ICSD_28897,ICSD,"N,Na",2,4,166,166,hR4,hR4,A3B_hR4_166_bc_a,A3B_hR4_166_bc_a,4.0101,-0.119654,"['20140804_04:22:12_GMT-4', '20140804_06:12:30_GMT-4', '20210830_17:15:03_GMT-4']",3.2.11,
aflow:1cc91f097f4ab0b8,B4Na12O32P8,skipped_existing,E:\work\worklist\pull_file\aflow\aflow_cif\cif\B4Na12O32P8__ICSD__1cc91f097f4ab0b8.cif,,,aflowlib.duke.edu:AFLOWDATA/ICSD_WEB/TRI/B1Na3O8P2_ICSD_416727,ICSD,"B,Na,O,P",4,56,15,15,mS112,mS112,AB3C8D2_mC112_15_f_2e2f_8f_2f,AB3C8D2_mC112_15_f_2e2f_8f_2f,5.1733,-2.3204,"['20180723_23:43:46_GMT-4', '20180725_04:27:40_GMT-4', '20210831_02:37:06_GMT-4']",3.2.11,
aflow:1cd71114972d46dd,Cl1Na1,skipped_existing,E:\work\worklist\pull_file\aflow\aflow_cif\cif\Cl1Na1__ICSD__1cd71114972d46dd.cif,,,aflowlib.duke.edu:AFLOWDATA/ICSD_WEB/FCC/Cl1Na1_ICSD_52233,ICSD,"Cl,Na",2,2,225,225,cF8,cF8,AB_cF8_225_b_a,AB_cF8_225_b_a,5.0394,-1.8395,"['20140924_21:49:45_GMT-5', '20140924_22:49:53_GMT-5', '20210523_03:04:49_GMT-5']",3.2.9,
aflow:1d4a58ebefd48b3c,C4H4N8Na4,skipped_existing,E:\work\worklist\pull_file\aflow\aflow_cif\cif\C4H4N8Na4__ICSD__1d4a58ebefd48b3c.cif,,,aflowlib.duke.edu:AFLOWDATA/ICSD_WEB/ORC/C1H1N2Na1_ICSD_2495,ICSD,"C,H,N,Na",4,20,57,57,oP20,oP20,ABC2D_oP20_57_d_d_2d_c,ABC2D_oP20_57_d_d_2d_c,4.0384,-0.294858,"['20150104_15:10:36_GMT-5', '20150105_04:41:05_GMT-5', '20210901_21:39:26_GMT-4']",3.2.11,
aflow:1ed96631d1846438,As4Na12S12,skipped_existing,E:\work\worklist\pull_file\aflow\aflow_cif\cif\As4Na12S12__ICSD__1ed96631d1846438.cif,,,aflowlib.duke.edu:AFLOWDATA/ICSD_WEB/CUB/As1Na3S3_ICSD_1036,ICSD,"As,Na,S",3,28,198,198,cP28,cP28,AB3C3_cP28_198_a_3a_b,AB3C3_cP28_198_a_3a_b,2.5147,-0.858353,"['20140619_06:47:59_GMT-5', '20140619_13:00:13_GMT-5', '20210708_06:02:21_GMT-5']",3.2.10,
aflow:1f87c6a20f791f58,F2H1Na1,skipped_existing,E:\work\worklist\pull_file\aflow\aflow_cif\cif\F2H1Na1__ICSD__1f87c6a20f791f58.cif,,,aflowlib.duke.edu:AFLOWDATA/ICSD_WEB/RHL/F2H1Na1_ICSD_415006,ICSD,"F,H,Na",3,4,166,166,hR4,hR4,A2BC_hR4_166_c_b_a,A2BC_hR4_166_c_b_a,6.8417,-2.27761,"['20140926_13:18:52_GMT-5', '20140926_20:46:39_GMT-5', '20210531_23:16:03_GMT-5']",3.2.9,
aflow:1f9964f8d7bf4c57,Na8O28Si12,skipped_existing,E:\work\worklist\pull_file\aflow\aflow_cif\cif\Na8O28Si12__ICSD__1f9964f8d7bf4c57.cif,,,aflowlib.duke.edu:AFLOWDATA/ICSD_WEB/MCL/Na2O7Si3_ICSD_95690,ICSD,"Na,O,Si",3,48,14,14,mP48,mP48,A2B7C3_mP48_14_2e_7e_3e,A2B7C3_mP48_14_2e_7e_3e,4.3128,-2.59439,"['20180415_17:19:30_GMT-5', '20180417_01:05:54_GMT-5', '20210619_04:28:20_GMT-5']",3.2.9,
aflow:1fa7cc68ad47c780,Cl4Na4O12,skipped_existing,E:\work\worklist\pull_file\aflow\aflow_cif\cif\Cl4Na4O12__ICSD__1fa7cc68ad47c780.cif,,,aflowlib.duke.edu:AFLOWDATA/ICSD_WEB/CUB/Cl1Na1O3_ICSD_26684,ICSD,"Cl,Na,O",3,20,198,198,cP20,cP20,ABC3_cP20_198_a_a_b,ABC3_cP20_198_a_a_b,5.6551,-0.695692,"['20140202_13:41:49_GMT-5', '20140202_22:23:20_GMT-5', '20210901_15:32:50_GMT-4']",3.2.11,
aflow:1fb691f125cd0601,N2Na2O6,skipped_existing,E:\work\worklist\pull_file\aflow\aflow_cif\cif\N2Na2O6__ICSD__1fb691f125cd0601.cif,,,aflowlib.duke.edu:AFLOWDATA/ICSD_WEB/RHL/N1Na1O3_ICSD_16709,ICSD,"N,Na,O",3,10,167,167,hR10,hR10,ABC3_hR10_167_a_b_e,ABC3_hR10_167_a_b_e,2.9593,-0.973279,"['20140710_19:01:58_GMT-4', '20140710_23:08:28_GMT-4', '20210830_21:18:56_GMT-4']",3.2.11,
aflow:20a3b149823c6ab8,B4H16Na4,skipped_existing,E:\work\worklist\pull_file\aflow\aflow_cif\cif\B4H16Na4__ICSD__20a3b149823c6ab8.cif,,,aflowlib.duke.edu:AFLOWDATA/ICSD_WEB/ORC/B1H4Na1_ICSD_166446,ICSD,"B,H,Na",3,24,62,62,oP24,oP24,AB4C_oP24_62_c_2cd_c,AB4C_oP24_62_c_2cd_c,6.5525,-0.326078,"['20140603_22:48:31_GMT-5', '20140604_14:39:47_GMT-5', '20210528_16:46:43_GMT-5']",3.2.9,
aflow:2262e9102f53214c,F18Na6Si3,skipped_existing,E:\work\worklist\pull_file\aflow\aflow_cif\cif\F18Na6Si3__ICSD__2262e9102f53214c.cif,,,aflowlib.duke.edu:AFLOWDATA/ICSD_WEB/HEX/F6Na2Si1_ICSD_16598,ICSD,"F,Na,Si",3,27,150,150,hP27,hP27,A6B2C_hP27_150_3g_ef_ad,A6B2C_hP27_150_3g_ef_ad,6.9888,-3.10915,"['20140803_06:22:29_GMT-5', '20140804_19:54:23_GMT-5', '20210525_11:38:02_GMT-5']",3.2.9,
aflow:229155b35ab22f12,N2Na2O6,skipped_existing,E:\work\worklist\pull_file\aflow\aflow_cif\cif\N2Na2O6__ICSD__229155b35ab22f12.cif,,,aflowlib.duke.edu:AFLOWDATA/ICSD_WEB/RHL/N1Na1O3_ICSD_180913,ICSD,"N,Na,O",3,10,167,167,hR10,hR10,ABC3_hR10_167_a_b_e,ABC3_hR10_167_a_b_e,2.9564,-0.973872,"['20141023_12:01:58_GMT-4', '20141023_19:23:32_GMT-4', '20210830_20:30:11_GMT-4']",3.2.11,
aflow:237ed72c6af02231,C1Na4O4,skipped_existing,E:\work\worklist\pull_file\aflow\aflow_cif\cif\C1Na4O4__ICSD__237ed72c6af02231.cif,,,aflowlib.duke.edu:AFLOWDATA/ICSD_WEB/MCLC/C1Na4O4_ICSD_245411,ICSD,"C,Na,O",3,9,5,5,mS18,mS18,AB4C4_mC18_5_a_2c_2c,AB4C4_mC18_5_a_2c_2c,2.192,-1.44715,"['20140801_22:31:39_GMT-4', '20140803_04:05:24_GMT-4', '20210902_15:40:35_GMT-4']",3.2.11,
aflow:2434ad289d13519a,H1Na1,skipped_existing,E:\work\worklist\pull_file\aflow\aflow_cif\cif\H1Na1__ICSD__2434ad289d13519a.cif,,,aflowlib.duke.edu:AFLOWDATA/ICSD_WEB/FCC/H1Na1_ICSD_33670,ICSD,"H,Na",2,2,225,225,cF8,cF8,AB_cF8_225_b_a,AB_cF8_225_b_a,3.8156,-0.193635,"['20150120_08:20:10_GMT-5', '20150120_09:05:54_GMT-5', '20210523_13:24:14_GMT-5']",3.2.9,
aflow:244a2fd8c64e65cd,C2Na4O6,skipped_existing,E:\work\worklist\pull_file\aflow\aflow_cif\cif\C2Na4O6__ICSD__244a2fd8c64e65cd.cif,,,aflowlib.duke.edu:AFLOWDATA/ICSD_WEB/MCLC/C1Na2O3_ICSD_80990,ICSD,"C,Na,O",3,12,12,12,mS24,mS24,AB2C3_mC24_12_i_aci_ij,AB2C3_mC24_12_i_aci_ij,3.824,-1.74783,"['20140724_01:52:49_GMT-4', '20140725_04:25:39_GMT-4', '20210902_10:04:38_GMT-4']",3.2.11,
aflow:253b8b14964c47b7,N2Na2O6,skipped_existing,E:\work\worklist\pull_file\aflow\aflow_cif\cif\N2Na2O6__ICSD__253b8b14964c47b7.cif,,,aflowlib.duke.edu:AFLOWDATA/ICSD_WEB/RHL/N1Na1O3_ICSD_67287,ICSD,"N,Na,O",3,10,167,167,hR10,hR10,ABC3_hR10_167_a_b_e,ABC3_hR10_167_a_b_e,2.956,-0.973976,"['20141024_14:42:08_GMT-4', '20141027_20:13:59_GMT-4', '20210830_17:30:07_GMT-4']",3.2.11,
aflow:25bb82189ada030c,Na8O12Se4,skipped_existing,E:\work\worklist\pull_file\aflow\aflow_cif\cif\Na8O12Se4__ICSD__25bb82189ada030c.cif,,,aflowlib.duke.edu:AFLOWDATA/ICSD_WEB/MCL/Na2O3Se1_ICSD_280941,ICSD,"Na,O,Se",3,24,14,14,mP24,mP24,A2B3C_mP24_14_2e_3e_e,A2B3C_mP24_14_2e_3e_e,4.2405,-1.47171,"['20140919_20:23:22_GMT-5', '20140921_09:20:47_GMT-5', '20210619_04:03:12_GMT-5']",3.2.9,
aflow:260a1544d1a5c672,Na4O8S2,skipped_existing,E:\work\worklist\pull_file\aflow\aflow_cif\cif\Na4O8S2__ICSD__260a1544d1a5c672.cif,,,aflowlib.duke.edu:AFLOWDATA/ICSD_WEB/ORCC/Na2O4S1_ICSD_66554,ICSD,"Na,O,S",3,14,63,63,oS28,oS28,A2B4C_oC28_63_ac_fg_c,A2B4C_oC28_63_ac_fg_c,5.0019,-1.83239,"['20141111_06:21:57_GMT-5', '20141111_14:58:50_GMT-5', '20210831_09:07:29_GMT-4']",3.2.11,
aflow:26900457ce5ddaf2,Na4O8Se2,skipped_existing,E:\work\worklist\pull_file\aflow\aflow_cif\cif\Na4O8Se2__ICSD__26900457ce5ddaf2.cif,,,aflowlib.duke.edu:AFLOWDATA/ICSD_WEB/ORCF/Na2O4Se1_ICSD_15816,ICSD,"Na,O,Se",3,14,70,70,oF56,oF56,A2B4C_oF56_70_g_h_a,A2B4C_oF56_70_g_h_a,3.3314,-1.35653,"['20091226_20:01:58_GMT-5', '20091227_01:18:25_GMT-5', '20210831_23:59:48_GMT-4']",3.2.11,
aflow:27034b38f679fbb6,Br1Na1,skipped_existing,E:\work\worklist\pull_file\aflow\aflow_cif\cif\Br1Na1__ICSD__27034b38f679fbb6.cif,,,aflowlib.duke.edu:AFLOWDATA/ICSD_WEB/FCC/Br1Na1_ICSD_41440,ICSD,"Br,Na",2,2,225,225,cF8,cF8,AB_cF8_225_b_a,AB_cF8_225_b_a,4.1288,-1.60697,"['20140616_22:51:17_GMT-5', '20140616_23:23:10_GMT-5', '20210522_21:57:15_GMT-5']",3.2.9,
aflow:27953042a5e1ff0d,Na6O6,skipped_existing,E:\work\worklist\pull_file\aflow\aflow_cif\cif\Na6O6__ICSD__27953042a5e1ff0d.cif,,,aflowlib.duke.edu:AFLOWDATA/ICSD_WEB/HEX/Na2O2_ICSD_26575,ICSD,"Na,O",2,12,189,189,hP12,hP12,AB_hP12_189_fg_eh,AB_hP12_189_fg_eh,1.7514,-1.08335,"['20140822_10:24:54_GMT-5', '20140822_13:34:40_GMT-5', '20210616_15:20:26_GMT-5']",3.2.9,
aflow:27dac87b18af8021,B1H4Na1,skipped_existing,E:\work\worklist\pull_file\aflow\aflow_cif\cif\B1H4Na1__ICSD__27dac87b18af8021.cif,,,aflowlib.duke.edu:AFLOWDATA/ICSD_WEB/FCC/B1H4Na1_ICSD_182733,ICSD,"B,H,Na",3,6,216,216,cF24,cF24,AB4C_cF24_216_a_e_b,AB4C_cF24_216_b_e_a,6.6303,-0.317252,"['20140930_23:56:37_GMT-5', '20141001_02:12:08_GMT-5', '20210522_18:44:02_GMT-5']",3.2.9,
aflow:281569ec9afc085d,Cl1F1Na6O8S2,skipped_existing,E:\work\worklist\pull_file\aflow\aflow_cif\cif\Cl1F1Na6O8S2__ICSD__281569ec9afc085d.cif,,,aflowlib.duke.edu:AFLOWDATA/ICSD_WEB/FCC/Cl1F1Na6O8S2_ICSD_52291,ICSD,"Cl,F,Na,O,S",5,18,225,225,cF72,cF72,ABC6D8E2_cF72_225_b_a_e_f_c,ABC6D8E2_cF72_225_b_a_e_f_c,4.7919,-1.94769,"['20141122_22:17:03_GMT-5', '20141123_16:48:27_GMT-5', '20210831_22:10:00_GMT-4']",3.2.11,
aflow:281cba5a24b471e7,Na4O12Sb4,skipped_existing,E:\work\worklist\pull_file\aflow\aflow_cif\cif\Na4O12Sb4__ICSD__281cba5a24b471e7.cif,,,aflowlib.duke.edu:AFLOWDATA/ICSD_WEB/ORC/Na1O3Sb1_ICSD_98978,ICSD,"Na,O,Sb",3,20,62,62,oP20,oP20,AB3C_oP20_62_c_cd_a,AB3C_oP20_62_c_cd_a,1.279,-1.61939,"['20150111_10:10:03_GMT-5', '20150111_17:40:44_GMT-5', '20210622_03:22:31_GMT-5']",3.2.9,
aflow:285f07deb1fdc55b,H8N4Na4,skipped_existing,E:\work\worklist\pull_file\aflow\aflow_cif\cif\H8N4Na4__ICSD__285f07deb1fdc55b.cif,,,aflowlib.duke.edu:AFLOWDATA/ICSD_WEB/ORCF/H2N1Na1_ICSD_14007,ICSD,"H,N,Na",3,16,70,70,oF64,oF64,A2BC_oF64_70_h_g_e,A2BC_oF64_70_h_e_f,1.847,-0.36599,"['20150117_05:03:41_GMT-5', '20150118_05:45:24_GMT-5', '20210831_23:35:17_GMT-4']",3.2.11,
aflow:29864c44ffd4584f,C4H8Na8O16,skipped_existing,E:\work\worklist\pull_file\aflow\aflow_cif\cif\C4H8Na8O16__ICSD__29864c44ffd4584f.cif,,,aflowlib.duke.edu:AFLOWDATA/ICSD_WEB/ORC/C1H2Na2O4_ICSD_15959,ICSD,"C,H,Na,O",4,36,29,29,oP36,oP36,AB2C2D4_oP36_29_a_2a_2a_4a,AB2C2D4_oP36_29_a_2a_2a_4a,4.1795,-1.52254,"['20140512_18:45:32_GMT-4', '20140523_21:09:38_GMT-4', '20210902_03:31:24_GMT-4']",3.2.11,
aflow:29edb8ef45c1bb70,C2Na4O6,skipped_existing,E:\work\worklist\pull_file\aflow\aflow_cif\cif\C2Na4O6__ICSD__29edb8ef45c1bb70.cif,,,aflowlib.duke.edu:AFLOWDATA/ICSD_WEB/MCLC/C1Na2O3_ICSD_80993,ICSD,"C,Na,O",3,12,12,12,mS24,mS24,AB2C3_mC24_12_i_aci_ij,AB2C3_mC24_12_i_aci_ij,3.807,-1.74766,"['20140803_08:09:24_GMT-4', '20140804_12:13:19_GMT-4', '20210902_09:14:07_GMT-4']",3.2.11,
aflow:2a0dca28d65b2f87,H8I2Na2O4,skipped_existing,E:\work\worklist\pull_file\aflow\aflow_cif\cif\H8I2Na2O4__ICSD__2a0dca28d65b2f87.cif,,,aflowlib.duke.edu:AFLOWDATA/ICSD_WEB/TRI/H4I1Na1O2_ICSD_23134,ICSD,"H,I,Na,O",4,16,2,2,aP16,aP16,A4BCD2_aP16_2_4i_i_i_2i,A4BCD2_aP16_2_4i_i_i_2i,3.7153,-1.10613,"['20141226_21:01:38_GMT-5', '20141228_14:09:03_GMT-5', '20210831_02:24:17_GMT-4']",3.2.11,
aflow:2aa6824f45ac2d45,Na4O14S4,skipped_existing,E:\work\worklist\pull_file\aflow\aflow_cif\cif\Na4O14S4__ICSD__2aa6824f45ac2d45.cif,,,aflowlib.duke.edu:AFLOWDATA/ICSD_WEB/TRI/Na2O7S2_ICSD_413049,ICSD,"Na,O,S",3,22,2,2,aP22,aP22,A2B7C2_aP22_2_2i_7i_2i,A2B7C2_aP22_2_2i_7i_2i,5.0963,-1.64195,"['20160124_15:44:11_GMT-5', '20160126_07:49:53_GMT-5', '20210831_04:01:56_GMT-4']",3.2.11,
aflow:2b2c17aa7de68b22,Na8O10Te2,skipped_existing,E:\work\worklist\pull_file\aflow\aflow_cif\cif\Na8O10Te2__ICSD__2b2c17aa7de68b22.cif,,,aflowlib.duke.edu:AFLOWDATA/ICSD_WEB/TRI/Na4O5Te1_ICSD_202325,ICSD,"Na,O,Te",3,20,2,2,aP20,aP20,A4B5C_aP20_2_bd3i_5i_i,A4B5C_aP20_2_bd3i_5i_i,1.9893,-1.55214,"['20150122_08:19:18_GMT-5', '20150123_03:59:58_GMT-5', '20210831_06:55:33_GMT-4']",3.2.11,
aflow:2bed22fbf0082a1b,B2H16Na2O14,skipped_existing,E:\work\worklist\pull_file\aflow\aflow_cif\cif\B2H16Na2O14__ICSD__2bed22fbf0082a1b.cif,,,aflowlib.duke.edu:AFLOWDATA/ICSD_WEB/TRI/B2H16Na2O14_ICSD_30532,ICSD,"B,H,Na,O",4,34,2,2,aP34,aP34,AB8CD7_aP34_2_i_8i_ad_7i,AB8CD7_aP34_2_i_8i_ad_7i,3.8726,-1.24642,"['20140307_22:16:19_GMT-5', '20140311_08:12:17_GMT-4', '20210831_01:31:16_GMT-4']",3.2.11,
aflow:2d4573663fd8d213,H2Na2O2,skipped_existing,E:\work\worklist\pull_file\aflow\aflow_cif\cif\H2Na2O2__ICSD__2d4573663fd8d213.cif,,,aflowlib.duke.edu:AFLOWDATA/ICSD_WEB/MCL/H1Na1O1_ICSD_41231,ICSD,"H,Na,O",3,6,11,11,mP6,mP6,ABC_mP6_11_e_e_e,ABC_mP6_11_e_e_e,2.8386,-1.33425,"['20140629_16:14:36_GMT-4', '20140629_20:19:14_GMT-4', '20210901_00:36:59_GMT-4']",3.2.11,
aflow:2d9e6a82d791a4c9,H24Na4O24P4,skipped_existing,E:\work\worklist\pull_file\aflow\aflow_cif\cif\H24Na4O24P4__ICSD__2d9e6a82d791a4c9.cif,,,aflowlib.duke.edu:AFLOWDATA/ICSD_WEB/ORC/H6Na1O6P1_ICSD_66,ICSD,"H,Na,O,P",4,56,19,19,oP56,oP56,A6BC6D_oP56_19_6a_a_6a_a,A6BC6D_oP56_19_6a_a_6a_a,5.2212,-1.49545,"['20140718_21:10:40_GMT-4', '20140722_02:08:27_GMT-4', '20210902_07:28:30_GMT-4']",3.2.11,
aflow:2defbfacddc96a4f,C4Na4O8,skipped_existing,E:\work\worklist\pull_file\aflow\aflow_cif\cif\C4Na4O8__ICSD__2defbfacddc96a4f.cif,,,aflowlib.duke.edu:AFLOWDATA/ICSD_WEB/MCL/C2Na2O4_ICSD_171459,ICSD,"C,Na,O",3,16,14,14,mP16,mP16,ABC2_mP16_14_e_e_2e,ABC2_mP16_14_e_e_2e,3.3875,-1.55648,"['20140609_14:33:35_GMT-4', '20140609_21:41:39_GMT-4', '20210901_02:22:51_GMT-4']",3.2.11,
aflow:2dfdc16627813eb7,Na8S20,skipped_existing,E:\work\worklist\pull_file\aflow\aflow_cif\cif\Na8S20__ICSD__2dfdc16627813eb7.cif,,,aflowlib.duke.edu:AFLOWDATA/ICSD_WEB/ORC/Na2S5_ICSD_38349,ICSD,"Na,S",2,28,62,62,oP28,oP28,A2B5_oP28_62_ac_c2d,A2B5_oP28_62_ac_c2d,1.7579,-0.499418,"['20140805_03:48:57_GMT-5', '20140806_19:01:22_GMT-5', '20210529_20:52:24_GMT-5']",3.2.9,
aflow:2e3942b60ac19e53,N3Na1,skipped_existing,E:\work\worklist\pull_file\aflow\aflow_cif\cif\N3Na1__ICSD__2e3942b60ac19e53.cif,,,aflowlib.duke.edu:AFLOWDATA/ICSD_WEB/RHL/N3Na1_ICSD_34267,ICSD,"N,Na",2,4,166,166,hR4,hR4,A3B_hR4_166_bc_a,A3B_hR4_166_bc_a,3.9889,-0.118477,"['20140818_18:30:03_GMT-4', '20140818_21:21:08_GMT-4', '20210830_17:49:22_GMT-4']",3.2.11,
aflow:2e6543182d93af9f,Na2S1,skipped_existing,E:\work\worklist\pull_file\aflow\aflow_cif\cif\Na2S1__ICSD__2e6543182d93af9f.cif,,,aflowlib.duke.edu:AFLOWDATA/ICSD_WEB/FCC/Na2S1_ICSD_644962,ICSD,"Na,S",2,3,225,225,cF12,cF12,A2B_cF12_225_c_a,A2B_cF12_225_c_a,2.4961,-1.07516,"['20140925_17:30:52_GMT-5', '20140925_18:41:05_GMT-5', '20210523_19:54:48_GMT-5']",3.2.9,
aflow:2eb9aa924f5dc242,H20Na4O10S2,skipped_existing,E:\work\worklist\pull_file\aflow\aflow_cif\cif\H20Na4O10S2__ICSD__2eb9aa924f5dc242.cif,,,aflowlib.duke.edu:AFLOWDATA/ICSD_WEB/ORCC/H10Na2O5S1_ICSD_201545,ICSD,"H,Na,O,S",4,36,63,63,oS72,oS72,A10B2C5D_oC72_63_g2h_ac_ch_c,A10B2C5D_oC72_63_g2h_ac_ch_c,3.3537,-1.06521,"['20170419_16:15:31_GMT-4', '20170419_21:44:49_GMT-4', '20210831_08:12:45_GMT-4']",3.2.11,
aflow:2f322e7829c3dd82,B2H4Na2O14Si4,skipped_existing,E:\work\worklist\pull_file\aflow\aflow_cif\cif\B2H4Na2O14Si4__ICSD__2f322e7829c3dd82.cif,,,aflowlib.duke.edu:AFLOWDATA/ICSD_WEB/MCL/B1H2Na1O7Si2_ICSD_12134,ICSD,"B,H,Na,O,Si",5,26,4,4,mP26,mP26,AB2CD7E2_mP26_4_a_2a_a_7a_2a,AB2CD7E2_mP26_4_a_2a_a_7a_2a,4.0562,-2.16574,"['20140706_15:43:12_GMT-4', '20140708_23:15:27_GMT-4', '20210901_10:18:49_GMT-4']",3.2.11,
aflow:2f4b5e32510830a0,Cl1Na1,skipped_existing,E:\work\worklist\pull_file\aflow\aflow_cif\cif\Cl1Na1__ICSD__2f4b5e32510830a0.cif,,,aflowlib.duke.edu:AFLOWDATA/ICSD_WEB/FCC/Cl1Na1_ICSD_44277,ICSD,"Cl,Na",2,2,225,225,cF8,cF8,AB_cF8_225_b_a,AB_cF8_225_b_a,5.0506,-1.83933,"['20140925_04:28:35_GMT-5', '20140925_05:18:56_GMT-5', '20210523_03:04:37_GMT-5']",3.2.9,
aflow:2fb519205b6bf9c7,B6F12Na6O6,skipped_existing,E:\work\worklist\pull_file\aflow\aflow_cif\cif\B6F12Na6O6__ICSD__2fb519205b6bf9c7.cif,,,aflowlib.duke.edu:AFLOWDATA/ICSD_WEB/MCLC/B3F6Na3O3_ICSD_424505,ICSD,"B,F,Na,O",4,30,15,15,mS60,mS60,AB2CD_mC60_15_ef_3f_af_ef,AB2CD_mC60_15_ef_3f_af_ef,6.2445,-2.76346,"['20161011_06:58:59_GMT-4', '20161012_01:40:58_GMT-4', '20210902_08:59:49_GMT-4']",3.2.11,
aflow:30557516b8984c2b,Na4O6S2,skipped_existing,E:\work\worklist\pull_file\aflow\aflow_cif\cif\Na4O6S2__ICSD__30557516b8984c2b.cif,,,aflowlib.duke.edu:AFLOWDATA/ICSD_WEB/HEX/Na2O3S1_ICSD_4432,ICSD,"Na,O,S",3,12,147,147,hP12,hP12,A2B3C_hP12_147_abd_g_d,A2B3C_hP12_147_abd_g_d,4.9711,-1.69891,"['20141226_12:58:16_GMT-5', '20141227_03:56:07_GMT-5', '20210831_16:25:09_GMT-4']",3.2.11,
aflow:30b515df88e0033e,Na12Sb4Se12,skipped_existing,E:\work\worklist\pull_file\aflow\aflow_cif\cif\Na12Sb4Se12__ICSD__30b515df88e0033e.cif,,,aflowlib.duke.edu:AFLOWDATA/ICSD_WEB/CUB/Na3Sb1Se3_ICSD_425125,ICSD,"Na,Sb,Se",3,28,198,198,cP28,cP28,A3BC3_cP28_198_3a_a_b,A3BC3_cP28_198_3a_a_b,1.9913,-0.875701,"['20150623_18:28:08_GMT-5', '20150624_04:35:05_GMT-5', '20210708_11:01:16_GMT-5']",3.2.10,
aflow:30b9e3cf353e061e,Na2Se1,skipped_existing,E:\work\worklist\pull_file\aflow\aflow_cif\cif\Na2Se1__ICSD__30b9e3cf353e061e.cif,,,aflowlib.duke.edu:AFLOWDATA/ICSD_WEB/FCC/Na2Se1_ICSD_645027,ICSD,"Na,Se",2,3,225,225,cF12,cF12,A2B_cF12_225_c_a,A2B_cF12_225_c_a,2.0632,-1.07414,"['20140926_00:37:41_GMT-5', '20140926_04:10:50_GMT-5', '20210523_19:56:23_GMT-5']",3.2.9,
aflow:30fa9981448d51ad,Cl2Na2O8,skipped_existing,E:\work\worklist\pull_file\aflow\aflow_cif\cif\Cl2Na2O8__ICSD__30fa9981448d51ad.cif,,,aflowlib.duke.edu:AFLOWDATA/ICSD_WEB/ORCC/Cl1Na1O4_ICSD_200405,ICSD,"Cl,Na,O",3,12,63,63,oS24,oS24,ABC4_oC24_63_c_c_fg,ABC4_oC24_63_c_c_fg,5.4438,-0.575712,"['20141029_02:54:46_GMT-4', '20141029_10:11:32_GMT-4', '20210831_07:41:06_GMT-4']",3.2.11,
aflow:3168df06effa6f6b,B2C8N8Na2,skipped_existing,E:\work\worklist\pull_file\aflow\aflow_cif\cif\B2C8N8Na2__ICSD__3168df06effa6f6b.cif,,,aflowlib.duke.edu:AFLOWDATA/ICSD_WEB/FCC/B1C4N4Na1_ICSD_414559,ICSD,"B,C,N,Na",4,20,227,227,cF80,cF80,AB4C4D_cF80_227_a_e_e_b,AB4C4D_cF80_227_b_e_e_a,6.5165,0.0067418,"['20150103_20:46:52_GMT-5', '20150104_14:18:03_GMT-5', '20210831_20:22:41_GMT-4']",3.2.11,
aflow:31d4132a82f531b9,C2Na4O6,skipped_existing,E:\work\worklist\pull_file\aflow\aflow_cif\cif\C2Na4O6__ICSD__31d4132a82f531b9.cif,,,aflowlib.duke.edu:AFLOWDATA/ICSD_WEB/HEX/C1Na2O3_ICSD_81006,ICSD,"C,Na,O",3,12,194,194,hP12,hP12,AB2C3_hP12_194_c_ad_h,AB2C3_hP12_194_c_ad_h,3.1681,-1.73347,"['20141101_01:15:56_GMT-4', '20141101_09:22:52_GMT-4', '20210831_16:51:30_GMT-4']",3.2.11,
aflow:321c2ce314581cb2,Na8O12S8,skipped_existing,E:\work\worklist\pull_file\aflow\aflow_cif\cif\Na8O12S8__ICSD__321c2ce314581cb2.cif,,,aflowlib.duke.edu:AFLOWDATA/ICSD_WEB/MCL/Na2O3S2_ICSD_60026,ICSD,"Na,O,S",3,28,14,14,mP28,mP28,A2B3C2_mP28_14_2e_3e_2e,A2B3C2_mP28_14_2e_3e_2e,3.9107,-1.43361,"['20160707_18:35:12_GMT-4', '20160716_14:27:20_GMT-4', '20210901_03:51:46_GMT-4']",3.2.11,
aflow:32b8511bd4f41e91,C4N4Na4S4,skipped_existing,E:\work\worklist\pull_file\aflow\aflow_cif\cif\C4N4Na4S4__ICSD__32b8511bd4f41e91.cif,,,aflowlib.duke.edu:AFLOWDATA/ICSD_WEB/ORC/C1N1Na1S1_ICSD_22273,ICSD,"C,N,Na,S",4,16,62,62,oP16,oP16,ABCD_oP16_62_c_c_c_c,ABCD_oP16_62_c_c_c_c,4.0568,-0.315115,"['20140816_00:37:50_GMT-4', '20140817_00:45:46_GMT-4', '20210901_23:57:35_GMT-4']",3.2.11,
aflow:32be5ddc2d145d37,C2Na4O6,skipped_existing,E:\work\worklist\pull_file\aflow\aflow_cif\cif\C2Na4O6__ICSD__32be5ddc2d145d37.cif,,,aflowlib.duke.edu:AFLOWDATA/ICSD_WEB/MCLC/C1Na2O3_ICSD_80986,ICSD,"C,Na,O",3,12,12,12,mS24,mS24,AB2C3_mC24_12_i_aci_ij,AB2C3_mC24_12_i_aci_ij,3.8277,-1.74785,"['20140811_20:34:21_GMT-4', '20140812_09:04:02_GMT-4', '20210902_12:14:47_GMT-4']",3.2.11,
aflow:3330dc97b6546b79,Ge2Na8O8,skipped_existing,E:\work\worklist\pull_file\aflow\aflow_cif\cif\Ge2Na8O8__ICSD__3330dc97b6546b79.cif,,,aflowlib.duke.edu:AFLOWDATA/ICSD_WEB/TRI/Ge1Na4O4_ICSD_62595,ICSD,"Ge,Na,O",3,18,2,2,aP18,aP18,AB4C4_aP18_2_i_4i_4i,AB4C4_aP18_2_i_4i_4i,2.8157,-1.7184,"['20141122_22:20:16_GMT-5', '20141126_06:09:58_GMT-5', '20210624_10:18:54_GMT-5']",3.2.9,
aflow:343aceab99f50c5f,Na4O8S2,skipped_existing,E:\work\worklist\pull_file\aflow\aflow_cif\cif\Na4O8S2__ICSD__343aceab99f50c5f.cif,,,aflowlib.duke.edu:AFLOWDATA/ICSD_WEB/ORCC/Na2O4S1_ICSD_100458,ICSD,"Na,O,S",3,14,63,63,oS28,oS28,A2B4C_oC28_63_ac_fg_c,A2B4C_oC28_63_ac_fg_c,4.9995,-1.83243,"['20141111_11:12:32_GMT-5', '20141111_18:13:35_GMT-5', '20210831_08:46:54_GMT-4']",3.2.11,
aflow:34597bd59ffc4957,B4H16Na4,skipped_existing,E:\work\worklist\pull_file\aflow\aflow_cif\cif\B4H16Na4__ICSD__34597bd59ffc4957.cif,,,aflowlib.duke.edu:AFLOWDATA/ICSD_WEB/ORC/B1H4Na1_ICSD_181025,ICSD,"B,H,Na",3,24,62,62,oP24,oP24,AB4C_oP24_62_c_2cd_c,AB4C_oP24_62_c_2cd_c,6.5187,-0.326104,"['20160229_01:34:54_GMT-5', '20160229_08:18:18_GMT-5', '20210528_16:46:50_GMT-5']",3.2.9,
aflow:35c5c4172abaa9db,Na2Te1,skipped_existing,E:\work\worklist\pull_file\aflow\aflow_cif\cif\Na2Te1__ICSD__35c5c4172abaa9db.cif,,,aflowlib.duke.edu:AFLOWDATA/ICSD_WEB/FCC/Na2Te1_ICSD_76553,ICSD,"Na,Te",2,3,225,225,cF12,cF12,A2B_cF12_225_c_a,A2B_cF12_225_c_a,2.0659,-0.937421,"['20140926_06:05:36_GMT-5', '20140926_07:13:02_GMT-5', '20210523_19:58:02_GMT-5']",3.2.9,
aflow:35ccbd70517c2bc4,C4H20Na4O16,skipped_existing,E:\work\worklist\pull_file\aflow\aflow_cif\cif\C4H20Na4O16__ICSD__35ccbd70517c2bc4.cif,,,aflowlib.duke.edu:AFLOWDATA/ICSD_WEB/ORCC/C1H5Na1O4_ICSD_151358,ICSD,"C,H,Na,O",4,44,64,64,oS88,oS88,AB5CD4_oC88_64_f_3fg_d_e3f,AB5CD4_oC88_64_f_3fg_d_e3f,4.7708,-1.15494,"['20170612_20:35:36_GMT-4', '20170612_23:24:35_GMT-4', '20210831_07:49:28_GMT-4']",3.2.11,
aflow:35f87e1e50314457,Br1Na1,skipped_existing,E:\work\worklist\pull_file\aflow\aflow_cif\cif\Br1Na1__ICSD__35f87e1e50314457.cif,,,aflowlib.duke.edu:AFLOWDATA/ICSD_WEB/FCC/Br1Na1_ICSD_61672,ICSD,"Br,Na",2,2,225,225,cF8,cF8,AB_cF8_225_b_a,AB_cF8_225_b_a,4.1296,-1.60673,"['20140512_18:40:14_GMT-5', '20140513_05:41:53_GMT-5', '20210522_21:58:03_GMT-5']",3.2.9,
aflow:3650e2e23f7a952f,Cl4Na4O12,skipped_existing,E:\work\worklist\pull_file\aflow\aflow_cif\cif\Cl4Na4O12__ICSD__3650e2e23f7a952f.cif,,,aflowlib.duke.edu:AFLOWDATA/ICSD_WEB/CUB/Cl1Na1O3_ICSD_31167,ICSD,"Cl,Na,O",3,20,198,198,cP20,cP20,ABC3_cP20_198_a_a_b,ABC3_cP20_198_a_a_b,5.6328,-0.695873,"['20140714_18:05:58_GMT-4', '20140716_00:38:21_GMT-4', '20210901_16:04:27_GMT-4']",3.2.11,
aflow:36bfa7dc86534e84,N3Na1,skipped_existing,E:\work\worklist\pull_file\aflow\aflow_cif\cif\N3Na1__ICSD__36bfa7dc86534e84.cif,,,aflowlib.duke.edu:AFLOWDATA/ICSD_WEB/MCLC/N3Na1_ICSD_155167,ICSD,"N,Na",2,4,12,12,mS8,mS8,A3B_mC8_12_di_a,A3B_mC8_12_di_a,3.9452,-0.119702,"['20181015_23:54:12_GMT-4', '20181016_05:12:24_GMT-4', '20210902_15:44:57_GMT-4']",3.2.11,
aflow:36e1b2faec6f8ffc,Na12Si4Te12,skipped_existing,E:\work\worklist\pull_file\aflow\aflow_cif\cif\Na12Si4Te12__ICSD__36e1b2faec6f8ffc.cif,,,aflowlib.duke.edu:AFLOWDATA/ICSD_WEB/MCL/Na6Si2Te6_ICSD_15579,ICSD,"Na,Si,Te",3,28,14,14,mP28,mP28,A3BC3_mP28_14_3e_e_3e,A3BC3_mP28_14_3e_e_3e,1.8874,-0.677517,"['20100919_17:40:35_GMT-5', '20100920_11:58:05_GMT-5', '20210527_10:57:23_GMT-5']",3.2.9,
aflow:38d378a39f7dd486,Cl4Na4O12,skipped_existing,E:\work\worklist\pull_file\aflow\aflow_cif\cif\Cl4Na4O12__ICSD__38d378a39f7dd486.cif,,,aflowlib.duke.edu:AFLOWDATA/ICSD_WEB/CUB/Cl1Na1O3_ICSD_31056,ICSD,"Cl,Na,O",3,20,198,198,cP20,cP20,ABC3_cP20_198_a_a_b,ABC3_cP20_198_a_a_b,5.756,-0.663113,"['20140826_08:49:57_GMT-4', '20140828_06:53:16_GMT-4', '20210901_15:31:07_GMT-4']",3.2.11,
aflow:38fef703f3ab7781,C1Na4O4,skipped_existing,E:\work\worklist\pull_file\aflow\aflow_cif\cif\C1Na4O4__ICSD__38fef703f3ab7781.cif,,,aflowlib.duke.edu:AFLOWDATA/ICSD_WEB/BCT/C1Na4O4_ICSD_245409,ICSD,"C,Na,O",3,9,121,121,tI18,tI18,AB4C4_tI18_121_a_i_i,AB4C4_tI18_121_a_i_i,3.1399,-1.41872,"['20140820_13:49:19_GMT-4', '20140821_02:30:13_GMT-4', '20210831_10:07:45_GMT-4']",3.2.11,
aflow:395551ddca0b1192,C4H6Na2O10,skipped_existing,E:\work\worklist\pull_file\aflow\aflow_cif\cif\C4H6Na2O10__ICSD__395551ddca0b1192.cif,,,aflowlib.duke.edu:AFLOWDATA/ICSD_WEB/TRI/C2H3Na1O5_ICSD_1296,ICSD,"C,H,Na,O",4,22,2,2,aP22,aP22,A2B3CD5_aP22_2_2i_3i_i_5i,A2B3CD5_aP22_2_2i_3i_i_5i,3.2344,-1.24527,"['20160122_13:13:44_GMT-5', '20160122_17:17:55_GMT-5', '20210831_02:12:22_GMT-4']",3.2.11,
aflow:39ab5e62afdb5ac0,Cl1Na1,skipped_existing,E:\work\worklist\pull_file\aflow\aflow_cif\cif\Cl1Na1__ICSD__39ab5e62afdb5ac0.cif,,,aflowlib.duke.edu:AFLOWDATA/ICSD_WEB/FCC/Cl1Na1_ICSD_622369,ICSD,"Cl,Na",2,2,225,225,cF8,cF8,AB_cF8_225_a_b,AB_cF8_225_a_b,5.0504,-1.83933,"['20140924_08:48:46_GMT-5', '20140924_10:56:50_GMT-5', '20210523_03:06:17_GMT-5']",3.2.9,
aflow:39e2a705e08c993d,F2H1Na1,skipped_existing,E:\work\worklist\pull_file\aflow\aflow_cif\cif\F2H1Na1__ICSD__39e2a705e08c993d.cif,,,aflowlib.duke.edu:AFLOWDATA/ICSD_WEB/RHL/F2H1Na1_ICSD_26870,ICSD,"F,H,Na",3,4,166,166,hR4,hR4,A2BC_hR4_166_c_b_a,A2BC_hR4_166_c_b_a,6.8345,-2.2777,"['20141228_10:54:27_GMT-5', '20141228_12:43:24_GMT-5', '20210531_23:15:23_GMT-5']",3.2.9,
aflow:3a531e5b3aa9205e,B1H4Na1,skipped_existing,E:\work\worklist\pull_file\aflow\aflow_cif\cif\B1H4Na1__ICSD__3a531e5b3aa9205e.cif,,,aflowlib.duke.edu:AFLOWDATA/ICSD_WEB/FCC/B1H4Na1_ICSD_165835,ICSD,"B,H,Na",3,6,216,216,cF24,cF24,AB4C_cF24_216_b_e_a,AB4C_cF24_216_b_e_a,6.6252,-0.317606,"['20140820_13:50:10_GMT-5', '20140820_14:39:50_GMT-5', '20210708_01:03:53_GMT-5']",3.2.10,
aflow:3a9abead8815a8a8,Na6O6,skipped_existing,E:\work\worklist\pull_file\aflow\aflow_cif\cif\Na6O6__ICSD__3a9abead8815a8a8.cif,,,aflowlib.duke.edu:AFLOWDATA/ICSD_WEB/HEX/Na2O2_ICSD_25526,ICSD,"Na,O",2,12,189,189,hP12,hP12,AB_hP12_189_fg_eh,AB_hP12_189_fg_eh,1.7479,-1.08355,"['20150115_10:39:23_GMT-5', '20150115_14:38:55_GMT-5', '20210616_15:20:10_GMT-5']",3.2.9,
aflow:3b50844c3dccdb71,Na4O8S2,skipped_existing,E:\work\worklist\pull_file\aflow\aflow_cif\cif\Na4O8S2__ICSD__3b50844c3dccdb71.cif,,,aflowlib.duke.edu:AFLOWDATA/ICSD_WEB/ORCC/Na2O4S1_ICSD_66556,ICSD,"Na,O,S",3,14,63,63,oS28,oS28,A2B4C_oC28_63_ac_fg_c,A2B4C_oC28_63_ac_fg_c,5.0095,-1.83241,"['20141108_21:00:20_GMT-5', '20141109_11:00:32_GMT-5', '20210831_07:59:49_GMT-4']",3.2.11,
aflow:3bafd23e0c4308d3,Na4O8Se2,skipped_existing,E:\work\worklist\pull_file\aflow\aflow_cif\cif\Na4O8Se2__ICSD__3bafd23e0c4308d3.cif,,,aflowlib.duke.edu:AFLOWDATA/ICSD_WEB/ORCF/Na2O4Se1_ICSD_27656,ICSD,"Na,O,Se",3,14,70,70,oF56,oF56,A2B4C_oF56_70_g_h_a,A2B4C_oF56_70_g_h_a,3.3178,-1.37347,"['20140725_05:21:36_GMT-4', '20140726_10:47:27_GMT-4', '20210831_23:32:25_GMT-4']",3.2.11,
aflow:3c0f58618d0f7be9,Na6O6P2S2,skipped_existing,E:\work\worklist\pull_file\aflow\aflow_cif\cif\Na6O6P2S2__ICSD__3c0f58618d0f7be9.cif,,,aflowlib.duke.edu:AFLOWDATA/ICSD_WEB/RHL/Na3O3P1S1_ICSD_412368,ICSD,"Na,O,P,S",4,16,161,161,hR16,hR16,A3B3CD_hR16_161_b_b_a_a,A3B3CD_hR16_161_b_b_a_a,3.9296,-1.90853,"['20141117_07:55:30_GMT-5', '20141117_21:42:51_GMT-5', '20210830_22:16:10_GMT-4']",3.2.11,
aflow:3e80f4c97588bbaf,C4H4Na4O12,skipped_existing,E:\work\worklist\pull_file\aflow\aflow_cif\cif\C4H4Na4O12__ICSD__3e80f4c97588bbaf.cif,,,aflowlib.duke.edu:AFLOWDATA/ICSD_WEB/MCL/C1H1Na1O3_ICSD_26933,ICSD,"C,H,Na,O",4,24,14,2,mP24,aP24,ABCD3_mP24_14_e_e_e_3e,ABCD3_aP24_2_2i_2i_2i_6i,4.8668,-1.50437,"['20160218_21:30:56_GMT-5', '20160221_10:48:41_GMT-5', '20210901_11:17:55_GMT-4']",3.2.11,
aflow:4086649f9eeb2a00,Cl4H16Na4O8,skipped_existing,E:\work\worklist\pull_file\aflow\aflow_cif\cif\Cl4H16Na4O8__ICSD__4086649f9eeb2a00.cif,,,aflowlib.duke.edu:AFLOWDATA/ICSD_WEB/MCL/Cl1H4Na1O2_ICSD_2313,ICSD,"Cl,H,Na,O",4,32,14,14,mP32,mP32,AB4CD2_mP32_14_e_4e_e_2e,AB4CD2_mP32_14_e_4e_e_2e,4.9515,-1.23143,"['20140910_16:58:07_GMT-4', '20140913_13:45:40_GMT-4', '20210901_01:52:25_GMT-4']",3.2.11,
aflow:41289450dc7674c2,As6Na6O18,skipped_existing,E:\work\worklist\pull_file\aflow\aflow_cif\cif\As6Na6O18__ICSD__41289450dc7674c2.cif,,,aflowlib.duke.edu:AFLOWDATA/ICSD_WEB/TRI/As1Na1O3_ICSD_16654,ICSD,"As,Na,O",3,30,2,2,aP30,aP30,ABC3_aP30_2_3i_3i_9i,ABC3_aP30_2_3i_3i_9i,2.8379,-1.49263,"['20141231_15:10:52_GMT-5', '20150103_20:11:26_GMT-5', '20210624_03:42:42_GMT-5']",3.2.9,
aflow:419271ca5ef1470e,H8N8Na8O16,skipped_existing,E:\work\worklist\pull_file\aflow\aflow_cif\cif\H8N8Na8O16__ICSD__419271ca5ef1470e.cif,,,aflowlib.duke.edu:AFLOWDATA/ICSD_WEB/ORC/H2N2Na2O4_ICSD_10182,ICSD,"H,N,Na,O",4,40,57,57,oP40,oP40,ABCD2_oP40_57_e_2d_ac_c3d,ABCD2_oP40_57_e_2d_ac_c3d,3.0117,-0.865146,"['20140601_21:43:02_GMT-4', '20140603_14:34:39_GMT-4', '20210901_20:45:49_GMT-4']",3.2.11,
aflow:41ab3cd22c3c76e5,Na4S4,skipped_existing,E:\work\worklist\pull_file\aflow\aflow_cif\cif\Na4S4__ICSD__41ab3cd22c3c76e5.cif,,,aflowlib.duke.edu:AFLOWDATA/ICSD_WEB/HEX/Na2S2_ICSD_73173,ICSD,"Na,S",2,8,194,194,hP8,hP8,AB_hP8_194_ac_f,AB_hP8_194_ac_f,1.2419,-0.83447,"['20141014_23:53:39_GMT-5', '20141015_06:09:03_GMT-5', '20210526_01:02:58_GMT-5']",3.2.9,
aflow:42121f97d916d6f4,H2Na4O18P6,skipped_existing,E:\work\worklist\pull_file\aflow\aflow_cif\cif\H2Na4O18P6__ICSD__42121f97d916d6f4.cif,,,aflowlib.duke.edu:AFLOWDATA/ICSD_WEB/TRI/H1Na2O9P3_ICSD_37167,ICSD,"H,Na,O,P",4,30,2,2,aP30,aP30,AB2C9D3_aP30_2_i_2i_9i_3i,AB2C9D3_aP30_2_i_2i_9i_3i,5.21,-2.12365,"['20161015_17:24:51_GMT-4', '20161016_04:43:06_GMT-4', '20210831_03:22:33_GMT-4']",3.2.11,
aflow:431f69747e5a4084,N8Na24O32,skipped_existing,E:\work\worklist\pull_file\aflow\aflow_cif\cif\N8Na24O32__ICSD__431f69747e5a4084.cif,,,aflowlib.duke.edu:AFLOWDATA/ICSD_WEB/ORC/N1Na3O4_ICSD_8143,ICSD,"N,Na,O",3,64,61,61,oP64,oP64,AB3C4_oP64_61_c_3c_4c,AB3C4_oP64_61_c_3c_4c,3.7952,-1.0568,"['20180803_10:24:22_GMT-4', '20180803_18:23:27_GMT-4', '20210902_08:25:40_GMT-4']",3.2.11,
aflow:437b1798c494dbb5,B2H8Na2,skipped_existing,E:\work\worklist\pull_file\aflow\aflow_cif\cif\B2H8Na2__ICSD__437b1798c494dbb5.cif,,,aflowlib.duke.edu:AFLOWDATA/ICSD_WEB/TET/B1H4Na1_ICSD_165708,ICSD,"B,H,Na",3,12,114,114,tP12,tP12,AB4C_tP12_114_b_e_a,AB4C_tP12_114_b_e_a,6.4385,-0.327086,"['20140308_17:22:32_GMT-5', '20140308_18:29:26_GMT-5', '20210601_06:37:16_GMT-5']",3.2.9,
aflow:443a57d0a02bd9ff,C4F12H8Na4O16S4,skipped_existing,E:\work\worklist\pull_file\aflow\aflow_cif\cif\C4F12H8Na4O16S4__ICSD__443a57d0a02bd9ff.cif,,,aflowlib.duke.edu:AFLOWDATA/ICSD_WEB/ORC/C1F3H2Na1O4S1_ICSD_151032,ICSD,"C,F,H,Na,O,S",6,48,62,62,oP48,oP48,AB3C2DE4F_oP48_62_c_cd_d_c_2cd_c,AB3C2DE4F_oP48_62_c_cd_d_c_2cd_c,5.7503,-1.47217,"['20140722_11:51:20_GMT-4', '20140724_01:50:55_GMT-4', '20210901_19:53:24_GMT-4']",3.2.11,
aflow:44ac0af854c2c331,Na2O1,skipped_existing,E:\work\worklist\pull_file\aflow\aflow_cif\cif\Na2O1__ICSD__44ac0af854c2c331.cif,,,aflowlib.duke.edu:AFLOWDATA/ICSD_WEB/FCC/Na2O1_ICSD_644917,ICSD,"Na,O",2,3,225,225,cF12,cF12,A2B_cF12_225_c_a,A2B_cF12_225_c_a,1.925,-1.22398,"['20140925_21:16:12_GMT-5', '20140925_22:08:44_GMT-5', '20210614_12:57:48_GMT-5']",3.2.9,
aflow:457ca668dd533ad5,Cl4Na4O16,skipped_existing,E:\work\worklist\pull_file\aflow\aflow_cif\cif\Cl4Na4O16__ICSD__457ca668dd533ad5.cif,,,aflowlib.duke.edu:AFLOWDATA/ICSD_WEB/ORC/Cl1Na1O4_ICSD_172567,ICSD,"Cl,Na,O",3,24,62,62,oP24,oP24,ABC4_oP24_62_c_c_2cd,ABC4_oP24_62_c_c_2cd,5.2539,-0.549903,"['20160301_18:25:22_GMT-5', '20160303_02:04:14_GMT-5', '20210901_23:32:21_GMT-4']",3.2.11,
aflow:4590fc6b74283e3d,F1Na1,skipped_existing,E:\work\worklist\pull_file\aflow\aflow_cif\cif\F1Na1__ICSD__4590fc6b74283e3d.cif,,,aflowlib.duke.edu:AFLOWDATA/ICSD_WEB/FCC/F1Na1_ICSD_262837,ICSD,"F,Na",2,2,225,225,cF8,cF8,AB_cF8_225_b_a,AB_cF8_225_b_a,6.135,-2.74175,"['20140925_09:05:26_GMT-5', '20140925_09:55:41_GMT-5', '20210707_21:54:02_GMT-5']",3.2.10,
aflow:4799df6a6874bfd2,C12H12N18Na6O6,skipped_existing,E:\work\worklist\pull_file\aflow\aflow_cif\cif\C12H12N18Na6O6__ICSD__4799df6a6874bfd2.cif,,,aflowlib.duke.edu:AFLOWDATA/ICSD_WEB/HEX/C6H6N9Na3O3_ICSD_407808,ICSD,"C,H,N,Na,O",5,54,190,190,hP54,hP54,A2B2C3DE_hP54_190_2h_2h_3h_g_h,A2B2C3DE_hP54_190_2h_2h_3h_g_h,3.8381,-0.471986,"['20180516_13:15:49_GMT-4', '20180516_23:21:16_GMT-4', '20210831_17:20:47_GMT-4']",3.2.11,
aflow:483e0675c700a7fa,Cl4Na4O12,skipped_existing,E:\work\worklist\pull_file\aflow\aflow_cif\cif\Cl4Na4O12__ICSD__483e0675c700a7fa.cif,,,aflowlib.duke.edu:AFLOWDATA/ICSD_WEB/CUB/Cl1Na1O3_ICSD_31121,ICSD,"Cl,Na,O",3,20,198,198,cP20,cP20,ABC3_cP20_198_a_a_b,ABC3_cP20_198_a_a_b,5.6287,-0.695826,"['20140904_13:55:32_GMT-4', '20140904_20:24:35_GMT-4', '20210901_15:29:07_GMT-4']",3.2.11,
aflow:484aa4aa291e7238,I1Na1,skipped_existing,E:\work\worklist\pull_file\aflow\aflow_cif\cif\I1Na1__ICSD__484aa4aa291e7238.cif,,,aflowlib.duke.edu:AFLOWDATA/ICSD_WEB/FCC/I1Na1_ICSD_44279,ICSD,"I,Na",2,2,225,225,cF8,cF8,AB_cF8_225_b_a,AB_cF8_225_b_a,3.6192,-1.27886,"['20141225_16:55:51_GMT-5', '20141225_18:00:01_GMT-5', '20210707_20:45:51_GMT-5']",3.2.10,
aflow:48b0b989a73ee40c,B2F8Na2,skipped_existing,E:\work\worklist\pull_file\aflow\aflow_cif\cif\B2F8Na2__ICSD__48b0b989a73ee40c.cif,,,aflowlib.duke.edu:AFLOWDATA/ICSD_WEB/ORCC/B1F4Na1_ICSD_36067,ICSD,"B,F,Na",3,12,63,63,oS24,oS24,AB4C_oC24_63_c_fg_c,AB4C_oC24_63_c_fg_c,7.8407,-2.97161,"['20140528_20:46:37_GMT-5', '20140528_23:47:42_GMT-5', '20210530_04:19:50_GMT-5']",3.2.9,
aflow:495b3e0a9579c76e,F1Na1,skipped_existing,E:\work\worklist\pull_file\aflow\aflow_cif\cif\F1Na1__ICSD__495b3e0a9579c76e.cif,,,aflowlib.duke.edu:AFLOWDATA/ICSD_WEB/FCC/F1Na1_ICSD_262838,ICSD,"F,Na",2,2,225,225,cF8,cF8,AB_cF8_225_b_a,AB_cF8_225_b_a,6.135,-2.74175,"['20140925_01:14:49_GMT-5', '20140925_02:40:22_GMT-5', '20210523_09:45:52_GMT-5']",3.2.9,
aflow:49859280895f8cb7,B6Na6O12,skipped_existing,E:\work\worklist\pull_file\aflow\aflow_cif\cif\B6Na6O12__ICSD__49859280895f8cb7.cif,,,aflowlib.duke.edu:AFLOWDATA/ICSD_WEB/RHL/B1Na1O2_ICSD_34645,ICSD,"B,Na,O",3,24,167,167,hR24,hR24,ABC2_hR24_167_e_e_2e,ABC2_hR24_167_e_e_2e,4.1423,-2.28788,"['20140903_03:10:59_GMT-5', '20140903_15:32:16_GMT-5', '20210622_10:58:40_GMT-5']",3.2.9,
aflow:499563b54a2acef1,C2Na4O6,skipped_existing,E:\work\worklist\pull_file\aflow\aflow_cif\cif\C2Na4O6__ICSD__499563b54a2acef1.cif,,,aflowlib.duke.edu:AFLOWDATA/ICSD_WEB/MCLC/C1Na2O3_ICSD_80994,ICSD,"C,Na,O",3,12,12,12,mS24,mS24,AB2C3_mC24_12_i_aci_ij,AB2C3_mC24_12_i_aci_ij,3.7646,-1.74697,"['20140516_15:48:06_GMT-4', '20140523_11:18:46_GMT-4', '20210902_13:39:59_GMT-4']",3.2.11,
aflow:49a25838ca97d9b5,Na2Te1,skipped_existing,E:\work\worklist\pull_file\aflow\aflow_cif\cif\Na2Te1__ICSD__49a25838ca97d9b5.cif,,,aflowlib.duke.edu:AFLOWDATA/ICSD_WEB/FCC/Na2Te1_ICSD_656377,ICSD,"Na,Te",2,3,225,225,cF12,cF12,A2B_cF12_225_c_a,A2B_cF12_225_c_a,2.0595,-0.937594,"['20140926_03:56:48_GMT-5', '20140926_06:25:43_GMT-5', '20210523_19:58:02_GMT-5']",3.2.9,
aflow:49b5da7cbad848d1,Na10O20P6,skipped_existing,E:\work\worklist\pull_file\aflow\aflow_cif\cif\Na10O20P6__ICSD__49b5da7cbad848d1.cif,,,aflowlib.duke.edu:AFLOWDATA/ICSD_WEB/MCLC/Na5O10P3_ICSD_16743,ICSD,"Na,O,P",3,36,15,15,mS72,mS72,A5B10C3_mC72_15_c2f_5f_ef,A5B10C3_mC72_15_c2f_5f_ef,4.5555,-2.27035,"['20140828_18:44:14_GMT-4', '20140901_02:51:49_GMT-4', '20210902_09:25:05_GMT-4']",3.2.11,
aflow:4a5437c9fcc94942,B4Na8O10,skipped_existing,E:\work\worklist\pull_file\aflow\aflow_cif\cif\B4Na8O10__ICSD__4a5437c9fcc94942.cif,,,aflowlib.duke.edu:AFLOWDATA/ICSD_WEB/MCLC/B2Na4O5_ICSD_10061,ICSD,"B,Na,O",3,22,15,15,mS44,mS44,A2B4C5_mC44_15_f_2f_e2f,A2B4C5_mC44_15_f_2f_e2f,3.7503,-2.1078,"['20140706_09:16:13_GMT-5', '20140706_19:00:42_GMT-5', '20210617_14:39:12_GMT-5']",3.2.9,
aflow:4a7c0512e468aa9d,C4H4Na4O12,skipped_existing,E:\work\worklist\pull_file\aflow\aflow_cif\cif\C4H4Na4O12__ICSD__4a7c0512e468aa9d.cif,,,aflowlib.duke.edu:AFLOWDATA/ICSD_WEB/MCL/C1H1Na1O3_ICSD_18183,ICSD,"C,H,Na,O",4,24,14,14,mP24,mP24,ABCD3_mP24_14_e_e_e_3e,ABCD3_mP24_14_e_e_e_3e,5.2355,-1.52818,"['20141207_11:32:58_GMT-5', '20141208_02:59:09_GMT-5', '20210901_12:30:13_GMT-4']",3.2.11,
aflow:4c46d4e18c1a1780,As8Na8O16,skipped_existing,E:\work\worklist\pull_file\aflow\aflow_cif\cif\As8Na8O16__ICSD__4c46d4e18c1a1780.cif,,,aflowlib.duke.edu:AFLOWDATA/ICSD_WEB/ORC/As1Na1O2_ICSD_16762,ICSD,"As,Na,O",3,32,61,61,oP32,oP32,ABC2_oP32_61_c_c_2c,ABC2_oP32_61_c_c_2c,3.5858,-1.53214,"['20141217_03:27:18_GMT-5', '20141218_19:31:02_GMT-5', '20210902_06:12:39_GMT-4']",3.2.11,
aflow:4da3055ef3a048f1,C4H10Na6O16,skipped_existing,E:\work\worklist\pull_file\aflow\aflow_cif\cif\C4H10Na6O16__ICSD__4da3055ef3a048f1.cif,,,aflowlib.duke.edu:AFLOWDATA/ICSD_WEB/MCLC/C2H5Na3O8_ICSD_35191,ICSD,"C,H,Na,O",4,36,15,15,mS72,mS72,A2B5C3D8_mC72_15_f_c2f_ef_4f,A2B5C3D8_mC72_15_f_c2f_ef_4f,4.623,-1.44778,"['20140722_13:56:37_GMT-4', '20140726_19:30:50_GMT-4', '20210902_16:29:02_GMT-4']",3.2.11,
aflow:4dca94c442ec8184,B12H16Na2O14S6,skipped_existing,E:\work\worklist\pull_file\aflow\aflow_cif\cif\B12H16Na2O14S6__ICSD__4dca94c442ec8184.cif,,,aflowlib.duke.edu:AFLOWDATA/ICSD_WEB/TRI/B12H16Na2O14S6_ICSD_168493,ICSD,"B,H,Na,O,S",5,50,2,2,aP50,aP50,A6B8CD7E3_aP50_2_6i_8i_i_7i_3i,A6B8CD7E3_aP50_2_6i_8i_i_7i_3i,2.1592,-0.696251,"['20180430_19:17:56_GMT-4', '20180503_04:52:07_GMT-4', '20210831_05:46:30_GMT-4']",3.2.11,
aflow:4e6acb9cbcfb9cee,C2Na4O6,skipped_existing,E:\work\worklist\pull_file\aflow\aflow_cif\cif\C2Na4O6__ICSD__4e6acb9cbcfb9cee.cif,,,aflowlib.duke.edu:AFLOWDATA/ICSD_WEB/HEX/C1Na2O3_ICSD_81005,ICSD,"C,Na,O",3,12,194,194,hP12,hP12,AB2C3_hP12_194_d_ac_h,AB2C3_hP12_194_c_ad_h,3.1745,-1.73344,"['20140512_20:28:03_GMT-4', '20140515_04:32:16_GMT-4', '20210831_18:07:29_GMT-4']",3.2.11,
aflow:4e854ad064797312,F1Na1,skipped_existing,E:\work\worklist\pull_file\aflow\aflow_cif\cif\F1Na1__ICSD__4e854ad064797312.cif,,,aflowlib.duke.edu:AFLOWDATA/ICSD_WEB/FCC/F1Na1_ICSD_53840,ICSD,"F,Na",2,2,225,225,cF8,cF8,AB_cF8_225_b_a,AB_cF8_225_a_b,6.157,-2.74149,"['20140924_14:31:55_GMT-5', '20140924_15:35:51_GMT-5', '20210523_09:46:57_GMT-5']",3.2.9,
aflow:4f19021768a3118a,Cl1Na1,skipped_existing,E:\work\worklist\pull_file\aflow\aflow_cif\cif\Cl1Na1__ICSD__4f19021768a3118a.cif,,,aflowlib.duke.edu:AFLOWDATA/ICSD_WEB/FCC/Cl1Na1_ICSD_41411,ICSD,"Cl,Na",2,2,225,225,cF8,cF8,AB_cF8_225_a_b,AB_cF8_225_a_b,5.0544,-1.83926,"['20140304_23:11:18_GMT-5', '20140304_23:56:46_GMT-5', '20210523_03:04:31_GMT-5']",3.2.9,
aflow:50896353bdda069b,C4H16N12Na4O8S8,skipped_existing,E:\work\worklist\pull_file\aflow\aflow_cif\cif\C4H16N12Na4O8S8__ICSD__50896353bdda069b.cif,,,aflowlib.duke.edu:AFLOWDATA/ICSD_WEB/MCL/C1H4N3Na1O2S2_ICSD_69550,ICSD,"C,H,N,Na,O,S",6,52,14,14,mP52,mP52,AB4C3DE2F2_mP52_14_e_4e_3e_e_2e_2e,AB4C3DE2F2_mP52_14_e_4e_3e_e_2e_2e,2.3586,-0.45238,"['20170803_03:07:27_GMT-4', '20170804_01:40:57_GMT-4', '20210901_05:41:49_GMT-4']",3.2.11,
aflow:5145538f3f62663b,F18Na6Si3,skipped_existing,E:\work\worklist\pull_file\aflow\aflow_cif\cif\F18Na6Si3__ICSD__5145538f3f62663b.cif,,,aflowlib.duke.edu:AFLOWDATA/ICSD_WEB/HEX/F6Na2Si1_ICSD_61274,ICSD,"F,Na,Si",3,27,150,150,hP27,hP27,A6B2C_hP27_150_3g_ef_ad,A6B2C_hP27_150_3g_ef_ad,6.9792,-3.1092,"['20160601_10:48:08_GMT-5', '20160602_05:24:47_GMT-5', '20210525_11:38:53_GMT-5']",3.2.9,
aflow:524299dcf2666961,B2H8Na2,skipped_existing,E:\work\worklist\pull_file\aflow\aflow_cif\cif\B2H8Na2__ICSD__524299dcf2666961.cif,,,aflowlib.duke.edu:AFLOWDATA/ICSD_WEB/TET/B1H4Na1_ICSD_261750,ICSD,"B,H,Na",3,12,137,137,tP12,tP12,AB4C_tP12_137_b_g_a,AB4C_tP12_137_b_g_a,6.3143,-0.328607,"['20141102_05:20:27_GMT-5', '20141102_07:02:28_GMT-5', '20210601_06:37:44_GMT-5']",3.2.9,
aflow:52814fd2c78f5e1e,C2H2Na2O4,skipped_existing,E:\work\worklist\pull_file\aflow\aflow_cif\cif\C2H2Na2O4__ICSD__52814fd2c78f5e1e.cif,,,aflowlib.duke.edu:AFLOWDATA/ICSD_WEB/MCLC/C1H1Na1O2_ICSD_151233,ICSD,"C,H,Na,O",4,10,15,15,mS20,mS20,ABCD2_mC20_15_e_e_e_f,ABCD2_mC20_15_e_e_e_f,4.9152,-1.28339,"['20150514_07:37:07_GMT-4', '20150514_13:03:28_GMT-4', '20210902_17:42:42_GMT-4']",3.2.11,
aflow:529fffd3f6c2c597,Na4O6Si2,skipped_existing,E:\work\worklist\pull_file\aflow\aflow_cif\cif\Na4O6Si2__ICSD__529fffd3f6c2c597.cif,,,aflowlib.duke.edu:AFLOWDATA/ICSD_WEB/ORCC/Na2O3Si1_ICSD_24664,ICSD,"Na,O,Si",3,12,36,36,oS24,oS24,A2B3C_oC24_36_b_ab_a,A2B3C_oC24_36_b_ab_a,3.8904,-2.3719,"['20140827_06:09:41_GMT-5', '20140828_08:41:40_GMT-5', '20210620_22:15:31_GMT-5']",3.2.9,
aflow:530d5e9f1ae34235,C2H2Na2O4,skipped_existing,E:\work\worklist\pull_file\aflow\aflow_cif\cif\C2H2Na2O4__ICSD__530d5e9f1ae34235.cif,,,aflowlib.duke.edu:AFLOWDATA/ICSD_WEB/MCLC/C1H1Na1O2_ICSD_151256,ICSD,"C,H,Na,O",4,10,15,15,mS20,mS20,ABCD2_mC20_15_e_e_e_f,ABCD2_mC20_15_e_e_e_f,4.8262,-1.2827,"['20140825_20:52:09_GMT-4', '20140826_03:07:18_GMT-4', '20210902_13:06:08_GMT-4']",3.2.11,
aflow:53143619b2dcc26d,Cl2H8Na2O12,skipped_existing,E:\work\worklist\pull_file\aflow\aflow_cif\cif\Cl2H8Na2O12__ICSD__53143619b2dcc26d.cif,,,aflowlib.duke.edu:AFLOWDATA/ICSD_WEB/TRI/Cl1H4Na1O6_ICSD_425697,ICSD,"Cl,H,Na,O",4,24,2,2,aP24,aP24,AB4CD6_aP24_2_i_4i_i_6i,AB4CD6_aP24_2_i_4i_i_6i,5.1834,-0.803236,"['20160218_02:00:15_GMT-5', '20160220_02:19:05_GMT-5', '20210831_05:35:44_GMT-4']",3.2.11,
aflow:54006af9495e6e13,Na3S4Sb1,skipped_existing,E:\work\worklist\pull_file\aflow\aflow_cif\cif\Na3S4Sb1__ICSD__54006af9495e6e13.cif,,,aflowlib.duke.edu:AFLOWDATA/ICSD_WEB/BCC/Na3S4Sb1_ICSD_44707,ICSD,"Na,S,Sb",3,8,217,217,cI16,cI16,A3B4C_cI16_217_b_c_a,A3B4C_cI16_217_b_c_a,1.9199,-0.794455,"['20150103_04:29:56_GMT-5', '20150103_05:32:28_GMT-5', '20210520_21:53:34_GMT-5']",3.2.9,
aflow:545a25ff17d7dc78,C1Na4O4,skipped_existing,E:\work\worklist\pull_file\aflow\aflow_cif\cif\C1Na4O4__ICSD__545a25ff17d7dc78.cif,,,aflowlib.duke.edu:AFLOWDATA/ICSD_WEB/RHL/C1Na4O4_ICSD_245416,ICSD,"C,Na,O",3,9,146,146,hR9,hR9,AB4C4_hR9_146_a_ab_ab,AB4C4_hR9_146_a_ab_ab,2.2311,-1.42181,"['20140512_18:40:09_GMT-4', '20140517_06:04:49_GMT-4', '20210830_18:27:49_GMT-4']",3.2.11,
aflow:5477ab0c5a3ac253,Na2Se1,skipped_existing,E:\work\worklist\pull_file\aflow\aflow_cif\cif\Na2Se1__ICSD__5477ab0c5a3ac253.cif,,,aflowlib.duke.edu:AFLOWDATA/ICSD_WEB/FCC/Na2Se1_ICSD_168447,ICSD,"Na,Se",2,3,225,225,cF12,cF12,A2B_cF12_225_c_a,A2B_cF12_225_c_a,2.0641,-1.07393,"['20140925_20:09:29_GMT-5', '20140925_21:23:05_GMT-5', '20210707_18:58:30_GMT-5']",3.2.10,
aflow:548b5de2d8a08706,F1Na1,skipped_existing,E:\work\worklist\pull_file\aflow\aflow_cif\cif\F1Na1__ICSD__548b5de2d8a08706.cif,,,aflowlib.duke.edu:AFLOWDATA/ICSD_WEB/FCC/F1Na1_ICSD_41410,ICSD,"F,Na",2,2,225,225,cF8,cF8,AB_cF8_225_a_b,AB_cF8_225_a_b,6.1624,-2.74142,"['20140903_07:50:29_GMT-5', '20140903_08:30:16_GMT-5', '20210523_09:46:08_GMT-5']",3.2.9,
aflow:557a13fe4fdbe60e,B4H32N8Na4,skipped_existing,E:\work\worklist\pull_file\aflow\aflow_cif\cif\B4H32N8Na4__ICSD__557a13fe4fdbe60e.cif,,,aflowlib.duke.edu:AFLOWDATA/ICSD_WEB/MCL/B1H8N2Na1_ICSD_189248,ICSD,"B,H,N,Na",4,48,14,14,mP48,mP48,AB8C2D_mP48_14_e_8e_2e_e,AB8C2D_mP48_14_e_8e_2e_e,5.1582,-0.218716,"['20170626_22:43:33_GMT-4', '20170627_15:21:02_GMT-4', '20210901_06:19:50_GMT-4']",3.2.11,
aflow:55c9b5e2392c2aeb,H8N4Na4,skipped_existing,E:\work\worklist\pull_file\aflow\aflow_cif\cif\H8N4Na4__ICSD__55c9b5e2392c2aeb.cif,,,aflowlib.duke.edu:AFLOWDATA/ICSD_WEB/ORCF/H2N1Na1_ICSD_34290,ICSD,"H,N,Na",3,16,70,70,oF64,oF64,A2BC_oF64_70_h_g_e,A2BC_oF64_70_h_g_e,1.99,-0.364517,"['20141127_08:26:47_GMT-5', '20141127_23:59:59_GMT-5', '20210901_00:03:49_GMT-4']",3.2.11,
aflow:55d2cbd0f4018884,Cl1Na1,skipped_existing,E:\work\worklist\pull_file\aflow\aflow_cif\cif\Cl1Na1__ICSD__55d2cbd0f4018884.cif,,,aflowlib.duke.edu:AFLOWDATA/ICSD_WEB/FCC/Cl1Na1_ICSD_18189,ICSD,"Cl,Na",2,2,225,225,cF8,cF8,AB_cF8_225_b_a,AB_cF8_225_b_a,5.0535,-1.83884,"['20140416_07:36:19_GMT-5', '20140416_08:11:33_GMT-5', '20210523_03:02:32_GMT-5']",3.2.9,
aflow:56049b892ce40580,C1N1Na1O1,skipped_existing,E:\work\worklist\pull_file\aflow\aflow_cif\cif\C1N1Na1O1__ICSD__56049b892ce40580.cif,,,aflowlib.duke.edu:AFLOWDATA/ICSD_WEB/RHL/C1N1Na1O1_ICSD_27138,ICSD,"C,N,Na,O",4,4,160,160,hR4,hR4,ABCD_hR4_160_a_a_a_a,ABCD_hR4_160_a_a_a_a,4.4612,-0.964414,"['20141229_10:57:33_GMT-5', '20141229_17:16:51_GMT-5', '20210830_21:40:08_GMT-4']",3.2.11,
aflow:565454920d81f22e,H12Na12O20Si4,skipped_existing,E:\work\worklist\pull_file\aflow\aflow_cif\cif\H12Na12O20Si4__ICSD__565454920d81f22e.cif,,,aflowlib.duke.edu:AFLOWDATA/ICSD_WEB/MCL/H3Na3O5Si1_ICSD_68502,ICSD,"H,Na,O,Si",4,48,14,14,mP48,mP48,A3B3C5D_mP48_14_3e_3e_5e_e,A3B3C5D_mP48_14_3e_3e_5e_e,3.9182,-1.79578,"['20180418_09:26:00_GMT-4', '20180419_11:32:25_GMT-4', '20210901_01:08:48_GMT-4']",3.2.11,
aflow:5699b196418c6044,Cl1Na1,skipped_existing,E:\work\worklist\pull_file\aflow\aflow_cif\cif\Cl1Na1__ICSD__5699b196418c6044.cif,,,aflowlib.duke.edu:AFLOWDATA/ICSD_WEB/FCC/Cl1Na1_ICSD_240604,ICSD,"Cl,Na",2,2,225,225,cF8,cF8,AB_cF8_225_b_a,AB_cF8_225_b_a,5.0476,-1.83937,"['20140924_21:43:18_GMT-5', '20140925_00:19:05_GMT-5', '20210523_03:04:19_GMT-5']",3.2.9,
aflow:576647a71aa87684,Na12S12Sb4,skipped_existing,E:\work\worklist\pull_file\aflow\aflow_cif\cif\Na12S12Sb4__ICSD__576647a71aa87684.cif,,,aflowlib.duke.edu:AFLOWDATA/ICSD_WEB/CUB/Na3S3Sb1_ICSD_644966,ICSD,"Na,S,Sb",3,28,198,198,cP28,cP28,A3B3C_cP28_198_3a_b_a,A3B3C_cP28_198_3a_b_a,2.3932,-0.908429,"['20160724_15:40:38_GMT-5', '20160725_01:01:07_GMT-5', '20210522_10:43:44_GMT-5']",3.2.9,
aflow:582950118fa1879a,B2H8Na2,skipped_existing,E:\work\worklist\pull_file\aflow\aflow_cif\cif\B2H8Na2__ICSD__582950118fa1879a.cif,,,aflowlib.duke.edu:AFLOWDATA/ICSD_WEB/MCL/B1H4Na1_ICSD_261751,ICSD,"B,H,Na",3,12,6,6,mP12,mP12,AB4C_mP12_6_ab_2a2b2c_2a,AB4C_mP12_6_ab_2a2b2c_2a,5.456,-0.298321,"['20141102_13:32:05_GMT-5', '20141102_18:30:39_GMT-5', '20210526_16:01:08_GMT-5']",3.2.9,
aflow:5836266608a40421,H7Na5O18Se4,skipped_existing,E:\work\worklist\pull_file\aflow\aflow_cif\cif\H7Na5O18Se4__ICSD__5836266608a40421.cif,,,aflowlib.duke.edu:AFLOWDATA/ICSD_WEB/TRI/H7Na5O18Se4_ICSD_40276,ICSD,"H,Na,O,Se",4,34,2,2,aP34,aP34,A7B5C18D4_aP34_2_b3i_d2i_9i_2i,A7B5C18D4_aP34_2_b3i_d2i_9i_2i,3.3054,-1.13462,"['20150120_08:29:44_GMT-5', '20150123_23:12:45_GMT-5', '20210831_04:29:32_GMT-4']",3.2.11,
aflow:584cfc7d4c44da30,H1Na1,skipped_existing,E:\work\worklist\pull_file\aflow\aflow_cif\cif\H1Na1__ICSD__584cfc7d4c44da30.cif,,,aflowlib.duke.edu:AFLOWDATA/ICSD_WEB/FCC/H1Na1_ICSD_261353,ICSD,"H,Na",2,2,225,225,cF8,cF8,AB_cF8_225_b_a,AB_cF8_225_a_b,3.7974,-0.194304,"['20140924_14:27:31_GMT-5', '20140924_16:03:55_GMT-5', '20210523_13:24:11_GMT-5']",3.2.9,
aflow:597ecaab03e5f678,Na2P4S12Sb2,skipped_existing,E:\work\worklist\pull_file\aflow\aflow_cif\cif\Na2P4S12Sb2__ICSD__597ecaab03e5f678.cif,,,aflowlib.duke.edu:AFLOWDATA/ICSD_WEB/MCL/Na1P2S6Sb1_ICSD_155270,ICSD,"Na,P,S,Sb",4,20,4,4,mP20,mP20,AB2C6D_mP20_4_a_2a_6a_a,AB2C6D_mP20_4_a_2a_6a_a,2.1322,-0.466082,"['20150120_22:12:50_GMT-5', '20150123_05:01:15_GMT-5', '20210527_10:55:00_GMT-5']",3.2.9,
aflow:59a8ccb0d1a2d118,C2Na4O6,skipped_existing,E:\work\worklist\pull_file\aflow\aflow_cif\cif\C2Na4O6__ICSD__59a8ccb0d1a2d118.cif,,,aflowlib.duke.edu:AFLOWDATA/ICSD_WEB/MCLC/C1Na2O3_ICSD_81002,ICSD,"C,Na,O",3,12,12,12,mS24,mS24,AB2C3_mC24_12_i_aci_ij,AB2C3_mC24_12_i_aci_ij,3.7879,-1.74752,"['20140709_16:57:53_GMT-4', '20140710_12:59:35_GMT-4', '20210902_15:35:37_GMT-4']",3.2.11,
aflow:5a1d72050d65f389,Na2S1,skipped_existing,E:\work\worklist\pull_file\aflow\aflow_cif\cif\Na2S1__ICSD__5a1d72050d65f389.cif,,,aflowlib.duke.edu:AFLOWDATA/ICSD_WEB/FCC/Na2S1_ICSD_656376,ICSD,"Na,S",2,3,225,225,cF12,cF12,A2B_cF12_225_c_a,A2B_cF12_225_c_a,2.4898,-1.0753,"['20140925_21:25:47_GMT-5', '20140925_22:24:07_GMT-5', '20210523_19:54:48_GMT-5']",3.2.9,
aflow:5c99a15f3a90ea49,I1Na1,skipped_existing,E:\work\worklist\pull_file\aflow\aflow_cif\cif\I1Na1__ICSD__5c99a15f3a90ea49.cif,,,aflowlib.duke.edu:AFLOWDATA/ICSD_WEB/FCC/I1Na1_ICSD_61502,ICSD,"I,Na",2,2,225,225,cF8,cF8,AB_cF8_225_b_a,AB_cF8_225_b_a,3.618,-1.27923,"['20140924_22:06:34_GMT-5', '20140924_23:44:02_GMT-5', '20210523_14:25:48_GMT-5']",3.2.9,
aflow:5d1da53c027b83fe,Na4O14Sb8,skipped_existing,E:\work\worklist\pull_file\aflow\aflow_cif\cif\Na4O14Sb8__ICSD__5d1da53c027b83fe.cif,,,aflowlib.duke.edu:AFLOWDATA/ICSD_WEB/MCLC/Na2O7Sb4_ICSD_914,ICSD,"Na,O,Sb",3,26,15,15,mS52,mS52,A2B7C4_mC52_15_f_e3f_2f,A2B7C4_mC52_15_f_e3f_2f,3.0673,-1.57257,"['20141231_03:50:21_GMT-5', '20150102_00:01:43_GMT-5', '20210618_13:42:06_GMT-5']",3.2.9,
aflow:5d5735bb264933ff,Cl4Na4O12,skipped_existing,E:\work\worklist\pull_file\aflow\aflow_cif\cif\Cl4Na4O12__ICSD__5d5735bb264933ff.cif,,,aflowlib.duke.edu:AFLOWDATA/ICSD_WEB/CUB/Cl1Na1O3_ICSD_80337,ICSD,"Cl,Na,O",3,20,198,198,cP20,cP20,ABC3_cP20_198_a_a_b,ABC3_cP20_198_a_a_b,5.6253,-0.695857,"['20150321_19:59:05_GMT-4', '20150321_22:36:14_GMT-4', '20210901_14:18:34_GMT-4']",3.2.11,
aflow:5d6a31b55626eeab,F1Na1,skipped_existing,E:\work\worklist\pull_file\aflow\aflow_cif\cif\F1Na1__ICSD__5d6a31b55626eeab.cif,,,aflowlib.duke.edu:AFLOWDATA/ICSD_WEB/FCC/F1Na1_ICSD_29128,ICSD,"F,Na",2,2,225,225,cF8,cF8,AB_cF8_225_b_a,AB_cF8_225_b_a,6.1499,-2.74132,"['20150122_05:40:46_GMT-5', '20150122_06:48:33_GMT-5', '20210523_09:46:02_GMT-5']",3.2.9,
aflow:5da58f1202a47738,C4N4Na4S4,skipped_existing,E:\work\worklist\pull_file\aflow\aflow_cif\cif\C4N4Na4S4__ICSD__5da58f1202a47738.cif,,,aflowlib.duke.edu:AFLOWDATA/ICSD_WEB/ORC/C1N1Na1S1_ICSD_2005,ICSD,"C,N,Na,S",4,16,62,62,oP16,oP16,ABCD_oP16_62_c_c_c_c,ABCD_oP16_62_c_c_c_c,4.1828,-0.374433,"['20140806_20:09:31_GMT-4', '20140808_15:05:48_GMT-4', '20210901_17:57:59_GMT-4']",3.2.11,
aflow:5db73d703b3b7767,Na6P2S8,skipped_existing,E:\work\worklist\pull_file\aflow\aflow_cif\cif\Na6P2S8__ICSD__5db73d703b3b7767.cif,,,aflowlib.duke.edu:AFLOWDATA/ICSD_WEB/TET/Na3P1S4_ICSD_72860,ICSD,"Na,P,S",3,16,114,114,tP16,tP16,A3BC4_tP16_114_ad_b_e,A3BC4_tP16_114_ad_b_e,2.2629,-0.895003,"['20141230_21:25:42_GMT-5', '20141231_00:26:25_GMT-5', '20210601_17:48:47_GMT-5']",3.2.9,
aflow:5f0ac9031192d947,C4Na4O8,skipped_existing,E:\work\worklist\pull_file\aflow\aflow_cif\cif\C4Na4O8__ICSD__5f0ac9031192d947.cif,,,aflowlib.duke.edu:AFLOWDATA/ICSD_WEB/MCL/C2Na2O4_ICSD_171458,ICSD,"C,Na,O",3,16,14,14,mP16,mP16,ABC2_mP16_14_e_e_2e,ABC2_mP16_14_e_e_2e,3.3737,-1.55583,"['20140605_08:03:59_GMT-4', '20140605_22:05:33_GMT-4', '20210901_11:26:37_GMT-4']",3.2.11,
aflow:5f3552ebc765204e,H4Na8O16P4,skipped_existing,E:\work\worklist\pull_file\aflow\aflow_cif\cif\H4Na8O16P4__ICSD__5f3552ebc765204e.cif,,,aflowlib.duke.edu:AFLOWDATA/ICSD_WEB/MCL/H1Na2O4P1_ICSD_81304,ICSD,"H,Na,O,P",4,32,14,14,mP32,mP32,AB2C4D_mP32_14_e_ace_4e_e,AB2C4D_mP32_14_e_ace_4e_e,4.7568,-2.04748,"['20161201_19:53:54_GMT-5', '20161202_18:55:16_GMT-5', '20210901_05:36:44_GMT-4']",3.2.11,
aflow:5fbe3bb9fd1e10e8,C8Na4O8,skipped_existing,E:\work\worklist\pull_file\aflow\aflow_cif\cif\C8Na4O8__ICSD__5fbe3bb9fd1e10e8.cif,,,aflowlib.duke.edu:AFLOWDATA/ICSD_WEB/MCL/C4Na2O4_ICSD_154355,ICSD,"C,Na,O",3,20,14,14,mP20,mP20,A2BC2_mP20_14_2e_e_2e,A2BC2_mP20_14_2e_e_2e,2.4989,-1.02591,"['20140719_10:44:57_GMT-4', '20140720_14:15:44_GMT-4', '20210901_12:27:03_GMT-4']",3.2.11,
aflow:5fd7303c36d270a3,C1Na4O4,skipped_existing,E:\work\worklist\pull_file\aflow\aflow_cif\cif\C1Na4O4__ICSD__5fd7303c36d270a3.cif,,,aflowlib.duke.edu:AFLOWDATA/ICSD_WEB/CUB/C1Na4O4_ICSD_245406,ICSD,"C,Na,O",3,9,215,215,cP9,cP9,AB4C4_cP9_215_a_e_e,AB4C4_cP9_215_a_e_e,2.027,-1.26784,"['20141216_23:49:12_GMT-5', '20141217_00:40:56_GMT-5', '20210901_13:55:13_GMT-4']",3.2.11,
aflow:60589c9b5bd94ff0,Na4O8S4,skipped_existing,E:\work\worklist\pull_file\aflow\aflow_cif\cif\Na4O8S4__ICSD__60589c9b5bd94ff0.cif,,,aflowlib.duke.edu:AFLOWDATA/ICSD_WEB/MCL/Na2O4S2_ICSD_16646,ICSD,"Na,O,S",3,16,13,13,mP16,mP16,AB2C_mP16_13_g_2g_g,AB2C_mP16_13_g_2g_g,2.3388,-1.46913,"['20150104_02:27:09_GMT-5', '20150104_14:41:21_GMT-5', '20210901_04:15:06_GMT-4']",3.2.11,
aflow:606a098dc23f7131,H1Na1,skipped_existing,E:\work\worklist\pull_file\aflow\aflow_cif\cif\H1Na1__ICSD__606a098dc23f7131.cif,,,aflowlib.duke.edu:AFLOWDATA/ICSD_WEB/FCC/H1Na1_ICSD_183291,ICSD,"H,Na",2,2,225,225,cF8,cF8,AB_cF8_225_b_a,AB_cF8_225_b_a,3.7942,-0.194388,"['20140924_19:12:59_GMT-5', '20140924_20:07:37_GMT-5', '20210708_01:15:46_GMT-5']",3.2.10,
aflow:6180576e8d413ead,N2Na2O6,skipped_existing,E:\work\worklist\pull_file\aflow\aflow_cif\cif\N2Na2O6__ICSD__6180576e8d413ead.cif,,,aflowlib.duke.edu:AFLOWDATA/ICSD_WEB/RHL/N1Na1O3_ICSD_15335,ICSD,"N,Na,O",3,10,167,167,hR10,hR10,ABC3_hR10_167_a_b_e,ABC3_hR10_167_a_b_e,2.9498,-0.973805,"['20140831_10:06:57_GMT-4', '20140831_16:59:50_GMT-4', '20210830_19:03:27_GMT-4']",3.2.11,
aflow:6196760fcd177919,N8Na8O8,skipped_existing,E:\work\worklist\pull_file\aflow\aflow_cif\cif\N8Na8O8__ICSD__6196760fcd177919.cif,,,aflowlib.duke.edu:AFLOWDATA/ICSD_WEB/MCL/N2Na2O2_ICSD_405055,ICSD,"N,Na,O",3,24,14,14,mP24,mP24,ABC_mP24_14_2e_2e_2e,ABC_mP24_14_2e_2e_2e,3.3715,-0.756599,"['20140922_03:52:36_GMT-4', '20140924_02:13:26_GMT-4', '20210901_03:16:01_GMT-4']",3.2.11,
aflow:621cf7cf4990f324,H1Na1,skipped_existing,E:\work\worklist\pull_file\aflow\aflow_cif\cif\H1Na1__ICSD__621cf7cf4990f324.cif,,,aflowlib.duke.edu:AFLOWDATA/ICSD_WEB/FCC/H1Na1_ICSD_56073,ICSD,"H,Na",2,2,225,225,cF8,cF8,AB_cF8_225_a_b,AB_cF8_225_a_b,3.8125,-0.193763,"['20140923_00:23:37_GMT-5', '20140923_01:29:26_GMT-5', '20210523_13:24:13_GMT-5']",3.2.9,
aflow:62a2a57862079e3b,C16Na16,skipped_existing,E:\work\worklist\pull_file\aflow\aflow_cif\cif\C16Na16__ICSD__62a2a57862079e3b.cif,,,aflowlib.duke.edu:AFLOWDATA/ICSD_WEB/BCT/C2Na2_ICSD_95834,ICSD,"C,Na",2,32,142,142,tI64,tI64,AB_tI64_142_g_g,AB_tI64_142_g_g,3.5544,0.318528,"['20161028_23:38:26_GMT-5', '20161105_22:05:11_GMT-5', '20210521_06:35:17_GMT-5']",3.2.9,
aflow:63757f4d56bc6129,H4Na2O8S4,skipped_existing,E:\work\worklist\pull_file\aflow\aflow_cif\cif\H4Na2O8S4__ICSD__63757f4d56bc6129.cif,,,aflowlib.duke.edu:AFLOWDATA/ICSD_WEB/MCLC/H4Na2O8S4_ICSD_40833,ICSD,"H,Na,O,S",4,18,5,5,mS36,mS36,A2BC4D2_mC36_5_2c_c_4c_2c,A2BC4D2_mC36_5_2c_c_4c_2c,3.7598,-1.22877,"['20130530_21:19:53_GMT-4', '20130531_09:05:20_GMT-4', '20210902_14:42:06_GMT-4']",3.2.11,
aflow:63cf66001b0d0cb2,F1Na3O4S1,skipped_existing,E:\work\worklist\pull_file\aflow\aflow_cif\cif\F1Na3O4S1__ICSD__63cf66001b0d0cb2.cif,,,aflowlib.duke.edu:AFLOWDATA/ICSD_WEB/RHL/F1Na3O4S1_ICSD_9519,ICSD,"F,Na,O,S",4,9,160,160,hR9,hR9,AB3C4D_hR9_160_a_b_ab_a,AB3C4D_hR9_160_a_b_ab_a,2.2228,-1.7128,"['20150121_13:52:02_GMT-5', '20150121_20:27:08_GMT-5', '20210830_19:40:08_GMT-4']",3.2.11,
aflow:6454e4f00b068452,Na2O1,skipped_existing,E:\work\worklist\pull_file\aflow\aflow_cif\cif\Na2O1__ICSD__6454e4f00b068452.cif,,,aflowlib.duke.edu:AFLOWDATA/ICSD_WEB/FCC/Na2O1_ICSD_60435,ICSD,"Na,O",2,3,225,225,cF12,cF12,A2B_cF12_225_c_a,A2B_cF12_225_c_a,1.9175,-1.22432,"['20150123_20:08:44_GMT-5', '20150123_21:20:56_GMT-5', '20210614_12:57:12_GMT-5']",3.2.9,
aflow:6460fdfb6bb26434,B4H16Na4,skipped_existing,E:\work\worklist\pull_file\aflow\aflow_cif\cif\B4H16Na4__ICSD__6460fdfb6bb26434.cif,,,aflowlib.duke.edu:AFLOWDATA/ICSD_WEB/CUB/B1H4Na1_ICSD_182734,ICSD,"B,H,Na",3,24,215,215,cP24,cP24,AB4C_cP24_215_bd_ei_ac,AB4C_cP24_215_bd_ei_ac,6.539,-0.324809,"['20150623_23:32:14_GMT-5', '20150624_01:34:13_GMT-5', '20210708_05:15:04_GMT-5']",3.2.10,
aflow:64d9f356a7d9b498,Ge4N6Na2,skipped_existing,E:\work\worklist\pull_file\aflow\aflow_cif\cif\Ge4N6Na2__ICSD__64d9f356a7d9b498.cif,,,aflowlib.duke.edu:AFLOWDATA/ICSD_WEB/ORCC/Ge2N3Na1_ICSD_47100,ICSD,"Ge,N,Na",3,12,36,36,oS24,oS24,A2B3C_oC24_36_b_ab_a,A2B3C_oC24_36_b_ab_a,2.2613,-0.200172,"['20130524_04:16:21_GMT-4', '20130524_07:27:39_GMT-4', '20210831_09:43:27_GMT-4']",3.2.11,
aflow:65b359ba03cfc59d,B2H8Na2,skipped_existing,E:\work\worklist\pull_file\aflow\aflow_cif\cif\B2H8Na2__ICSD__65b359ba03cfc59d.cif,,,aflowlib.duke.edu:AFLOWDATA/ICSD_WEB/TET/B1H4Na1_ICSD_181024,ICSD,"B,H,Na",3,12,114,114,tP12,tP12,AB4C_tP12_114_b_e_a,AB4C_tP12_114_b_e_a,6.3224,-0.328403,"['20141102_23:50:50_GMT-5', '20141103_01:51:37_GMT-5', '20210601_06:37:45_GMT-5']",3.2.9,
aflow:6614e71e292bc9ae,F20Na2Sb6,skipped_existing,E:\work\worklist\pull_file\aflow\aflow_cif\cif\F20Na2Sb6__ICSD__6614e71e292bc9ae.cif,,,aflowlib.duke.edu:AFLOWDATA/ICSD_WEB/HEX/F10Na1Sb3_ICSD_1968,ICSD,"F,Na,Sb",3,28,173,173,hP28,hP28,A10BC3_hP28_173_b3c_b_c,A10BC3_hP28_173_b3c_b_c,4.9577,-2.51222,"['20100703_16:30:13_GMT-5', '20100704_02:21:58_GMT-5', '20210525_10:50:30_GMT-5']",3.2.9,
aflow:6617c4cc71298a2e,Na4O6S2,skipped_existing,E:\work\worklist\pull_file\aflow\aflow_cif\cif\Na4O6S2__ICSD__6617c4cc71298a2e.cif,,,aflowlib.duke.edu:AFLOWDATA/ICSD_WEB/HEX/Na2O3S1_ICSD_31816,ICSD,"Na,O,S",3,12,147,147,hP12,hP12,A2B3C_hP12_147_abd_g_d,A2B3C_hP12_147_abd_g_d,4.9314,-1.69871,"['20140726_03:29:06_GMT-4', '20140728_03:50:03_GMT-4', '20210831_17:20:01_GMT-4']",3.2.11,
aflow:67140a2cfa73528a,Na4O8Se2,skipped_existing,E:\work\worklist\pull_file\aflow\aflow_cif\cif\Na4O8Se2__ICSD__67140a2cfa73528a.cif,,,aflowlib.duke.edu:AFLOWDATA/ICSD_WEB/ORCF/Na2O4Se1_ICSD_150706,ICSD,"Na,O,Se",3,14,70,70,oF56,oF56,A2B4C_oF56_70_g_h_a,A2B4C_oF56_70_e_h_a,3.3176,-1.3735,"['20141111_00:12:02_GMT-5', '20141111_12:16:29_GMT-5', '20210831_23:55:55_GMT-4']",3.2.11,
aflow:67474a63bec5a7e8,B12H8Na12O28,skipped_existing,E:\work\worklist\pull_file\aflow\aflow_cif\cif\B12H8Na12O28__ICSD__67474a63bec5a7e8.cif,,,aflowlib.duke.edu:AFLOWDATA/ICSD_WEB/ORC/B3H2Na3O7_ICSD_1939,ICSD,"B,H,Na,O",4,60,62,62,oP60,oP60,A3B2C3D7_oP60_62_3c_d_cd_5cd,A3B2C3D7_oP60_62_3c_d_cd_5cd,4.538,-2.05851,"['20140526_02:21:10_GMT-4', '20140529_18:58:36_GMT-4', '20210902_04:19:02_GMT-4']",3.2.11,
aflow:686cb45f3f39d5ef,C2N2Na2,skipped_existing,E:\work\worklist\pull_file\aflow\aflow_cif\cif\C2N2Na2__ICSD__686cb45f3f39d5ef.cif,,,aflowlib.duke.edu:AFLOWDATA/ICSD_WEB/ORC/C1N1Na1_ICSD_77172,ICSD,"C,N,Na",3,6,59,59,oP6,oP6,ABC_oP6_59_a_a_b,ABC_oP6_59_a_a_b,5.0443,-0.191152,"['20110912_08:34:28_GMT-4', '20110912_12:11:17_GMT-4', '20210902_00:24:45_GMT-4']",3.2.11,
aflow:69033b546b6fa455,As8Na8O16,skipped_existing,E:\work\worklist\pull_file\aflow\aflow_cif\cif\As8Na8O16__ICSD__69033b546b6fa455.cif,,,aflowlib.duke.edu:AFLOWDATA/ICSD_WEB/ORC/As1Na1O2_ICSD_59813,ICSD,"As,Na,O",3,32,61,61,oP32,oP32,ABC2_oP32_61_c_c_2c,ABC2_oP32_61_c_c_2c,3.5218,-1.53261,"['20140714_10:44:14_GMT-4', '20140717_08:49:01_GMT-4', '20210902_05:10:59_GMT-4']",3.2.11,
aflow:690a9b0e5345ec5c,F1Na1,skipped_existing,E:\work\worklist\pull_file\aflow\aflow_cif\cif\F1Na1__ICSD__690a9b0e5345ec5c.cif,,,aflowlib.duke.edu:AFLOWDATA/ICSD_WEB/FCC/F1Na1_ICSD_53821,ICSD,"F,Na",2,2,225,225,cF8,cF8,AB_cF8_225_b_a,AB_cF8_225_a_b,6.1348,-2.74175,"['20140925_06:13:37_GMT-5', '20140925_07:02:56_GMT-5', '20210523_09:46:54_GMT-5']",3.2.9,
aflow:698d76cd9ac39b8e,Ge4Na12Se12,skipped_existing,E:\work\worklist\pull_file\aflow\aflow_cif\cif\Ge4Na12Se12__ICSD__698d76cd9ac39b8e.cif,,,aflowlib.duke.edu:AFLOWDATA/ICSD_WEB/MCL/Ge2Na6Se6_ICSD_61400,ICSD,"Ge,Na,Se",3,28,14,14,mP28,mP28,AB3C3_mP28_14_e_3e_3e,AB3C3_mP28_14_e_3e_3e,1.8811,-0.872329,"['20141206_13:43:55_GMT-5', '20141210_03:50:13_GMT-5', '20210527_06:00:29_GMT-5']",3.2.9,
aflow:6bb214f49dd87f90,C2Na4O6,skipped_existing,E:\work\worklist\pull_file\aflow\aflow_cif\cif\C2Na4O6__ICSD__6bb214f49dd87f90.cif,,,aflowlib.duke.edu:AFLOWDATA/ICSD_WEB/MCLC/C1Na2O3_ICSD_80985,ICSD,"C,Na,O",3,12,12,12,mS24,mS24,AB2C3_mC24_12_i_aci_ij,AB2C3_mC24_12_i_aci_ij,3.8476,-1.74745,"['20140826_21:58:32_GMT-4', '20140827_11:46:20_GMT-4', '20210902_11:07:20_GMT-4']",3.2.11,
aflow:6c1834465c390db4,Na8S4,skipped_existing,E:\work\worklist\pull_file\aflow\aflow_cif\cif\Na8S4__ICSD__6c1834465c390db4.cif,,,aflowlib.duke.edu:AFLOWDATA/ICSD_WEB/ORC/Na2S1_ICSD_92771,ICSD,"Na,S",2,12,62,62,oP12,oP12,A2B_oP12_62_2c_c,A2B_oP12_62_2c_c,2.176,-1.03586,"['20141211_00:03:20_GMT-5', '20141211_07:19:03_GMT-5', '20210622_03:29:34_GMT-5']",3.2.9,
aflow:6c27246de9eb8770,Na2O6Sb2,skipped_existing,E:\work\worklist\pull_file\aflow\aflow_cif\cif\Na2O6Sb2__ICSD__6c27246de9eb8770.cif,,,aflowlib.duke.edu:AFLOWDATA/ICSD_WEB/RHL/Na1O3Sb1_ICSD_78416,ICSD,"Na,O,Sb",3,10,148,148,hR10,hR10,AB3C_hR10_148_c_f_c,AB3C_hR10_148_c_f_c,2.6894,-1.71199,"['20141024_21:18:38_GMT-5', '20141025_05:28:46_GMT-5', '20210623_15:20:35_GMT-5']",3.2.9,
aflow:6d6ffda2f9dfa751,Na12S12Sb4,skipped_existing,E:\work\worklist\pull_file\aflow\aflow_cif\cif\Na12S12Sb4__ICSD__6d6ffda2f9dfa751.cif,,,aflowlib.duke.edu:AFLOWDATA/ICSD_WEB/CUB/Na3S3Sb1_ICSD_425458,ICSD,"Na,S,Sb",3,28,198,198,cP28,cP28,A3B3C_cP28_198_3a_b_a,A3B3C_cP28_198_3a_b_a,2.3956,-0.908489,"['20150623_17:32:46_GMT-5', '20150624_00:56:44_GMT-5', '20210708_14:26:40_GMT-5']",3.2.10,
aflow:6de01b42a8dc3ea1,H8Na4O14Te4,skipped_existing,E:\work\worklist\pull_file\aflow\aflow_cif\cif\H8Na4O14Te4__ICSD__6de01b42a8dc3ea1.cif,,,aflowlib.duke.edu:AFLOWDATA/ICSD_WEB/TRI/H4Na2O7Te2_ICSD_26536,ICSD,"H,Na,O,Te",4,30,2,2,aP30,aP30,A4B2C7D2_aP30_2_4i_2i_7i_2i,A4B2C7D2_aP30_2_4i_2i_7i_2i,3.6908,-1.25822,"['20161008_10:02:45_GMT-4', '20161011_13:03:33_GMT-4', '20210831_05:33:41_GMT-4']",3.2.11,
aflow:6ec8c0f4107a7116,Na2O16Sb10,skipped_existing,E:\work\worklist\pull_file\aflow\aflow_cif\cif\Na2O16Sb10__ICSD__6ec8c0f4107a7116.cif,,,aflowlib.duke.edu:AFLOWDATA/ICSD_WEB/TRI/Na1O8Sb5_ICSD_28494,ICSD,"Na,O,Sb",3,28,2,2,aP28,aP28,AB8C5_aP28_2_i_8i_5i,AB8C5_aP28_2_i_8i_5i,2.6962,-1.50538,"['20141226_10:53:02_GMT-5', '20141230_14:21:34_GMT-5', '20210624_12:32:29_GMT-5']",3.2.9,
aflow:70abc6946830a543,N8Na8O8,skipped_existing,E:\work\worklist\pull_file\aflow\aflow_cif\cif\N8Na8O8__ICSD__70abc6946830a543.cif,,,aflowlib.duke.edu:AFLOWDATA/ICSD_WEB/MCL/N2Na2O2_ICSD_66978,ICSD,"N,Na,O",3,24,14,14,mP24,mP24,ABC_mP24_14_2e_2e_2e,ABC_mP24_14_2e_2e_2e,3.3747,-0.75646,"['20150109_21:40:55_GMT-5', '20150110_16:11:30_GMT-5', '20210901_07:26:33_GMT-4']",3.2.11,
aflow:70d85fb1e297f47d,I1Na1,skipped_existing,E:\work\worklist\pull_file\aflow\aflow_cif\cif\I1Na1__ICSD__70d85fb1e297f47d.cif,,,aflowlib.duke.edu:AFLOWDATA/ICSD_WEB/FCC/I1Na1_ICSD_61503,ICSD,"I,Na",2,2,225,225,cF8,cF8,AB_cF8_225_b_a,AB_cF8_225_b_a,3.6184,-1.27921,"['20140925_11:06:44_GMT-5', '20140925_13:32:25_GMT-5', '20210523_14:25:55_GMT-5']",3.2.9,
aflow:710407281bba71b8,C8H12Na4O14,skipped_existing,E:\work\worklist\pull_file\aflow\aflow_cif\cif\C8H12Na4O14__ICSD__710407281bba71b8.cif,,,aflowlib.duke.edu:AFLOWDATA/ICSD_WEB/MCLC/C4H6Na2O7_ICSD_151153,ICSD,"C,H,Na,O",4,38,15,15,mS76,mS76,A4B6C2D7_mC76_15_2f_3f_f_e3f,A4B6C2D7_mC76_15_2f_3f_f_e3f,2.7688,-1.0354,"['20170429_19:22:25_GMT-4', '20170501_02:12:14_GMT-4', '20210902_17:22:24_GMT-4']",3.2.11,
aflow:733a2c76342ca03a,Ge2Na2O10Sb2,skipped_existing,E:\work\worklist\pull_file\aflow\aflow_cif\cif\Ge2Na2O10Sb2__ICSD__733a2c76342ca03a.cif,,,aflowlib.duke.edu:AFLOWDATA/ICSD_WEB/MCLC/Ge1Na1O5Sb1_ICSD_39689,ICSD,"Ge,Na,O,Sb",4,16,15,15,mS32,mS32,ABC5D_mC32_15_e_e_e2f_c,ABC5D_mC32_15_e_e_e2f_c,1.9312,-1.68544,"['20140702_21:31:24_GMT-5', '20140703_21:18:26_GMT-5', '20210618_05:44:57_GMT-5']",3.2.9,
aflow:734b308a9fb62b69,Ge4Na8S12,skipped_existing,E:\work\worklist\pull_file\aflow\aflow_cif\cif\Ge4Na8S12__ICSD__734b308a9fb62b69.cif,,,aflowlib.duke.edu:AFLOWDATA/ICSD_WEB/MCL/Ge1Na2S3_ICSD_653637,ICSD,"Ge,Na,S",3,24,14,14,mP24,mP24,AB2C3_mP24_14_e_2e_3e,AB2C3_mP24_14_e_2e_3e,2.4678,-0.843801,"['20130522_17:04:33_GMT-5', '20130523_14:20:05_GMT-5', '20210527_05:48:33_GMT-5']",3.2.9,
aflow:745be17d3f581488,B2F8Na2,skipped_existing,E:\work\worklist\pull_file\aflow\aflow_cif\cif\B2F8Na2__ICSD__745be17d3f581488.cif,,,aflowlib.duke.edu:AFLOWDATA/ICSD_WEB/ORCC/B1F4Na1_ICSD_30349,ICSD,"B,F,Na",3,12,63,63,oS24,oS24,AB4C_oC24_63_c_fg_c,AB4C_oC24_63_c_fg_c,7.8271,-2.97059,"['20140714_10:18:30_GMT-5', '20140715_00:47:35_GMT-5', '20210530_04:19:25_GMT-5']",3.2.9,
aflow:747743cdba051dc5,C1N2Na2,skipped_existing,E:\work\worklist\pull_file\aflow\aflow_cif\cif\C1N2Na2__ICSD__747743cdba051dc5.cif,,,aflowlib.duke.edu:AFLOWDATA/ICSD_WEB/MCLC/C1N2Na2_ICSD_411341,ICSD,"C,N,Na",3,5,12,12,mS10,mS10,AB2C2_mC10_12_a_i_i,AB2C2_mC10_12_a_i_i,3.0533,-0.471052,"['20150109_12:59:28_GMT-5', '20150109_15:11:36_GMT-5', '20210902_12:33:24_GMT-4']",3.2.11,
aflow:74c981a95255f67e,Na2O1,skipped_existing,E:\work\worklist\pull_file\aflow\aflow_cif\cif\Na2O1__ICSD__74c981a95255f67e.cif,,,aflowlib.duke.edu:AFLOWDATA/ICSD_WEB/FCC/Na2O1_ICSD_180570,ICSD,"Na,O",2,3,225,225,cF12,cF12,A2B_cF12_225_c_a,A2B_cF12_225_c_a,1.9195,-1.22424,"['20140926_00:38:06_GMT-5', '20140926_01:53:06_GMT-5', '20210707_15:25:06_GMT-5']",3.2.10,
aflow:76570a548101f487,As8Na8O16,skipped_existing,E:\work\worklist\pull_file\aflow\aflow_cif\cif\As8Na8O16__ICSD__76570a548101f487.cif,,,aflowlib.duke.edu:AFLOWDATA/ICSD_WEB/ORC/As1Na1O2_ICSD_413148,ICSD,"As,Na,O",3,32,61,61,oP32,oP32,ABC2_oP32_61_c_c_2c,ABC2_oP32_61_c_c_2c,3.6005,-1.53381,"['20140707_03:33:18_GMT-4', '20140710_04:32:13_GMT-4', '20210902_06:44:43_GMT-4']",3.2.11,
aflow:77135af6982d8599,Cl12Na2Sb2,skipped_existing,E:\work\worklist\pull_file\aflow\aflow_cif\cif\Cl12Na2Sb2__ICSD__77135af6982d8599.cif,,,aflowlib.duke.edu:AFLOWDATA/ICSD_WEB/TET/Cl6Na1Sb1_ICSD_36517,ICSD,"Cl,Na,Sb",3,16,84,84,tP16,tP16,A6BC_tP16_84_jk_e_c,A6BC_tP16_84_jk_e_c,2.0426,-1.04956,"['20091028_03:56:03_GMT-5', '20091028_12:59:18_GMT-5', '20210601_11:23:33_GMT-5']",3.2.9,
aflow:7714bde0cc0c4497,Na2S1,skipped_existing,E:\work\worklist\pull_file\aflow\aflow_cif\cif\Na2S1__ICSD__7714bde0cc0c4497.cif,,,aflowlib.duke.edu:AFLOWDATA/ICSD_WEB/FCC/Na2S1_ICSD_60436,ICSD,"Na,S",2,3,225,225,cF12,cF12,A2B_cF12_225_c_a,A2B_cF12_225_c_a,2.4863,-1.07538,"['20140925_19:52:20_GMT-5', '20140925_21:24:04_GMT-5', '20210523_19:53:17_GMT-5']",3.2.9,
aflow:7857327b8491ea81,B2C8Na2O16,skipped_existing,E:\work\worklist\pull_file\aflow\aflow_cif\cif\B2C8Na2O16__ICSD__7857327b8491ea81.cif,,,aflowlib.duke.edu:AFLOWDATA/ICSD_WEB/ORCC/B1C4Na1O8_ICSD_281622,ICSD,"B,C,Na,O",4,28,63,63,oS56,oS56,AB4CD8_oC56_63_c_fg_c_2f2g,AB4CD8_oC56_63_c_fg_c_2f2g,3.5267,-1.46186,"['20140613_01:59:04_GMT-4', '20140613_17:35:18_GMT-4', '20210831_08:47:10_GMT-4']",3.2.11,
aflow:7913e221d143d065,C8N12Na4,skipped_existing,E:\work\worklist\pull_file\aflow\aflow_cif\cif\C8N12Na4__ICSD__7913e221d143d065.cif,,,aflowlib.duke.edu:AFLOWDATA/ICSD_WEB/MCL/C2N3Na1_ICSD_280187,ICSD,"C,N,Na",3,24,14,14,mP24,mP24,A2B3C_mP24_14_2e_3e_e,A2B3C_mP24_14_2e_3e_e,1.3983,-0.0173017,"['20160409_21:24:17_GMT-4', '20160411_21:33:17_GMT-4', '20210901_00:56:00_GMT-4']",3.2.11,
aflow:79a9ae81c5143894,C1Na4O4,skipped_existing,E:\work\worklist\pull_file\aflow\aflow_cif\cif\C1Na4O4__ICSD__79a9ae81c5143894.cif,,,aflowlib.duke.edu:AFLOWDATA/ICSD_WEB/RHL/C1Na4O4_ICSD_245415,ICSD,"C,Na,O",3,9,146,146,hR9,hR9,AB4C4_hR9_146_a_ab_ab,AB4C4_hR9_146_a_ab_ab,1.9646,-1.2667,"['20140526_02:03:59_GMT-4', '20140526_13:16:33_GMT-4', '20210830_19:21:55_GMT-4']",3.2.11,
aflow:7a136fd411c5d985,Ge4Na2O24P6,skipped_existing,E:\work\worklist\pull_file\aflow\aflow_cif\cif\Ge4Na2O24P6__ICSD__7a136fd411c5d985.cif,,,aflowlib.duke.edu:AFLOWDATA/ICSD_WEB/RHL/Ge2Na1O12P3_ICSD_164019,ICSD,"Ge,Na,O,P",4,36,148,148,hR36,hR36,A2BC12D3_hR36_148_2c_ab_4f_f,A2BC12D3_hR36_148_2c_ab_4f_f,3.7664,-2.04558,"['20170420_08:56:01_GMT-4', '20170421_02:32:01_GMT-4', '20210830_20:21:53_GMT-4']",3.2.11,
aflow:7a3f86684342796e,B8Na8S20,skipped_existing,E:\work\worklist\pull_file\aflow\aflow_cif\cif\B8Na8S20__ICSD__7a3f86684342796e.cif,,,aflowlib.duke.edu:AFLOWDATA/ICSD_WEB/ORC/B2Na2S5_ICSD_401724,ICSD,"B,Na,S",3,36,62,62,oP36,oP36,A2B2C5_oP36_62_2c_d_5c,A2B2C5_oP36_62_2c_d_5c,2.6121,-0.701839,"['20140823_09:58:48_GMT-5', '20140825_23:04:35_GMT-5', '20210528_17:20:59_GMT-5']",3.2.9,
aflow:7aa6a4a0d04e9de2,Na10O20P6,skipped_existing,E:\work\worklist\pull_file\aflow\aflow_cif\cif\Na10O20P6__ICSD__7aa6a4a0d04e9de2.cif,,,aflowlib.duke.edu:AFLOWDATA/ICSD_WEB/MCLC/Na5O10P3_ICSD_25837,ICSD,"Na,O,P",3,36,15,15,mS72,mS72,A5B10C3_mC72_15_a2f_5f_ef,A5B10C3_mC72_15_a2f_5f_ef,4.5799,-2.26631,"['20140705_09:36:28_GMT-4', '20140706_15:41:54_GMT-4', '20210902_17:04:43_GMT-4']",3.2.11,
aflow:7c02488c67d7d489,C4F12Na4O8Sb4,skipped_existing,E:\work\worklist\pull_file\aflow\aflow_cif\cif\C4F12Na4O8Sb4__ICSD__7c02488c67d7d489.cif,,,aflowlib.duke.edu:AFLOWDATA/ICSD_WEB/MCLC/C2F6Na2O4Sb2_ICSD_200225,ICSD,"C,F,Na,O,Sb",5,32,9,9,mS64,mS64,AB3CD2E_mC64_9_2a_6a_2a_4a_2a,AB3CD2E_mC64_9_2a_6a_2a_4a_2a,3.0761,-2.03475,"['20140908_14:07:24_GMT-4', '20140909_21:20:37_GMT-4', '20210902_11:34:01_GMT-4']",3.2.11,
aflow:7c31d1a56e51ca23,Na12O12Sb4,skipped_existing,E:\work\worklist\pull_file\aflow\aflow_cif\cif\Na12O12Sb4__ICSD__7c31d1a56e51ca23.cif,,,aflowlib.duke.edu:AFLOWDATA/ICSD_WEB/BCC/Na3O3Sb1_ICSD_23346,ICSD,"Na,O,Sb",3,28,217,217,cI56,cI56,A3B3C_cI56_217_g_g_c,A3B3C_cI56_217_g_g_c,3.0878,-1.61346,"['20150108_07:29:48_GMT-5', '20150108_16:10:57_GMT-5', '20210612_03:47:12_GMT-5']",3.2.9,
aflow:7c7ec5739259010f,Na6O8Sb2,skipped_existing,E:\work\worklist\pull_file\aflow\aflow_cif\cif\Na6O8Sb2__ICSD__7c7ec5739259010f.cif,,,aflowlib.duke.edu:AFLOWDATA/ICSD_WEB/MCL/Na3O4Sb1_ICSD_10320,ICSD,"Na,O,Sb",3,16,13,13,mP16,mP16,A3B4C_mP16_13_e2f_2g_e,A3B4C_mP16_13_e2f_2g_e,2.1549,-1.70701,"['20141211_12:30:16_GMT-5', '20141212_00:07:41_GMT-5', '20210619_04:06:37_GMT-5']",3.2.9,
aflow:7de543f6fbfb5487,B2F6Na4O8S2,skipped_existing,E:\work\worklist\pull_file\aflow\aflow_cif\cif\B2F6Na4O8S2__ICSD__7de543f6fbfb5487.cif,,,aflowlib.duke.edu:AFLOWDATA/ICSD_WEB/TRI/B1F3Na2O4S1_ICSD_424150,ICSD,"B,F,Na,O,S",5,22,2,2,aP22,aP22,AB3C2D4E_aP22_2_i_3i_2i_4i_i,AB3C2D4E_aP22_2_i_3i_2i_4i_i,5.7648,-2.27294,"['20160123_08:28:56_GMT-5', '20160124_12:59:23_GMT-5', '20210831_00:46:47_GMT-4']",3.2.11,
aflow:7f07c778c81d9bb8,N1Na1O2,skipped_existing,E:\work\worklist\pull_file\aflow\aflow_cif\cif\N1Na1O2__ICSD__7f07c778c81d9bb8.cif,,,aflowlib.duke.edu:AFLOWDATA/ICSD_WEB/ORCI/N1Na1O2_ICSD_24626,ICSD,"N,Na,O",3,4,44,44,oI8,oI8,ABC2_oI8_44_a_a_c,ABC2_oI8_44_a_a_c,2.4183,-0.904914,"['20140903_03:11:34_GMT-4', '20140903_13:53:48_GMT-4', '20210830_22:42:09_GMT-4']",3.2.11,
aflow:7f567a83657f828c,N2Na2O6,skipped_existing,E:\work\worklist\pull_file\aflow\aflow_cif\cif\N2Na2O6__ICSD__7f567a83657f828c.cif,,,aflowlib.duke.edu:AFLOWDATA/ICSD_WEB/RHL/N1Na1O3_ICSD_64866,ICSD,"N,Na,O",3,10,167,167,hR10,hR10,ABC3_hR10_167_a_b_e,ABC3_hR10_167_a_b_e,2.9405,-0.973528,"['20141024_04:14:11_GMT-4', '20141024_11:02:13_GMT-4', '20210830_20:41:51_GMT-4']",3.2.11,
aflow:7fd67b71f12de813,C2Na4O6,skipped_existing,E:\work\worklist\pull_file\aflow\aflow_cif\cif\C2Na4O6__ICSD__7fd67b71f12de813.cif,,,aflowlib.duke.edu:AFLOWDATA/ICSD_WEB/HEX/C1Na2O3_ICSD_81011,ICSD,"C,Na,O",3,12,194,194,hP12,hP12,AB2C3_hP12_194_c_ad_h,AB2C3_hP12_194_d_ac_h,3.1707,-1.73338,"['20140528_10:53:51_GMT-4', '20140528_20:57:28_GMT-4', '20210831_14:05:03_GMT-4']",3.2.11,
aflow:80d5839b9798fe23,C16Na16,skipped_existing,E:\work\worklist\pull_file\aflow\aflow_cif\cif\C16Na16__ICSD__80d5839b9798fe23.cif,,,aflowlib.duke.edu:AFLOWDATA/ICSD_WEB/BCT/C2Na2_ICSD_89526,ICSD,"C,Na",2,32,142,142,tI64,tI64,AB_tI64_142_g_g,AB_tI64_142_g_g,3.4851,0.320042,"['20161217_22:56:19_GMT-5', '20161225_16:56:13_GMT-5', '20210521_06:34:55_GMT-5']",3.2.9,
aflow:81041ee3f91d9000,C2Na4O6,skipped_existing,E:\work\worklist\pull_file\aflow\aflow_cif\cif\C2Na4O6__ICSD__81041ee3f91d9000.cif,,,aflowlib.duke.edu:AFLOWDATA/ICSD_WEB/MCLC/C1Na2O3_ICSD_60311,ICSD,"C,Na,O",3,12,12,12,mS24,mS24,AB2C3_mC24_12_i_aci_ij,AB2C3_mC24_12_i_aci_ij,3.8666,-1.7477,"['20140723_06:15:25_GMT-4', '20140723_17:07:30_GMT-4', '20210902_09:39:11_GMT-4']",3.2.11,
aflow:813ed227aea8c1e6,C2Na4O6,skipped_existing,E:\work\worklist\pull_file\aflow\aflow_cif\cif\C2Na4O6__ICSD__813ed227aea8c1e6.cif,,,aflowlib.duke.edu:AFLOWDATA/ICSD_WEB/MCLC/C1Na2O3_ICSD_81003,ICSD,"C,Na,O",3,12,12,12,mS24,mS24,AB2C3_mC24_12_i_aci_ij,AB2C3_mC24_12_i_aci_ij,3.7897,-1.74771,"['20140830_11:10:30_GMT-4', '20140901_00:41:42_GMT-4', '20210902_11:09:55_GMT-4']",3.2.11,
aflow:81af8c617774153e,Br1Na1,skipped_existing,E:\work\worklist\pull_file\aflow\aflow_cif\cif\Br1Na1__ICSD__81af8c617774153e.cif,,,aflowlib.duke.edu:AFLOWDATA/ICSD_WEB/FCC/Br1Na1_ICSD_18013,ICSD,"Br,Na",2,2,225,225,cF8,cF8,AB_cF8_225_b_a,AB_cF8_225_b_a,4.1145,-1.60729,"['20141230_13:53:19_GMT-5', '20141230_15:05:10_GMT-5', '20210707_19:29:52_GMT-5']",3.2.10,
aflow:82303e1fe005121d,I1Na1,skipped_existing,E:\work\worklist\pull_file\aflow\aflow_cif\cif\I1Na1__ICSD__82303e1fe005121d.cif,,,aflowlib.duke.edu:AFLOWDATA/ICSD_WEB/FCC/I1Na1_ICSD_61504,ICSD,"I,Na",2,2,225,225,cF8,cF8,AB_cF8_225_b_a,AB_cF8_225_a_b,3.6141,-1.27914,"['20140924_08:39:54_GMT-5', '20140924_10:49:49_GMT-5', '20210523_14:26:04_GMT-5']",3.2.9,
aflow:8243852b2f528ead,Na8O16Te4,skipped_existing,E:\work\worklist\pull_file\aflow\aflow_cif\cif\Na8O16Te4__ICSD__8243852b2f528ead.cif,,,aflowlib.duke.edu:AFLOWDATA/ICSD_WEB/ORC/Na2O4Te1_ICSD_1108,ICSD,"Na,O,Te",3,28,60,60,oP28,oP28,A2B4C_oP28_60_2c_2d_c,A2B4C_oP28_60_2c_2d_c,1.83,-1.43474,"['20141215_14:36:43_GMT-5', '20141216_03:05:05_GMT-5', '20210902_03:15:48_GMT-4']",3.2.11,
aflow:82745c9d06b1e55f,Cl1Na1,skipped_existing,E:\work\worklist\pull_file\aflow\aflow_cif\cif\Cl1Na1__ICSD__82745c9d06b1e55f.cif,,,aflowlib.duke.edu:AFLOWDATA/ICSD_WEB/CUB/Cl1Na1_ICSD_43434,ICSD,"Cl,Na",2,2,221,221,cP2,cP2,AB_cP2_221_b_a,AB_cP2_221_b_a,4.0312,-1.68424,"['20141210_03:54:38_GMT-5', '20141210_04:17:15_GMT-5', '20210522_04:42:01_GMT-5']",3.2.9,
aflow:82a178672a734c47,Cl1Na1,skipped_existing,E:\work\worklist\pull_file\aflow\aflow_cif\cif\Cl1Na1__ICSD__82a178672a734c47.cif,,,aflowlib.duke.edu:AFLOWDATA/ICSD_WEB/FCC/Cl1Na1_ICSD_240600,ICSD,"Cl,Na",2,2,225,225,cF8,cF8,AB_cF8_225_b_a,AB_cF8_225_b_a,5.0363,-1.83954,"['20140925_02:35:33_GMT-5', '20140925_03:42:05_GMT-5', '20210523_03:02:51_GMT-5']",3.2.9,
aflow:82bcd0e11b7d734c,C2H2Na2O4,skipped_existing,E:\work\worklist\pull_file\aflow\aflow_cif\cif\C2H2Na2O4__ICSD__82bcd0e11b7d734c.cif,,,aflowlib.duke.edu:AFLOWDATA/ICSD_WEB/MCLC/C1H1Na1O2_ICSD_151257,ICSD,"C,H,Na,O",4,10,15,15,mS20,mS20,ABCD2_mC20_15_e_e_e_f,ABCD2_mC20_15_e_e_e_f,4.8579,-1.28373,"['20141023_12:29:09_GMT-4', '20141023_20:15:32_GMT-4', '20210902_15:46:31_GMT-4']",3.2.11,
aflow:82f2075db79718ac,I1Na1,skipped_existing,E:\work\worklist\pull_file\aflow\aflow_cif\cif\I1Na1__ICSD__82f2075db79718ac.cif,,,aflowlib.duke.edu:AFLOWDATA/ICSD_WEB/FCC/I1Na1_ICSD_53823,ICSD,"I,Na",2,2,225,225,cF8,cF8,AB_cF8_225_b_a,AB_cF8_225_b_a,3.6131,-1.27919,"['20140925_09:19:47_GMT-5', '20140925_10:54:52_GMT-5', '20210523_14:25:50_GMT-5']",3.2.9,
aflow:835006ceab6ca76a,Ge4Na8Se10,skipped_existing,E:\work\worklist\pull_file\aflow\aflow_cif\cif\Ge4Na8Se10__ICSD__835006ceab6ca76a.cif,,,aflowlib.duke.edu:AFLOWDATA/ICSD_WEB/TRI/Ge4Na8Se10_ICSD_61401,ICSD,"Ge,Na,Se",3,22,2,2,aP22,aP22,A2B4C5_aP22_2_2i_be3i_5i,A2B4C5_aP22_2_2i_be3i_5i,1.6582,-0.815024,"['20150108_07:27:34_GMT-5', '20150112_06:25:34_GMT-5', '20210602_05:45:23_GMT-5']",3.2.9,
aflow:83c027f1ca50ba9f,Na8O8Si2,skipped_existing,E:\work\worklist\pull_file\aflow\aflow_cif\cif\Na8O8Si2__ICSD__83c027f1ca50ba9f.cif,,,aflowlib.duke.edu:AFLOWDATA/ICSD_WEB/TRI/Na4O4Si1_ICSD_15500,ICSD,"Na,O,Si",3,18,2,2,aP18,aP18,A4B4C_aP18_2_4i_4i_i,A4B4C_aP18_2_4i_4i_i,3.2589,-2.09997,"['20120723_10:17:30_GMT-5', '20120726_19:06:22_GMT-5', '20210624_12:31:44_GMT-5']",3.2.9,
aflow:83c7cd08d230121c,Na8S20Si8,skipped_existing,E:\work\worklist\pull_file\aflow\aflow_cif\cif\Na8S20Si8__ICSD__83c7cd08d230121c.cif,,,aflowlib.duke.edu:AFLOWDATA/ICSD_WEB/ORCC/Na2S5Si2_ICSD_166532,ICSD,"Na,S,Si",3,36,63,63,oS72,oS72,A2B5C2_oC72_63_eg_2cfgh_fg,A2B5C2_oC72_63_eg_2cfgh_fg,3.5236,-0.92308,"['20130106_11:37:40_GMT-5', '20130109_00:51:59_GMT-5', '20210530_14:43:13_GMT-5']",3.2.9,
aflow:84b98da23dee1df6,Na8S16,skipped_existing,E:\work\worklist\pull_file\aflow\aflow_cif\cif\Na8S16__ICSD__84b98da23dee1df6.cif,,,aflowlib.duke.edu:AFLOWDATA/ICSD_WEB/BCT/Na2S4_ICSD_2586,ICSD,"Na,S",2,24,122,122,tI48,tI48,AB2_tI48_122_cd_2e,AB2_tI48_122_cd_2e,1.995,-0.587857,"['20140629_19:27:49_GMT-5', '20140701_10:14:47_GMT-5', '20210521_17:54:29_GMT-5']",3.2.9,
aflow:84cf80281e1d15ce,Na4O8Se2,skipped_existing,E:\work\worklist\pull_file\aflow\aflow_cif\cif\Na4O8Se2__ICSD__84cf80281e1d15ce.cif,,,aflowlib.duke.edu:AFLOWDATA/ICSD_WEB/ORCF/Na2O4Se1_ICSD_16042,ICSD,"Na,O,Se",3,14,70,70,oF56,oF56,A2B4C_oF56_70_e_h_a,A2B4C_oF56_70_g_h_a,3.3341,-1.37293,"['20140702_05:07:06_GMT-4', '20140702_22:04:28_GMT-4', '20210831_23:40:01_GMT-4']",3.2.11,
aflow:8577bc4f8bd6a913,C2Na4O6,skipped_existing,E:\work\worklist\pull_file\aflow\aflow_cif\cif\C2Na4O6__ICSD__8577bc4f8bd6a913.cif,,,aflowlib.duke.edu:AFLOWDATA/ICSD_WEB/MCLC/C1Na2O3_ICSD_281362,ICSD,"C,Na,O",3,12,12,12,mS24,mS24,AB2C3_mC24_12_i_aci_ij,AB2C3_mC24_12_i_aci_ij,3.8686,-1.74782,"['20140529_19:21:54_GMT-4', '20140530_04:03:15_GMT-4', '20210902_11:22:43_GMT-4']",3.2.11,
aflow:867f6ac1d19f040c,Na2O6Sb2,skipped_existing,E:\work\worklist\pull_file\aflow\aflow_cif\cif\Na2O6Sb2__ICSD__867f6ac1d19f040c.cif,,,aflowlib.duke.edu:AFLOWDATA/ICSD_WEB/RHL/Na1O3Sb1_ICSD_78011,ICSD,"Na,O,Sb",3,10,148,148,hR10,hR10,AB3C_hR10_148_c_f_c,AB3C_hR10_148_c_f_c,2.6903,-1.71212,"['20150513_06:09:30_GMT-5', '20150513_14:04:24_GMT-5', '20210623_15:20:26_GMT-5']",3.2.9,
aflow:8688245627a08f2a,C1Na4O4,skipped_existing,E:\work\worklist\pull_file\aflow\aflow_cif\cif\C1Na4O4__ICSD__8688245627a08f2a.cif,,,aflowlib.duke.edu:AFLOWDATA/ICSD_WEB/MCL/C1Na4O4_ICSD_245410,ICSD,"C,Na,O",3,9,8,8,mP9,mS18,AB4C4_mC18_8_a_2b_2ab,AB4C4_mC18_8_a_2b_2ab,1.6948,-1.29197,"['20141016_18:36:32_GMT-4', '20141017_13:40:02_GMT-4', '20210901_03:25:58_GMT-4']",3.2.11,
aflow:871c32dff7a13004,C2Na4O6,skipped_existing,E:\work\worklist\pull_file\aflow\aflow_cif\cif\C2Na4O6__ICSD__871c32dff7a13004.cif,,,aflowlib.duke.edu:AFLOWDATA/ICSD_WEB/MCLC/C1Na2O3_ICSD_12168,ICSD,"C,Na,O",3,12,12,12,mS24,mS24,AB2C3_mC24_12_i_aci_ij,AB2C3_mC24_12_i_aci_ij,3.8589,-1.74781,"['20141226_12:48:32_GMT-5', '20141227_02:30:03_GMT-5', '20210902_11:21:05_GMT-4']",3.2.11,
aflow:8753680d36ea23a6,F6Na1Sb1,skipped_existing,E:\work\worklist\pull_file\aflow\aflow_cif\cif\F6Na1Sb1__ICSD__8753680d36ea23a6.cif,,,aflowlib.duke.edu:AFLOWDATA/ICSD_WEB/FCC/F6Na1Sb1_ICSD_56251,ICSD,"F,Na,Sb",3,8,225,225,cF32,cF32,A6BC_cF32_225_e_b_a,A6BC_cF32_225_e_b_a,4.8644,-2.59423,"['20141012_19:03:04_GMT-5', '20141012_22:52:40_GMT-5', '20210523_10:11:03_GMT-5']",3.2.9,
aflow:8770a7b53129df89,F6Na1Sb1,skipped_existing,E:\work\worklist\pull_file\aflow\aflow_cif\cif\F6Na1Sb1__ICSD__8770a7b53129df89.cif,,,aflowlib.duke.edu:AFLOWDATA/ICSD_WEB/FCC/F6Na1Sb1_ICSD_16640,ICSD,"F,Na,Sb",3,8,225,225,cF32,cF32,A6BC_cF32_225_e_b_a,A6BC_cF32_225_e_b_a,4.842,-2.59408,"['20150112_02:10:50_GMT-5', '20150112_04:56:34_GMT-5', '20210707_10:55:58_GMT-5']",3.2.10,
aflow:87b1f1d0cc47d6b1,C2H8Na8O18P4,skipped_existing,E:\work\worklist\pull_file\aflow\aflow_cif\cif\C2H8Na8O18P4__ICSD__87b1f1d0cc47d6b1.cif,,,aflowlib.duke.edu:AFLOWDATA/ICSD_WEB/TET/C1H4Na4O9P2_ICSD_19,ICSD,"C,H,Na,O,P",5,40,81,81,tP40,tP40,AB4C4D9E2_tP40_81_g_2h_2h_g4h_h,AB4C4D9E2_tP40_81_g_2h_2h_g4h_h,2.1348,-1.66471,"['20140528_02:40:28_GMT-4', '20140530_14:59:20_GMT-4', '20210902_20:29:23_GMT-4']",3.2.11,
aflow:888be7b2d4e0d836,C2Na4O6,skipped_existing,E:\work\worklist\pull_file\aflow\aflow_cif\cif\C2Na4O6__ICSD__888be7b2d4e0d836.cif,,,aflowlib.duke.edu:AFLOWDATA/ICSD_WEB/MCLC/C1Na2O3_ICSD_80995,ICSD,"C,Na,O",3,12,12,12,mS24,mS24,AB2C3_mC24_12_i_aci_ij,AB2C3_mC24_12_i_aci_ij,3.8664,-1.74774,"['20140722_14:05:20_GMT-4', '20140723_16:33:56_GMT-4', '20210902_14:38:01_GMT-4']",3.2.11,
aflow:88d1b7193799ed75,F18Ge3Na6,skipped_existing,E:\work\worklist\pull_file\aflow\aflow_cif\cif\F18Ge3Na6__ICSD__88d1b7193799ed75.cif,,,aflowlib.duke.edu:AFLOWDATA/ICSD_WEB/HEX/F6Ge1Na2_ICSD_69623,ICSD,"F,Ge,Na",3,27,150,150,hP27,hP27,A6BC2_hP27_150_3g_ad_ef,A6BC2_hP27_150_3g_ad_ef,5.7242,-2.71633,"['20150115_18:37:40_GMT-5', '20150116_21:58:19_GMT-5', '20210525_11:27:08_GMT-5']",3.2.9,
aflow:89615efc0a0dfb77,Na4O12Sb4,skipped_existing,E:\work\worklist\pull_file\aflow\aflow_cif\cif\Na4O12Sb4__ICSD__89615efc0a0dfb77.cif,,,aflowlib.duke.edu:AFLOWDATA/ICSD_WEB/FCC/Na1O3Sb1_ICSD_25540,ICSD,"Na,O,Sb",3,20,227,227,cF80,cF80,AB3C_cF80_227_c_f_d,AB3C_cF80_227_d_f_c,1.4776,-1.65693,"['20150120_21:50:12_GMT-5', '20150121_09:29:27_GMT-5', '20210707_21:36:31_GMT-5']",3.2.10,
aflow:8a34f1edd2f546fc,Na8S20Si8,skipped_existing,E:\work\worklist\pull_file\aflow\aflow_cif\cif\Na8S20Si8__ICSD__8a34f1edd2f546fc.cif,,,aflowlib.duke.edu:AFLOWDATA/ICSD_WEB/ORCC/Na4S10Si4_ICSD_66867,ICSD,"Na,S,Si",3,36,63,63,oS72,oS72,A2B5C2_oC72_63_eg_2cfgh_fg,A2B5C2_oC72_63_eg_2cfgh_fg,3.5173,-0.922927,"['20170419_18:55:43_GMT-5', '20170420_05:44:07_GMT-5', '20210530_14:52:46_GMT-5']",3.2.9,
aflow:8a6423b1f506ff98,B2H8Na2,skipped_existing,E:\work\worklist\pull_file\aflow\aflow_cif\cif\B2H8Na2__ICSD__8a6423b1f506ff98.cif,,,aflowlib.duke.edu:AFLOWDATA/ICSD_WEB/TET/B1H4Na1_ICSD_165836,ICSD,"B,H,Na",3,12,114,114,tP12,tP12,AB4C_tP12_114_b_e_a,AB4C_tP12_114_b_e_a,6.3242,-0.328298,"['20140811_10:27:07_GMT-5', '20140811_13:19:24_GMT-5', '20210601_06:37:15_GMT-5']",3.2.9,
aflow:8b4474c29774f168,H24Na4O24P4,skipped_existing,E:\work\worklist\pull_file\aflow\aflow_cif\cif\H24Na4O24P4__ICSD__8b4474c29774f168.cif,,,aflowlib.duke.edu:AFLOWDATA/ICSD_WEB/ORC/H6Na1O6P1_ICSD_65,ICSD,"H,Na,O,P",4,56,19,19,oP56,oP56,A6BC6D_oP56_19_6a_a_6a_a,A6BC6D_oP56_19_6a_a_6a_a,5.2145,-1.49512,"['20180528_03:47:24_GMT-4', '20180530_02:37:08_GMT-4', '20210901_19:42:17_GMT-4']",3.2.11,
aflow:8b70793d04bc50d5,B2F8Na2,skipped_existing,E:\work\worklist\pull_file\aflow\aflow_cif\cif\B2F8Na2__ICSD__8b70793d04bc50d5.cif,,,aflowlib.duke.edu:AFLOWDATA/ICSD_WEB/ORCC/B1F4Na1_ICSD_30435,ICSD,"B,F,Na",3,12,63,63,oS24,oS24,AB4C_oC24_63_c_fg_c,AB4C_oC24_63_c_fg_c,7.8228,-2.97173,"['20140901_14:46:05_GMT-5', '20140901_19:45:56_GMT-5', '20210530_04:19:32_GMT-5']",3.2.9,
aflow:8e0122222e4487d6,Cl1F1Na6O8S2,skipped_existing,E:\work\worklist\pull_file\aflow\aflow_cif\cif\Cl1F1Na6O8S2__ICSD__8e0122222e4487d6.cif,,,aflowlib.duke.edu:AFLOWDATA/ICSD_WEB/FCC/Cl1F1Na6O8S2_ICSD_29330,ICSD,"Cl,F,Na,O,S",5,18,225,225,cF72,cF72,ABC6D8E2_cF72_225_b_a_e_f_c,ABC6D8E2_cF72_225_b_a_e_f_c,4.8067,-1.94757,"['20140806_12:21:34_GMT-4', '20140806_19:46:01_GMT-4', '20210831_20:37:14_GMT-4']",3.2.11,
aflow:8ec0ddedd7a8e8ea,F6Na1P1,skipped_existing,E:\work\worklist\pull_file\aflow\aflow_cif\cif\F6Na1P1__ICSD__8ec0ddedd7a8e8ea.cif,,,aflowlib.duke.edu:AFLOWDATA/ICSD_WEB/FCC/F6Na1P1_ICSD_90615,ICSD,"F,Na,P",3,8,225,225,cF32,cF32,A6BC_cF32_225_e_b_a,A6BC_cF32_225_e_a_b,6.9841,-2.75344,"['20150108_03:15:12_GMT-5', '20150108_05:24:00_GMT-5', '20210707_12:52:47_GMT-5']",3.2.10,
aflow:8f5cbd42a06be5b7,N2Na2O6,skipped_existing,E:\work\worklist\pull_file\aflow\aflow_cif\cif\N2Na2O6__ICSD__8f5cbd42a06be5b7.cif,,,aflowlib.duke.edu:AFLOWDATA/ICSD_WEB/RHL/N1Na1O3_ICSD_64867,ICSD,"N,Na,O",3,10,167,167,hR10,hR10,ABC3_hR10_167_a_b_e,ABC3_hR10_167_a_b_e,2.9559,-0.973787,"['20141024_02:40:07_GMT-4', '20141024_10:35:51_GMT-4', '20210830_19:14:52_GMT-4']",3.2.11,
aflow:8ff7034f6bd9ca4c,Cl4Na4O12,skipped_existing,E:\work\worklist\pull_file\aflow\aflow_cif\cif\Cl4Na4O12__ICSD__8ff7034f6bd9ca4c.cif,,,aflowlib.duke.edu:AFLOWDATA/ICSD_WEB/CUB/Cl1Na1O3_ICSD_1117,ICSD,"Cl,Na,O",3,20,198,198,cP20,cP20,ABC3_cP20_198_a_a_b,ABC3_cP20_198_a_a_b,5.6206,-0.695887,"['20150113_03:44:56_GMT-5', '20150113_06:10:21_GMT-5', '20210901_17:41:03_GMT-4']",3.2.11,
aflow:9017f9c64ead22ab,Cl1Na1,skipped_existing,E:\work\worklist\pull_file\aflow\aflow_cif\cif\Cl1Na1__ICSD__9017f9c64ead22ab.cif,,,aflowlib.duke.edu:AFLOWDATA/ICSD_WEB/FCC/Cl1Na1_ICSD_240603,ICSD,"Cl,Na",2,2,225,225,cF8,cF8,AB_cF8_225_b_a,AB_cF8_225_a_b,5.0498,-1.83934,"['20140924_20:04:14_GMT-5', '20140924_21:20:48_GMT-5', '20210523_03:04:18_GMT-5']",3.2.9,
aflow:9070468a9636ae44,C4H16N4Na4O8S4,skipped_existing,E:\work\worklist\pull_file\aflow\aflow_cif\cif\C4H16N4Na4O8S4__ICSD__9070468a9636ae44.cif,,,aflowlib.duke.edu:AFLOWDATA/ICSD_WEB/MCLC/C1H4N1Na1O2S1_ICSD_30920,ICSD,"C,H,N,Na,O,S",6,40,15,15,mS80,mS80,AB4CDE2F_mC80_15_f_4f_f_2e_2f_f,AB4CDE2F_mC80_15_f_4f_f_2e_2f_f,3.9868,-0.772101,"['20170510_23:56:00_GMT-4', '20170511_08:01:03_GMT-4', '20210902_15:30:46_GMT-4']",3.2.11,
aflow:90eddf11eef225fb,Na2Te1,skipped_existing,E:\work\worklist\pull_file\aflow\aflow_cif\cif\Na2Te1__ICSD__90eddf11eef225fb.cif,,,aflowlib.duke.edu:AFLOWDATA/ICSD_WEB/FCC/Na2Te1_ICSD_182741,ICSD,"Na,Te",2,3,225,225,cF12,cF12,A2B_cF12_225_c_a,A2B_cF12_225_c_a,2.0698,-0.937305,"['20140926_01:04:16_GMT-5', '20140926_02:34:24_GMT-5', '20210707_15:08:05_GMT-5']",3.2.10,
aflow:91246a1a9d64ffbb,F18Na6Si3,skipped_existing,E:\work\worklist\pull_file\aflow\aflow_cif\cif\F18Na6Si3__ICSD__91246a1a9d64ffbb.cif,,,aflowlib.duke.edu:AFLOWDATA/ICSD_WEB/HEX/F6Na2Si1_ICSD_30348,ICSD,"F,Na,Si",3,27,164,164,hP27,hP27,A6B2C_hP27_164_3i_g_ad,A6B2C_hP27_164_3i_g_ad,6.8664,-3.04971,"['20140811_20:53:37_GMT-5', '20140814_14:24:25_GMT-5', '20210525_11:38:06_GMT-5']",3.2.9,
aflow:922af06849053e52,C4F12H8Na4O16S4,skipped_existing,E:\work\worklist\pull_file\aflow\aflow_cif\cif\C4F12H8Na4O16S4__ICSD__922af06849053e52.cif,,,aflowlib.duke.edu:AFLOWDATA/ICSD_WEB/MCL/C1F3H2Na1O4S1_ICSD_151031,ICSD,"C,F,H,Na,O,S",6,48,2,2,aP48,aP48,AB3C2DE4F_aP48_2_2i_6i_4i_2i_8i_2i,AB3C2DE4F_aP48_2_2i_6i_4i_2i_8i_2i,3.1878,-1.01022,"['20180415_15:20:38_GMT-4', '20180418_09:26:00_GMT-4', '20210901_05:36:12_GMT-4']",3.2.11,
aflow:92555927119296b6,H8Na2O16P2S2,skipped_existing,E:\work\worklist\pull_file\aflow\aflow_cif\cif\H8Na2O16P2S2__ICSD__92555927119296b6.cif,,,aflowlib.duke.edu:AFLOWDATA/ICSD_WEB/MCL/H4Na1O8P1S1_ICSD_411163,ICSD,"H,Na,O,P,S",5,30,4,1,mP30,aP30,A4BC8DE_mP30_4_4a_a_8a_a_a,A4BC8DE_aP30_1_8a_2a_16a_2a_2a,5.6172,-1.54928,"['20161004_10:56:40_GMT-4', '20161012_17:56:43_GMT-4', '20210901_11:13:36_GMT-4']",3.2.11,
aflow:92fd352b0aa29f3c,F24Na4Sb4,skipped_existing,E:\work\worklist\pull_file\aflow\aflow_cif\cif\F24Na4Sb4__ICSD__92fd352b0aa29f3c.cif,,,aflowlib.duke.edu:AFLOWDATA/ICSD_WEB/CUB/F6Na1Sb1_ICSD_25538,ICSD,"F,Na,Sb",3,32,205,205,cP32,cP32,A6BC_cP32_205_d_a_b,A6BC_cP32_205_d_b_a,4.8782,-2.59407,"['20141228_18:38:32_GMT-5', '20141229_14:47:15_GMT-5', '20210708_12:08:25_GMT-5']",3.2.10,
aflow:937a9fb7fc81a4a0,H8Na4O16P4,skipped_existing,E:\work\worklist\pull_file\aflow\aflow_cif\cif\H8Na4O16P4__ICSD__937a9fb7fc81a4a0.cif,,,aflowlib.duke.edu:AFLOWDATA/ICSD_WEB/TRI/H8Na4O16P4_ICSD_62838,ICSD,"H,Na,O,P",4,32,2,2,aP32,aP32,A2BC4D_aP32_2_4i_2i_8i_2i,A2BC4D_aP32_2_4i_2i_8i_2i,5.105,-1.8025,"['20161022_01:06:08_GMT-4', '20161026_05:21:36_GMT-4', '20210831_05:42:00_GMT-4']",3.2.11,
aflow:94587ad1b3074600,C2Na4S6,skipped_existing,E:\work\worklist\pull_file\aflow\aflow_cif\cif\C2Na4S6__ICSD__94587ad1b3074600.cif,,,aflowlib.duke.edu:AFLOWDATA/ICSD_WEB/MCLC/C1Na2S3_ICSD_73094,ICSD,"C,Na,S",3,12,15,15,mS24,mS24,AB2C3_mC24_15_e_f_ef,AB2C3_mC24_15_e_f_ef,1.1833,-0.47855,"['20150612_00:53:15_GMT-5', '20150612_09:40:44_GMT-5', '20210527_20:12:25_GMT-5']",3.2.9,
aflow:9466351a9cbac2c9,Cl1Na1,skipped_existing,E:\work\worklist\pull_file\aflow\aflow_cif\cif\Cl1Na1__ICSD__9466351a9cbac2c9.cif,,,aflowlib.duke.edu:AFLOWDATA/ICSD_WEB/FCC/Cl1Na1_ICSD_28948,ICSD,"Cl,Na",2,2,225,225,cF8,cF8,AB_cF8_225_b_a,AB_cF8_225_b_a,5.0569,-1.83901,"['20140714_17:30:03_GMT-5', '20140714_19:05:14_GMT-5', '20210523_03:04:27_GMT-5']",3.2.9,
aflow:959cacf114da1aea,C2Na4O6,skipped_existing,E:\work\worklist\pull_file\aflow\aflow_cif\cif\C2Na4O6__ICSD__959cacf114da1aea.cif,,,aflowlib.duke.edu:AFLOWDATA/ICSD_WEB/MCLC/C1Na2O3_ICSD_80989,ICSD,"C,Na,O",3,12,12,12,mS24,mS24,AB2C3_mC24_12_i_aci_ij,AB2C3_mC24_12_i_aci_ij,3.8837,-1.7478,"['20140714_17:23:44_GMT-4', '20140715_14:11:54_GMT-4', '20210902_13:15:16_GMT-4']",3.2.11,
aflow:95d0a616a548dade,B2F8Na2,skipped_existing,E:\work\worklist\pull_file\aflow\aflow_cif\cif\B2F8Na2__ICSD__95d0a616a548dade.cif,,,aflowlib.duke.edu:AFLOWDATA/ICSD_WEB/ORCC/B1F4Na1_ICSD_161160,ICSD,"B,F,Na",3,12,63,63,oS24,oS24,AB4C_oC24_63_c_fg_c,AB4C_oC24_63_c_fg_c,7.8218,-2.97148,"['20140819_19:02:38_GMT-5', '20140819_23:26:44_GMT-5', '20210530_04:19:19_GMT-5']",3.2.9,
aflow:95d67d501056d8c2,Na4S2,skipped_existing,E:\work\worklist\pull_file\aflow\aflow_cif\cif\Na4S2__ICSD__95d67d501056d8c2.cif,,,aflowlib.duke.edu:AFLOWDATA/ICSD_WEB/HEX/Na2S1_ICSD_92772,ICSD,"Na,S",2,6,194,194,hP6,hP6,A2B_hP6_194_ad_c,A2B_hP6_194_ad_c,1.7298,-0.971916,"['20150101_23:03:36_GMT-5', '20150102_01:37:31_GMT-5', '20210526_01:01:04_GMT-5']",3.2.9,
aflow:962c297f2fbf4294,H2Na2O2,skipped_existing,E:\work\worklist\pull_file\aflow\aflow_cif\cif\H2Na2O2__ICSD__962c297f2fbf4294.cif,,,aflowlib.duke.edu:AFLOWDATA/ICSD_WEB/ORCC/H1Na1O1_ICSD_61046,ICSD,"H,Na,O",3,6,63,63,oS12,oS12,ABC_oC12_63_c_c_c,ABC_oC12_63_c_c_c,2.8128,-1.33489,"['20141010_20:23:33_GMT-4', '20141011_00:53:43_GMT-4', '20210831_08:38:21_GMT-4']",3.2.11,
aflow:96487c45c89c7f68,Na2S1,skipped_existing,E:\work\worklist\pull_file\aflow\aflow_cif\cif\Na2S1__ICSD__96487c45c89c7f68.cif,,,aflowlib.duke.edu:AFLOWDATA/ICSD_WEB/FCC/Na2S1_ICSD_644959,ICSD,"Na,S",2,3,225,225,cF12,cF12,A2B_cF12_225_c_a,A2B_cF12_225_c_a,2.4908,-1.07528,"['20140925_18:14:17_GMT-5', '20140925_19:43:40_GMT-5', '20210523_19:53:47_GMT-5']",3.2.9,
aflow:96b722abacbbfa05,Na2Se1,skipped_existing,E:\work\worklist\pull_file\aflow\aflow_cif\cif\Na2Se1__ICSD__96b722abacbbfa05.cif,,,aflowlib.duke.edu:AFLOWDATA/ICSD_WEB/FCC/Na2Se1_ICSD_645026,ICSD,"Na,Se",2,3,225,225,cF12,cF12,A2B_cF12_225_c_a,A2B_cF12_225_c_a,2.0514,-1.07446,"['20140926_01:03:44_GMT-5', '20140926_02:56:10_GMT-5', '20210523_19:56:19_GMT-5']",3.2.9,
aflow:96d2cf078df619d9,Cl2Na2O8,skipped_existing,E:\work\worklist\pull_file\aflow\aflow_cif\cif\Cl2Na2O8__ICSD__96d2cf078df619d9.cif,,,aflowlib.duke.edu:AFLOWDATA/ICSD_WEB/ORCC/Cl1Na1O4_ICSD_51730,ICSD,"Cl,Na,O",3,12,63,63,oS24,oS24,ABC4_oC24_63_c_c_fg,ABC4_oC24_63_c_c_fg,5.4317,-0.574272,"['20141101_15:52:58_GMT-4', '20141102_22:11:10_GMT-5', '20210831_08:08:51_GMT-4']",3.2.11,
aflow:9746da545323237d,C1Na4O4,skipped_existing,E:\work\worklist\pull_file\aflow\aflow_cif\cif\C1Na4O4__ICSD__9746da545323237d.cif,,,aflowlib.duke.edu:AFLOWDATA/ICSD_WEB/RHL/C1Na4O4_ICSD_245412,ICSD,"C,Na,O",3,9,146,146,hR9,hR9,AB4C4_hR9_146_a_ab_ab,AB4C4_hR9_146_a_ab_ab,1.9682,-1.26715,"['20141204_03:16:47_GMT-5', '20141204_11:43:54_GMT-5', '20210830_19:48:44_GMT-4']",3.2.11,
aflow:97b6d2a620628ecd,B4Na12P8,skipped_existing,E:\work\worklist\pull_file\aflow\aflow_cif\cif\B4Na12P8__ICSD__97b6d2a620628ecd.cif,,,aflowlib.duke.edu:AFLOWDATA/ICSD_WEB/MCL/B1Na3P2_ICSD_300124,ICSD,"B,Na,P",3,24,14,14,mP24,mP24,AB3C2_mP24_14_e_3e_2e,AB3C2_mP24_14_e_3e_2e,1.8896,-0.366965,"['20140829_20:27:21_GMT-5', '20140831_05:52:46_GMT-5', '20210526_16:13:48_GMT-5']",3.2.9,
aflow:98107b469b0f7cbd,Na4O8S2,skipped_existing,E:\work\worklist\pull_file\aflow\aflow_cif\cif\Na4O8S2__ICSD__98107b469b0f7cbd.cif,,,aflowlib.duke.edu:AFLOWDATA/ICSD_WEB/ORCC/Na2O4S1_ICSD_76002,ICSD,"Na,O,S",3,14,63,63,oS28,oS28,A2B4C_oC28_63_ac_fg_c,A2B4C_oC28_63_ac_fg_c,4.9935,-1.83243,"['20141108_05:15:54_GMT-5', '20141108_20:58:45_GMT-5', '20210831_07:34:35_GMT-4']",3.2.11,
aflow:989555a873beebc8,H5Na3O16Se4,skipped_existing,E:\work\worklist\pull_file\aflow\aflow_cif\cif\H5Na3O16Se4__ICSD__989555a873beebc8.cif,,,aflowlib.duke.edu:AFLOWDATA/ICSD_WEB/TRI/H5Na3O16Se4_ICSD_411720,ICSD,"H,Na,O,Se",4,28,2,2,aP28,aP28,A5B3C16D4_aP28_2_d2i_ai_8i_2i,A5B3C16D4_aP28_2_d2i_ai_8i_2i,3.4452,-0.996245,"['20160617_03:49:12_GMT-4', '20160619_09:32:44_GMT-4', '20210831_03:12:24_GMT-4']",3.2.11,
aflow:99c0f8b7e31d4e70,C2Na4O6,skipped_existing,E:\work\worklist\pull_file\aflow\aflow_cif\cif\C2Na4O6__ICSD__99c0f8b7e31d4e70.cif,,,aflowlib.duke.edu:AFLOWDATA/ICSD_WEB/MCLC/C1Na2O3_ICSD_80987,ICSD,"C,Na,O",3,12,12,12,mS24,mS24,AB2C3_mC24_12_i_aci_ij,AB2C3_mC24_12_i_aci_ij,3.8568,-1.74797,"['20140806_20:32:56_GMT-4', '20140809_03:06:56_GMT-4', '20210902_17:16:03_GMT-4']",3.2.11,
aflow:9a25530bbfd302db,C2Na4O6,skipped_existing,E:\work\worklist\pull_file\aflow\aflow_cif\cif\C2Na4O6__ICSD__9a25530bbfd302db.cif,,,aflowlib.duke.edu:AFLOWDATA/ICSD_WEB/HEX/C1Na2O3_ICSD_81004,ICSD,"C,Na,O",3,12,194,194,hP12,hP12,AB2C3_hP12_194_d_ac_h,AB2C3_hP12_194_c_ad_h,3.1774,-1.73343,"['20150117_02:48:44_GMT-5', '20150117_08:02:45_GMT-5', '20210831_18:03:57_GMT-4']",3.2.11,
aflow:9a28207fd647e477,Cl1Na1,skipped_existing,E:\work\worklist\pull_file\aflow\aflow_cif\cif\Cl1Na1__ICSD__9a28207fd647e477.cif,,,aflowlib.duke.edu:AFLOWDATA/ICSD_WEB/FCC/Cl1Na1_ICSD_240598,ICSD,"Cl,Na",2,2,225,225,cF8,cF8,AB_cF8_225_b_a,AB_cF8_225_b_a,5.0569,-1.839,"['20140925_09:06:59_GMT-5', '20140925_11:26:09_GMT-5', '20210523_03:02:38_GMT-5']",3.2.9,
aflow:9b5f26f44e428a1e,N2Na2O6,skipped_existing,E:\work\worklist\pull_file\aflow\aflow_cif\cif\N2Na2O6__ICSD__9b5f26f44e428a1e.cif,,,aflowlib.duke.edu:AFLOWDATA/ICSD_WEB/RHL/N1Na1O3_ICSD_15332,ICSD,"N,Na,O",3,10,167,167,hR10,hR10,ABC3_hR10_167_a_b_e,ABC3_hR10_167_a_b_e,2.9564,-0.973814,"['20140729_22:16:40_GMT-4', '20140730_04:00:29_GMT-4', '20210830_21:30:03_GMT-4']",3.2.11,
aflow:9b7e1ecf20b3db46,N2Na2O6,skipped_existing,E:\work\worklist\pull_file\aflow\aflow_cif\cif\N2Na2O6__ICSD__9b7e1ecf20b3db46.cif,,,aflowlib.duke.edu:AFLOWDATA/ICSD_WEB/RHL/N1Na1O3_ICSD_64865,ICSD,"N,Na,O",3,10,167,167,hR10,hR10,ABC3_hR10_167_a_b_e,ABC3_hR10_167_a_b_e,2.9545,-0.973182,"['20141024_02:36:19_GMT-4', '20141024_09:59:22_GMT-4', '20210830_19:29:07_GMT-4']",3.2.11,
aflow:9d078ce30e4f353e,C2H2Na2O4,skipped_existing,E:\work\worklist\pull_file\aflow\aflow_cif\cif\C2H2Na2O4__ICSD__9d078ce30e4f353e.cif,,,aflowlib.duke.edu:AFLOWDATA/ICSD_WEB/MCLC/C1H1Na1O2_ICSD_109643,ICSD,"C,H,Na,O",4,10,15,15,mS20,mS20,ABCD2_mC20_15_e_a_e_f,ABCD2_mC20_15_e_a_e_f,2.352,-0.889985,"['20140922_00:32:05_GMT-4', '20140923_23:40:58_GMT-4', '20210902_12:22:28_GMT-4']",3.2.11,
aflow:9f24443bb238c2ad,B8H40Na4O34,skipped_existing,E:\work\worklist\pull_file\aflow\aflow_cif\cif\B8H40Na4O34__ICSD__9f24443bb238c2ad.cif,,,aflowlib.duke.edu:AFLOWDATA/ICSD_WEB/MCLC/B4H20Na2O17_ICSD_30506,ICSD,"B,H,Na,O",4,86,15,15,mS172,mS172,A4B20C2D17_mC172_15_2f_10f_ce_e8f,A4B20C2D17_mC172_15_2f_10f_ce_e8f,5.1087,-1.45237,"['20170825_16:43:09_GMT-4', '20170827_11:41:13_GMT-4', '20210902_18:23:57_GMT-4']",3.2.11,
aflow:9f30b4e2d1a3f0ca,F1H6Na1O6Te1,skipped_existing,E:\work\worklist\pull_file\aflow\aflow_cif\cif\F1H6Na1O6Te1__ICSD__9f30b4e2d1a3f0ca.cif,,,aflowlib.duke.edu:AFLOWDATA/ICSD_WEB/RHL/F1H6Na1O6Te1_ICSD_42,ICSD,"F,H,Na,O,Te",5,15,146,146,hR15,hR15,AB6CD6E_hR15_146_a_2b_a_2b_a,AB6CD6E_hR15_146_a_2b_a_2b_a,3.5724,-1.2442,"['20150119_16:03:20_GMT-5', '20150119_22:21:06_GMT-5', '20210830_20:38:49_GMT-4']",3.2.11,
aflow:9ff6e80371443b80,C1Na4O4,skipped_existing,E:\work\worklist\pull_file\aflow\aflow_cif\cif\C1Na4O4__ICSD__9ff6e80371443b80.cif,,,aflowlib.duke.edu:AFLOWDATA/ICSD_WEB/BCT/C1Na4O4_ICSD_245408,ICSD,"C,Na,O",3,9,121,121,tI18,tI18,AB4C4_tI18_121_a_i_i,AB4C4_tI18_121_a_i_i,2.4562,-1.43558,"['20141226_07:00:26_GMT-5', '20141226_19:14:03_GMT-5', '20210831_09:50:42_GMT-4']",3.2.11,
aflow:a0e82dc6f6bb1537,Na8O12Se4,skipped_existing,E:\work\worklist\pull_file\aflow\aflow_cif\cif\Na8O12Se4__ICSD__a0e82dc6f6bb1537.cif,,,aflowlib.duke.edu:AFLOWDATA/ICSD_WEB/MCL/Na2O3Se1_ICSD_89638,ICSD,"Na,O,Se",3,24,14,14,mP24,mP24,A2B3C_mP24_14_2e_3e_e,A2B3C_mP24_14_2e_3e_e,4.2459,-1.46807,"['20100919_15:19:19_GMT-5', '20100919_20:00:24_GMT-5', '20210619_04:00:37_GMT-5']",3.2.9,
aflow:a16f33b0936ce68e,C4F12Na4O8Sb4,skipped_existing,E:\work\worklist\pull_file\aflow\aflow_cif\cif\C4F12Na4O8Sb4__ICSD__a16f33b0936ce68e.cif,,,aflowlib.duke.edu:AFLOWDATA/ICSD_WEB/MCLC/C2F6Na2O4Sb2_ICSD_109946,ICSD,"C,F,Na,O,Sb",5,32,15,15,mS64,mS64,AB3CD2E_mC64_15_f_3f_f_2f_f,AB3CD2E_mC64_15_f_3f_f_2f_f,3.0784,-2.03502,"['20140722_06:36:38_GMT-4', '20140723_09:10:47_GMT-4', '20210902_09:22:39_GMT-4']",3.2.11,
aflow:a1c2b5124f631721,C4H10Na6O16,skipped_existing,E:\work\worklist\pull_file\aflow\aflow_cif\cif\C4H10Na6O16__ICSD__a1c2b5124f631721.cif,,,aflowlib.duke.edu:AFLOWDATA/ICSD_WEB/MCLC/C2H5Na3O8_ICSD_16641,ICSD,"C,H,Na,O",4,36,15,15,mS72,mS72,A2B5C3D8_mC72_15_f_c2f_ef_4f,A2B5C3D8_mC72_15_f_c2f_ef_4f,4.6256,-1.44773,"['20170131_05:57:08_GMT-5', '20170201_08:50:33_GMT-5', '20210902_08:30:54_GMT-4']",3.2.11,
aflow:a2d5c6f85747e275,Ge8Na8Se20,skipped_existing,E:\work\worklist\pull_file\aflow\aflow_cif\cif\Ge8Na8Se20__ICSD__a2d5c6f85747e275.cif,,,aflowlib.duke.edu:AFLOWDATA/ICSD_WEB/ORCC/Ge2Na2Se5_ICSD_637176,ICSD,"Ge,Na,Se",3,36,63,63,oS72,oS72,A2B2C5_oC72_63_fg_eg_2cfgh,A2B2C5_oC72_63_fg_eg_2cfgh,1.5313,-0.604022,"['20170419_16:04:38_GMT-5', '20170420_15:24:44_GMT-5', '20210530_12:21:44_GMT-5']",3.2.9,
aflow:a410e81a1220c158,H24Na8O16,skipped_existing,E:\work\worklist\pull_file\aflow\aflow_cif\cif\H24Na8O16__ICSD__a410e81a1220c158.cif,,,aflowlib.duke.edu:AFLOWDATA/ICSD_WEB/ORC/H3Na1O2_ICSD_33909,ICSD,"H,Na,O",3,48,61,61,oP48,oP48,A3BC2_oP48_61_3c_c_2c,A3BC2_oP48_61_3c_c_2c,4.3577,-1.22668,"['20140728_22:38:35_GMT-4', '20140729_23:54:42_GMT-4', '20210901_18:15:19_GMT-4']",3.2.11,
aflow:a4652bde28e67c3d,Cl1Na1,skipped_existing,E:\work\worklist\pull_file\aflow\aflow_cif\cif\Cl1Na1__ICSD__a4652bde28e67c3d.cif,,,aflowlib.duke.edu:AFLOWDATA/ICSD_WEB/FCC/Cl1Na1_ICSD_240599,ICSD,"Cl,Na",2,2,225,225,cF8,cF8,AB_cF8_225_b_a,AB_cF8_225_b_a,5.0622,-1.83912,"['20140925_12:06:42_GMT-5', '20140925_13:03:07_GMT-5', '20210523_03:02:37_GMT-5']",3.2.9,
aflow:a55c05b23b3d2127,Cl1F1Na6O8S2,skipped_existing,E:\work\worklist\pull_file\aflow\aflow_cif\cif\Cl1F1Na6O8S2__ICSD__a55c05b23b3d2127.cif,,,aflowlib.duke.edu:AFLOWDATA/ICSD_WEB/FCC/Cl1F1Na6O8S2_ICSD_26914,ICSD,"Cl,F,Na,O,S",5,18,225,225,cF72,cF72,ABC6D8E2_cF72_225_b_a_e_f_c,ABC6D8E2_cF72_225_b_a_e_f_c,4.7898,-1.94781,"['20150105_14:43:25_GMT-5', '20150105_21:21:41_GMT-5', '20210831_21:27:37_GMT-4']",3.2.11,
aflow:a562d4634b6d970e,B6H8Na6O16,skipped_existing,E:\work\worklist\pull_file\aflow\aflow_cif\cif\B6H8Na6O16__ICSD__a562d4634b6d970e.cif,,,aflowlib.duke.edu:AFLOWDATA/ICSD_WEB/MCLC/B3H4Na3O8_ICSD_260879,ICSD,"B,H,Na,O",4,36,9,9,mS72,mS72,A3B4C3D8_mC72_9_3a_4a_3a_8a,A3B4C3D8_mC72_9_3a_4a_3a_8a,4.7723,-1.89486,"['20170131_01:44:59_GMT-5', '20170131_18:23:01_GMT-5', '20210902_16:55:49_GMT-4']",3.2.11,
aflow:a5755554aaf5d10e,Cl1Na1,skipped_existing,E:\work\worklist\pull_file\aflow\aflow_cif\cif\Cl1Na1__ICSD__a5755554aaf5d10e.cif,,,aflowlib.duke.edu:AFLOWDATA/ICSD_WEB/FCC/Cl1Na1_ICSD_655785,ICSD,"Cl,Na",2,2,225,225,cF8,cF8,AB_cF8_225_a_b,AB_cF8_225_a_b,5.0569,-1.83901,"['20140924_08:37:42_GMT-5', '20140924_10:46:38_GMT-5', '20210523_03:06:23_GMT-5']",3.2.9,
aflow:a5b293c638b5e670,Cl4Na4O12,skipped_existing,E:\work\worklist\pull_file\aflow\aflow_cif\cif\Cl4Na4O12__ICSD__a5b293c638b5e670.cif,,,aflowlib.duke.edu:AFLOWDATA/ICSD_WEB/CUB/Cl1Na1O3_ICSD_80341,ICSD,"Cl,Na,O",3,20,198,198,cP20,cP20,ABC3_cP20_198_a_a_b,ABC3_cP20_198_a_a_b,5.6272,-0.695572,"['20150325_15:47:39_GMT-4', '20150325_19:50:12_GMT-4', '20210901_14:36:14_GMT-4']",3.2.11,
aflow:a619983b0ae5c0fa,F6Na1Sb1,skipped_existing,E:\work\worklist\pull_file\aflow\aflow_cif\cif\F6Na1Sb1__ICSD__a619983b0ae5c0fa.cif,,,aflowlib.duke.edu:AFLOWDATA/ICSD_WEB/FCC/F6Na1Sb1_ICSD_77919,ICSD,"F,Na,Sb",3,8,225,225,cF32,cF32,A6BC_cF32_225_e_b_a,A6BC_cF32_225_e_b_a,4.8818,-2.59388,"['20141015_03:26:10_GMT-5', '20141015_06:51:18_GMT-5', '20210523_10:11:10_GMT-5']",3.2.9,
aflow:a87f7f28e5c1e3c1,Ge4Na12S14,skipped_existing,E:\work\worklist\pull_file\aflow\aflow_cif\cif\Ge4Na12S14__ICSD__a87f7f28e5c1e3c1.cif,,,aflowlib.duke.edu:AFLOWDATA/ICSD_WEB/MCLC/Ge2Na6S7_ICSD_25388,ICSD,"Ge,Na,S",3,30,15,15,mS60,mS60,A2B6C7_mC60_15_f_ce2f_e3f,A2B6C7_mC60_15_f_ce2f_e3f,2.4305,-0.927388,"['20150102_08:53:29_GMT-5', '20150104_11:46:32_GMT-5', '20210528_04:15:05_GMT-5']",3.2.9,
aflow:a905d9de297630fa,As4Na12Se12,skipped_existing,E:\work\worklist\pull_file\aflow\aflow_cif\cif\As4Na12Se12__ICSD__a905d9de297630fa.cif,,,aflowlib.duke.edu:AFLOWDATA/ICSD_WEB/CUB/As1Na3Se3_ICSD_50491,ICSD,"As,Na,Se",3,28,198,198,cP28,cP28,AB3C3_cP28_198_a_3a_b,AB3C3_cP28_198_a_3a_b,2.0059,-0.808986,"['20141229_07:49:56_GMT-5', '20141230_13:40:53_GMT-5', '20210708_03:25:00_GMT-5']",3.2.10,
aflow:a9f1d9ce8cae5ecf,B4H16Na4,skipped_existing,E:\work\worklist\pull_file\aflow\aflow_cif\cif\B4H16Na4__ICSD__a9f1d9ce8cae5ecf.cif,,,aflowlib.duke.edu:AFLOWDATA/ICSD_WEB/ORC/B1H4Na1_ICSD_159243,ICSD,"B,H,Na",3,24,62,62,oP24,oP24,AB4C_oP24_62_c_2cd_c,AB4C_oP24_62_c_2cd_c,6.2535,-0.303466,"['20140604_20:26:00_GMT-5', '20140605_12:36:19_GMT-5', '20210528_16:46:30_GMT-5']",3.2.9,
aflow:aa0797e020e022e9,N4Na2P2,skipped_existing,E:\work\worklist\pull_file\aflow\aflow_cif\cif\N4Na2P2__ICSD__aa0797e020e022e9.cif,,,aflowlib.duke.edu:AFLOWDATA/ICSD_WEB/BCT/N2Na1P1_ICSD_411818,ICSD,"N,Na,P",3,8,122,122,tI16,tI16,A2BC_tI16_122_d_a_b,A2BC_tI16_122_d_a_b,4.6817,-0.669713,"['20150119_05:22:53_GMT-5', '20150119_08:59:55_GMT-5', '20210831_10:32:30_GMT-4']",3.2.11,
aflow:aa4638d65dbc02d5,C2Na4O6,skipped_existing,E:\work\worklist\pull_file\aflow\aflow_cif\cif\C2Na4O6__ICSD__aa4638d65dbc02d5.cif,,,aflowlib.duke.edu:AFLOWDATA/ICSD_WEB/MCLC/C1Na2O3_ICSD_80988,ICSD,"C,Na,O",3,12,12,12,mS24,mS24,AB2C3_mC24_12_i_aci_ij,AB2C3_mC24_12_i_aci_ij,3.7965,-1.74742,"['20140807_15:12:22_GMT-4', '20140808_05:55:15_GMT-4', '20210902_11:35:19_GMT-4']",3.2.11,
aflow:aaad28e7483289b9,Na2Te1,skipped_existing,E:\work\worklist\pull_file\aflow\aflow_cif\cif\Na2Te1__ICSD__aaad28e7483289b9.cif,,,aflowlib.duke.edu:AFLOWDATA/ICSD_WEB/FCC/Na2Te1_ICSD_60437,ICSD,"Na,Te",2,3,225,225,cF12,cF12,A2B_cF12_225_c_a,A2B_cF12_225_c_a,2.0577,-0.937727,"['20141230_15:43:03_GMT-5', '20141230_16:46:07_GMT-5', '20210523_19:57:16_GMT-5']",3.2.9,
aflow:ab4a40c874de1754,I6Na2O16,skipped_existing,E:\work\worklist\pull_file\aflow\aflow_cif\cif\I6Na2O16__ICSD__ab4a40c874de1754.cif,,,aflowlib.duke.edu:AFLOWDATA/ICSD_WEB/TET/I3Na1O8_ICSD_418336,ICSD,"I,Na,O",3,24,81,81,tP24,tP24,A3BC8_tP24_81_gh_ac_4h,A3BC8_tP24_81_gh_ac_4h,3.1451,-0.572524,"['20150114_01:26:42_GMT-5', '20150114_17:11:45_GMT-5', '20210902_18:02:48_GMT-4']",3.2.11,
aflow:abba096cd64ee8ed,N2Na2O6,skipped_existing,E:\work\worklist\pull_file\aflow\aflow_cif\cif\N2Na2O6__ICSD__abba096cd64ee8ed.cif,,,aflowlib.duke.edu:AFLOWDATA/ICSD_WEB/RHL/N1Na1O3_ICSD_78802,ICSD,"N,Na,O",3,10,167,167,hR10,hR10,ABC3_hR10_167_a_b_e,ABC3_hR10_167_a_b_e,2.9564,-0.973808,"['20141024_13:55:14_GMT-4', '20141024_21:25:42_GMT-4', '20210830_17:19:24_GMT-4']",3.2.11,
aflow:abc41a13f4f5e555,N2Na2O6,skipped_existing,E:\work\worklist\pull_file\aflow\aflow_cif\cif\N2Na2O6__ICSD__abc41a13f4f5e555.cif,,,aflowlib.duke.edu:AFLOWDATA/ICSD_WEB/RHL/N1Na1O3_ICSD_64871,ICSD,"N,Na,O",3,10,167,167,hR10,hR10,ABC3_hR10_167_a_b_e,ABC3_hR10_167_a_b_e,2.9565,-0.973949,"['20141023_01:43:48_GMT-4', '20141023_06:46:19_GMT-4', '20210830_22:17:14_GMT-4']",3.2.11,
aflow:abc6c0d1384f661e,H2Na2O2,skipped_existing,E:\work\worklist\pull_file\aflow\aflow_cif\cif\H2Na2O2__ICSD__abc6c0d1384f661e.cif,,,aflowlib.duke.edu:AFLOWDATA/ICSD_WEB/MCL/H1Na1O1_ICSD_26833,ICSD,"H,Na,O",3,6,11,11,mP6,mP6,ABC_mP6_11_e_e_e,ABC_mP6_11_e_e_e,2.7361,-1.33178,"['20150108_04:46:39_GMT-5', '20150108_11:16:37_GMT-5', '20210901_08:56:21_GMT-4']",3.2.11,
aflow:abd35af124c9205e,F4I2Na2O4,skipped_existing,E:\work\worklist\pull_file\aflow\aflow_cif\cif\F4I2Na2O4__ICSD__abd35af124c9205e.cif,,,aflowlib.duke.edu:AFLOWDATA/ICSD_WEB/ORCC/F2I1Na1O2_ICSD_260003,ICSD,"F,I,Na,O",4,12,63,63,oS24,oS24,A2BCD2_oC24_63_g_c_a_f,A2BCD2_oC24_63_g_c_a_f,4.276,-1.46538,"['20150104_10:17:37_GMT-5', '20150104_19:33:34_GMT-5', '20210831_08:14:26_GMT-4']",3.2.11,
aflow:ad7a18519785b7a9,F2H1Na1,skipped_existing,E:\work\worklist\pull_file\aflow\aflow_cif\cif\F2H1Na1__ICSD__ad7a18519785b7a9.cif,,,aflowlib.duke.edu:AFLOWDATA/ICSD_WEB/RHL/F2H1Na1_ICSD_31063,ICSD,"F,H,Na",3,4,166,166,hR4,hR4,A2BC_hR4_166_c_b_a,A2BC_hR4_166_c_b_a,6.8301,-2.2781,"['20140528_23:49:00_GMT-5', '20140529_01:43:01_GMT-5', '20210531_23:15:54_GMT-5']",3.2.9,
aflow:ae0a4eccd0e65124,C8Na8,skipped_existing,E:\work\worklist\pull_file\aflow\aflow_cif\cif\C8Na8__ICSD__ae0a4eccd0e65124.cif,,,aflowlib.duke.edu:AFLOWDATA/ICSD_WEB/BCT/C2Na2_ICSD_28066,ICSD,"C,Na",2,16,142,142,tI32,tI32,AB_tI32_142_f_e,AB_tI32_142_f_e,3.3749,0.220799,"['20141218_07:33:47_GMT-5', '20141219_10:10:58_GMT-5', '20210612_13:44:39_GMT-5']",3.2.9,
aflow:af8a9b749e2a9c8b,Na4O8S2,skipped_existing,E:\work\worklist\pull_file\aflow\aflow_cif\cif\Na4O8S2__ICSD__af8a9b749e2a9c8b.cif,,,aflowlib.duke.edu:AFLOWDATA/ICSD_WEB/ORCF/Na2O4S1_ICSD_27654,ICSD,"Na,O,S",3,14,70,70,oF56,oF56,A2B4C_oF56_70_g_h_a,A2B4C_oF56_70_g_h_a,4.9877,-1.832,"['20140715_05:54:18_GMT-4', '20140717_02:24:52_GMT-4', '20210831_23:47:18_GMT-4']",3.2.11,
aflow:b08edb840b0cd7ca,Na4O8S2,skipped_existing,E:\work\worklist\pull_file\aflow\aflow_cif\cif\Na4O8S2__ICSD__b08edb840b0cd7ca.cif,,,aflowlib.duke.edu:AFLOWDATA/ICSD_WEB/ORCF/Na2O4S1_ICSD_81506,ICSD,"Na,O,S",3,14,70,70,oF56,oF56,A2B4C_oF56_70_e_h_a,A2B4C_oF56_70_g_h_a,4.9826,-1.83121,"['20141109_13:59:29_GMT-5', '20141110_02:44:10_GMT-5', '20210831_23:36:07_GMT-4']",3.2.11,
aflow:b0d3210b582794ab,I2Na4O1,skipped_existing,E:\work\worklist\pull_file\aflow\aflow_cif\cif\I2Na4O1__ICSD__b0d3210b582794ab.cif,,,aflowlib.duke.edu:AFLOWDATA/ICSD_WEB/BCT/I2Na4O1_ICSD_67243,ICSD,"I,Na,O",3,7,139,139,tI14,tI14,A2B4C_tI14_139_e_ce_a,A2B4C_tI14_139_e_ce_a,2.2747,-1.286,"['20141021_12:30:21_GMT-5', '20141023_21:31:46_GMT-5', '20210612_21:31:25_GMT-5']",3.2.9,
aflow:b16f1ef9884f1c52,Na8Se16,skipped_existing,E:\work\worklist\pull_file\aflow\aflow_cif\cif\Na8Se16__ICSD__b16f1ef9884f1c52.cif,,,aflowlib.duke.edu:AFLOWDATA/ICSD_WEB/BCT/Na2Se4_ICSD_402584,ICSD,"Na,Se",2,24,122,122,tI48,tI48,AB2_tI48_122_cd_2e,AB2_tI48_122_cd_2e,1.164,-0.577198,"['20141229_02:41:10_GMT-5', '20141229_21:37:39_GMT-5', '20210521_17:59:07_GMT-5']",3.2.9,
aflow:b2aed55ea8af90a0,H1Na1,skipped_existing,E:\work\worklist\pull_file\aflow\aflow_cif\cif\H1Na1__ICSD__b2aed55ea8af90a0.cif,,,aflowlib.duke.edu:AFLOWDATA/ICSD_WEB/FCC/H1Na1_ICSD_186372,ICSD,"H,Na",2,2,225,225,cF8,cF8,AB_cF8_225_b_a,AB_cF8_225_b_a,3.7962,-0.194334,"['20140925_05:45:32_GMT-5', '20140925_06:50:54_GMT-5', '20210523_13:24:07_GMT-5']",3.2.9,
aflow:b2ec4b68e12f3674,Cl1Na1,skipped_existing,E:\work\worklist\pull_file\aflow\aflow_cif\cif\Cl1Na1__ICSD__b2ec4b68e12f3674.cif,,,aflowlib.duke.edu:AFLOWDATA/ICSD_WEB/FCC/Cl1Na1_ICSD_53815,ICSD,"Cl,Na",2,2,225,225,cF8,cF8,AB_cF8_225_b_a,AB_cF8_225_b_a,5.0536,-1.83927,"['20140925_10:20:28_GMT-5', '20140925_12:23:18_GMT-5', '20210523_03:05:29_GMT-5']",3.2.9,
aflow:b3282be66714428f,H6Na2O10S2,skipped_existing,E:\work\worklist\pull_file\aflow\aflow_cif\cif\H6Na2O10S2__ICSD__b3282be66714428f.cif,,,aflowlib.duke.edu:AFLOWDATA/ICSD_WEB/MCLC/H3Na1O5S1_ICSD_15066,ICSD,"H,Na,O,S",4,20,1,9,aP20,mS40,A3BC5D_aP20_1_6a_2a_10a_2a,A3BC5D_mC40_9_3a_a_5a_a,5.412,-1.38819,"['20141225_15:08:39_GMT-5', '20141227_03:16:28_GMT-5', '20210902_16:39:08_GMT-4']",3.2.11,
aflow:b454313ab1a5628f,Br4Na4O12,skipped_existing,E:\work\worklist\pull_file\aflow\aflow_cif\cif\Br4Na4O12__ICSD__b454313ab1a5628f.cif,,,aflowlib.duke.edu:AFLOWDATA/ICSD_WEB/CUB/Br1Na1O3_ICSD_30208,ICSD,"Br,Na,O",3,20,198,198,cP20,cP20,ABC3_cP20_198_a_a_b,ABC3_cP20_198_a_a_b,4.4634,-0.611209,"['20140825_03:00:03_GMT-4', '20140825_19:47:47_GMT-4', '20210901_16:24:42_GMT-4']",3.2.11,
aflow:b4c0c9374aa54eda,Cl4H8Na4O20,skipped_existing,E:\work\worklist\pull_file\aflow\aflow_cif\cif\Cl4H8Na4O20__ICSD__b4c0c9374aa54eda.cif,,,aflowlib.duke.edu:AFLOWDATA/ICSD_WEB/MCLC/Cl1H2Na1O5_ICSD_173,ICSD,"Cl,H,Na,O",4,36,15,15,mS72,mS72,AB2CD5_mC72_15_f_2f_ce_5f,AB2CD5_mC72_15_f_2f_ce_5f,5.2117,-0.731694,"['20140130_15:19:02_GMT-5', '20140202_00:48:50_GMT-5', '20210902_10:31:17_GMT-4']",3.2.11,
aflow:b4e7db7043379aa6,Na8O12S8,skipped_existing,E:\work\worklist\pull_file\aflow\aflow_cif\cif\Na8O12S8__ICSD__b4e7db7043379aa6.cif,,,aflowlib.duke.edu:AFLOWDATA/ICSD_WEB/MCL/Na2O3S2_ICSD_60022,ICSD,"Na,O,S",3,28,14,14,mP28,mP28,A2B3C2_mP28_14_2e_3e_2e,A2B3C2_mP28_14_2e_3e_2e,3.891,-1.43268,"['20160624_07:43:27_GMT-4', '20160704_08:49:56_GMT-4', '20210901_01:32:42_GMT-4']",3.2.11,
aflow:b5ab343f3a484538,Cl1Na1,skipped_existing,E:\work\worklist\pull_file\aflow\aflow_cif\cif\Cl1Na1__ICSD__b5ab343f3a484538.cif,,,aflowlib.duke.edu:AFLOWDATA/ICSD_WEB/FCC/Cl1Na1_ICSD_240602,ICSD,"Cl,Na",2,2,225,225,cF8,cF8,AB_cF8_225_b_a,AB_cF8_225_b_a,5.0514,-1.83931,"['20140925_05:04:42_GMT-5', '20140925_06:35:29_GMT-5', '20210523_03:04:04_GMT-5']",3.2.9,
aflow:b66b335513043ab8,Na16Se16Si4,skipped_existing,E:\work\worklist\pull_file\aflow\aflow_cif\cif\Na16Se16Si4__ICSD__b66b335513043ab8.cif,,,aflowlib.duke.edu:AFLOWDATA/ICSD_WEB/ORC/Na4Se4Si1_ICSD_409726,ICSD,"Na,Se,Si",3,36,62,62,oP36,oP36,A4B4C_oP36_62_acd_2cd_c,A4B4C_oP36_62_acd_2cd_c,2.1464,-0.968378,"['20150105_16:57:56_GMT-5', '20150107_21:03:24_GMT-5', '20210529_20:58:48_GMT-5']",3.2.9,
aflow:b785736de41ea2d1,C2Na4O6,skipped_existing,E:\work\worklist\pull_file\aflow\aflow_cif\cif\C2Na4O6__ICSD__b785736de41ea2d1.cif,,,aflowlib.duke.edu:AFLOWDATA/ICSD_WEB/MCLC/C1Na2O3_ICSD_95549,ICSD,"C,Na,O",3,12,12,12,mS24,mS24,AB2C3_mC24_12_i_aci_ij,AB2C3_mC24_12_i_aci_ij,3.8684,-1.74789,"['20140803_15:18:35_GMT-4', '20140804_01:46:19_GMT-4', '20210902_16:13:22_GMT-4']",3.2.11,
aflow:b9306ccab03442a2,Ge2Na4O6,skipped_existing,E:\work\worklist\pull_file\aflow\aflow_cif\cif\Ge2Na4O6__ICSD__b9306ccab03442a2.cif,,,aflowlib.duke.edu:AFLOWDATA/ICSD_WEB/ORCC/Ge1Na2O3_ICSD_1622,ICSD,"Ge,Na,O",3,12,36,36,oS24,oS24,AB2C3_oC24_36_a_b_ab,AB2C3_oC24_36_a_b_ab,2.9531,-1.79639,"['20131022_10:07:39_GMT-5', '20131022_13:53:50_GMT-5', '20210620_15:51:40_GMT-5']",3.2.9,
aflow:b9879fcea81fcbe6,Na6O6,skipped_existing,E:\work\worklist\pull_file\aflow\aflow_cif\cif\Na6O6__ICSD__b9879fcea81fcbe6.cif,,,aflowlib.duke.edu:AFLOWDATA/ICSD_WEB/HEX/Na2O2_ICSD_180558,ICSD,"Na,O",2,12,189,189,hP12,hP12,AB_hP12_189_fg_eh,AB_hP12_189_fg_eh,1.7551,-1.08332,"['20141102_02:47:51_GMT-5', '20141102_10:35:53_GMT-5', '20210616_15:19:08_GMT-5']",3.2.9,
aflow:ba06d8226a7d8822,I2Na2O8,skipped_existing,E:\work\worklist\pull_file\aflow\aflow_cif\cif\I2Na2O8__ICSD__ba06d8226a7d8822.cif,,,aflowlib.duke.edu:AFLOWDATA/ICSD_WEB/BCT/I1Na1O4_ICSD_14287,ICSD,"I,Na,O",3,12,88,88,tI24,tI24,ABC4_tI24_88_b_a_f,ABC4_tI24_88_a_b_f,1.8642,-0.649748,"['20141228_16:13:17_GMT-5', '20141229_19:36:35_GMT-5', '20210831_12:41:56_GMT-4']",3.2.11,
aflow:bc150aa245cb844a,Na4O8S2,skipped_existing,E:\work\worklist\pull_file\aflow\aflow_cif\cif\Na4O8S2__ICSD__bc150aa245cb844a.cif,,,aflowlib.duke.edu:AFLOWDATA/ICSD_WEB/ORCF/Na2O4S1_ICSD_2895,ICSD,"Na,O,S",3,14,70,70,oF56,oF56,A2B4C_oF56_70_g_h_a,A2B4C_oF56_70_g_h_a,4.9936,-1.83154,"['20110716_13:12:15_GMT-4', '20110717_03:02:26_GMT-4', '20210831_23:26:44_GMT-4']",3.2.11,
aflow:bd5f6fc62d78f807,Br1Na1,skipped_existing,E:\work\worklist\pull_file\aflow\aflow_cif\cif\Br1Na1__ICSD__bd5f6fc62d78f807.cif,,,aflowlib.duke.edu:AFLOWDATA/ICSD_WEB/FCC/Br1Na1_ICSD_53822,ICSD,"Br,Na",2,2,225,225,cF8,cF8,AB_cF8_225_b_a,AB_cF8_225_b_a,4.1143,-1.60729,"['20140629_17:18:20_GMT-5', '20140629_18:32:53_GMT-5', '20210522_21:57:45_GMT-5']",3.2.9,
aflow:bea1895b51c9a1cb,F1Na1,skipped_existing,E:\work\worklist\pull_file\aflow\aflow_cif\cif\F1Na1__ICSD__bea1895b51c9a1cb.cif,,,aflowlib.duke.edu:AFLOWDATA/ICSD_WEB/FCC/F1Na1_ICSD_41438,ICSD,"F,Na",2,2,225,225,cF8,cF8,AB_cF8_225_a_b,AB_cF8_225_b_a,6.1349,-2.74175,"['20140603_15:05:51_GMT-5', '20140603_15:42:36_GMT-5', '20210523_09:46:14_GMT-5']",3.2.9,
aflow:bff347286c6d281c,As1F6Na1,skipped_existing,E:\work\worklist\pull_file\aflow\aflow_cif\cif\As1F6Na1__ICSD__bff347286c6d281c.cif,,,aflowlib.duke.edu:AFLOWDATA/ICSD_WEB/RHL/As1F6Na1_ICSD_184563,ICSD,"As,F,Na",3,8,148,148,hR8,hR8,AB6C_hR8_148_a_f_b,AB6C_hR8_148_a_f_b,5.0771,-2.39629,"['20141022_08:08:17_GMT-5', '20141022_13:59:15_GMT-5', '20210531_15:51:43_GMT-5']",3.2.9,
aflow:c16c0f1c061f7d3e,Cl1Na1,skipped_existing,E:\work\worklist\pull_file\aflow\aflow_cif\cif\Cl1Na1__ICSD__c16c0f1c061f7d3e.cif,,,aflowlib.duke.edu:AFLOWDATA/ICSD_WEB/FCC/Cl1Na1_ICSD_240601,ICSD,"Cl,Na",2,2,225,225,cF8,cF8,AB_cF8_225_b_a,AB_cF8_225_b_a,5.0511,-1.83932,"['20140924_14:43:13_GMT-5', '20140924_15:54:21_GMT-5', '20210523_03:03:40_GMT-5']",3.2.9,
aflow:c1fbb4c28bf6f99b,N3Na1,skipped_existing,E:\work\worklist\pull_file\aflow\aflow_cif\cif\N3Na1__ICSD__c1fbb4c28bf6f99b.cif,,,aflowlib.duke.edu:AFLOWDATA/ICSD_WEB/RHL/N3Na1_ICSD_24006,ICSD,"N,Na",2,4,166,166,hR4,hR4,A3B_hR4_166_bc_a,A3B_hR4_166_bc_a,4.0157,-0.118408,"['20140718_13:29:47_GMT-4', '20140718_15:39:54_GMT-4', '20210830_20:32:57_GMT-4']",3.2.11,
aflow:c25a98a2ac031710,Ge2Na2O10Sb2,skipped_existing,E:\work\worklist\pull_file\aflow\aflow_cif\cif\Ge2Na2O10Sb2__ICSD__c25a98a2ac031710.cif,,,aflowlib.duke.edu:AFLOWDATA/ICSD_WEB/MCLC/Ge1Na1O5Sb1_ICSD_39646,ICSD,"Ge,Na,O,Sb",4,16,15,15,mS32,mS32,ABC5D_mC32_15_e_e_e2f_c,ABC5D_mC32_15_e_e_e2f_c,1.9772,-1.69156,"['20100911_20:07:58_GMT-5', '20100911_20:52:07_GMT-5', '20210618_05:42:21_GMT-5']",3.2.9,
aflow:c2dad2bccd657da6,Cl2H12Na2O10,skipped_existing,E:\work\worklist\pull_file\aflow\aflow_cif\cif\Cl2H12Na2O10__ICSD__c2dad2bccd657da6.cif,,,aflowlib.duke.edu:AFLOWDATA/ICSD_WEB/TRI/Cl1H6Na1O5_ICSD_1954,ICSD,"Cl,H,Na,O",4,26,2,2,aP26,aP26,AB6CD5_aP26_2_i_6i_i_5i,AB6CD5_aP26_2_i_6i_i_5i,3.0155,-0.934838,"['20160513_10:39:52_GMT-4', '20160513_19:32:18_GMT-4', '20210831_05:30:31_GMT-4']",3.2.11,
aflow:c359958341e63acf,H16Na4O20P4,skipped_existing,E:\work\worklist\pull_file\aflow\aflow_cif\cif\H16Na4O20P4__ICSD__c359958341e63acf.cif,,,aflowlib.duke.edu:AFLOWDATA/ICSD_WEB/ORC/H4Na1O5P1_ICSD_5,ICSD,"H,Na,O,P",4,44,33,33,oP44,oP44,A4BC5D_oP44_33_4a_a_5a_a,A4BC5D_oP44_33_4a_a_5a_a,5.2363,-1.61602,"['20170609_19:16:26_GMT-4', '20170609_22:13:58_GMT-4', '20210902_02:41:54_GMT-4']",3.2.11,
aflow:c44ba3d58ae30c66,Na4S4,skipped_existing,E:\work\worklist\pull_file\aflow\aflow_cif\cif\Na4S4__ICSD__c44ba3d58ae30c66.cif,,,aflowlib.duke.edu:AFLOWDATA/ICSD_WEB/HEX/Na2S2_ICSD_43407,ICSD,"Na,S",2,8,194,194,hP8,hP8,AB_hP8_194_ac_f,AB_hP8_194_ac_f,1.2368,-0.834597,"['20141229_21:35:47_GMT-5', '20141230_00:08:28_GMT-5', '20210526_01:01:51_GMT-5']",3.2.9,
aflow:c44ff47d96f1ab78,F16Na4Sb4,skipped_existing,E:\work\worklist\pull_file\aflow\aflow_cif\cif\F16Na4Sb4__ICSD__c44ff47d96f1ab78.cif,,,aflowlib.duke.edu:AFLOWDATA/ICSD_WEB/MCL/F4Na1Sb1_ICSD_200573,ICSD,"F,Na,Sb",3,24,14,14,mP24,mP24,A4BC_mP24_14_4e_e_e,A4BC_mP24_14_4e_e_e,4.3289,-2.60609,"['20160303_16:11:59_GMT-5', '20160305_02:46:49_GMT-5', '20210527_04:19:45_GMT-5']",3.2.9,
aflow:c478f25fdc869a0e,Na4P20,skipped_existing,E:\work\worklist\pull_file\aflow\aflow_cif\cif\Na4P20__ICSD__c478f25fdc869a0e.cif,,,aflowlib.duke.edu:AFLOWDATA/ICSD_WEB/ORC/Na1P5_ICSD_99177,ICSD,"Na,P",2,24,62,62,oP24,oP24,AB5_oP24_62_c_3cd,AB5_oP24_62_c_3cd,1.3845,-0.24811,"['20160219_09:46:02_GMT-5', '20160220_00:29:57_GMT-5', '20210529_20:49:19_GMT-5']",3.2.9,
aflow:c64c1c657d28992e,F20Na8Sb4,skipped_existing,E:\work\worklist\pull_file\aflow\aflow_cif\cif\F20Na8Sb4__ICSD__c64c1c657d28992e.cif,,,aflowlib.duke.edu:AFLOWDATA/ICSD_WEB/ORC/F5Na2Sb1_ICSD_28061,ICSD,"F,Na,Sb",3,32,19,19,oP32,oP32,A5B2C_oP32_19_5a_2a_a,A5B2C_oP32_19_5a_2a_a,4.8308,-2.66035,"['20141221_18:38:32_GMT-5', '20141223_02:45:12_GMT-5', '20210529_10:27:25_GMT-5']",3.2.9,
aflow:c67fec9c60cc305f,C2Na4O6,skipped_existing,E:\work\worklist\pull_file\aflow\aflow_cif\cif\C2Na4O6__ICSD__c67fec9c60cc305f.cif,,,aflowlib.duke.edu:AFLOWDATA/ICSD_WEB/MCLC/C1Na2O3_ICSD_80998,ICSD,"C,Na,O",3,12,12,12,mS24,mS24,AB2C3_mC24_12_i_aci_ij,AB2C3_mC24_12_i_aci_ij,3.8899,-1.7472,"['20140716_08:35:11_GMT-4', '20140717_20:32:52_GMT-4', '20210902_10:13:58_GMT-4']",3.2.11,
aflow:c7fb713d2c5d4033,C2Na4O6,skipped_existing,E:\work\worklist\pull_file\aflow\aflow_cif\cif\C2Na4O6__ICSD__c7fb713d2c5d4033.cif,,,aflowlib.duke.edu:AFLOWDATA/ICSD_WEB/MCLC/C1Na2O3_ICSD_281361,ICSD,"C,Na,O",3,12,12,12,mS24,mS24,AB2C3_mC24_12_i_aci_ij,AB2C3_mC24_12_i_aci_ij,3.8961,-1.74782,"['20140512_18:46:01_GMT-4', '20140515_04:15:31_GMT-4', '20210902_10:18:15_GMT-4']",3.2.11,
aflow:c8341f4d1a75f3f3,F1Na1,skipped_existing,E:\work\worklist\pull_file\aflow\aflow_cif\cif\F1Na1__ICSD__c8341f4d1a75f3f3.cif,,,aflowlib.duke.edu:AFLOWDATA/ICSD_WEB/FCC/F1Na1_ICSD_52238,ICSD,"F,Na",2,2,225,225,cF8,cF8,AB_cF8_225_b_a,AB_cF8_225_b_a,6.124,-2.74186,"['20140924_12:29:38_GMT-5', '20140924_13:56:29_GMT-5', '20210523_09:46:50_GMT-5']",3.2.9,
aflow:c8b283c86d712abe,Na2Te1,skipped_existing,E:\work\worklist\pull_file\aflow\aflow_cif\cif\Na2Te1__ICSD__c8b283c86d712abe.cif,,,aflowlib.duke.edu:AFLOWDATA/ICSD_WEB/FCC/Na2Te1_ICSD_645046,ICSD,"Na,Te",2,3,225,225,cF12,cF12,A2B_cF12_225_c_a,A2B_cF12_225_c_a,2.0539,-0.937814,"['20140926_07:26:28_GMT-5', '20140926_09:58:57_GMT-5', '20210523_19:58:03_GMT-5']",3.2.9,
aflow:ca2a94869d625635,Ge4Na12Te12,skipped_existing,E:\work\worklist\pull_file\aflow\aflow_cif\cif\Ge4Na12Te12__ICSD__ca2a94869d625635.cif,,,aflowlib.duke.edu:AFLOWDATA/ICSD_WEB/MCL/Ge2Na6Te6_ICSD_47113,ICSD,"Ge,Na,Te",3,28,14,14,mP28,mP28,AB3C3_mP28_14_e_3e_3e,AB3C3_mP28_14_e_3e_3e,1.261,-0.655998,"['20101021_03:33:44_GMT-5', '20101022_00:01:42_GMT-5', '20210527_05:52:20_GMT-5']",3.2.9,
aflow:ca46b1ae66837d96,Br4Na4O12,skipped_existing,E:\work\worklist\pull_file\aflow\aflow_cif\cif\Br4Na4O12__ICSD__ca46b1ae66837d96.cif,,,aflowlib.duke.edu:AFLOWDATA/ICSD_WEB/CUB/Br1Na1O3_ICSD_1302,ICSD,"Br,Na,O",3,20,198,198,cP20,cP20,ABC3_cP20_198_a_a_b,ABC3_cP20_198_a_a_b,4.4686,-0.61129,"['20141214_22:34:28_GMT-5', '20141215_01:19:49_GMT-5', '20210901_14:29:14_GMT-4']",3.2.11,
aflow:cb31f3ffb2053f8f,B4H16Na4,skipped_existing,E:\work\worklist\pull_file\aflow\aflow_cif\cif\B4H16Na4__ICSD__cb31f3ffb2053f8f.cif,,,aflowlib.duke.edu:AFLOWDATA/ICSD_WEB/ORC/B1H4Na1_ICSD_165709,ICSD,"B,H,Na",3,24,62,62,oP24,oP24,AB4C_oP24_62_c_2cd_c,AB4C_oP24_62_c_2cd_c,6.5629,-0.325713,"['20160303_21:12:23_GMT-5', '20160303_23:11:39_GMT-5', '20210528_16:46:23_GMT-5']",3.2.9,
aflow:cb719ebf03ef1d2d,Na2Se1,skipped_existing,E:\work\worklist\pull_file\aflow\aflow_cif\cif\Na2Se1__ICSD__cb719ebf03ef1d2d.cif,,,aflowlib.duke.edu:AFLOWDATA/ICSD_WEB/FCC/Na2Se1_ICSD_60442,ICSD,"Na,Se",2,3,225,225,cF12,cF12,A2B_cF12_225_c_a,A2B_cF12_225_c_a,2.0584,-1.07455,"['20140925_20:56:40_GMT-5', '20140925_22:30:30_GMT-5', '20210523_19:55:49_GMT-5']",3.2.9,
aflow:cba92648804e88e8,B6Na6S12,skipped_existing,E:\work\worklist\pull_file\aflow\aflow_cif\cif\B6Na6S12__ICSD__cba92648804e88e8.cif,,,aflowlib.duke.edu:AFLOWDATA/ICSD_WEB/RHL/B3Na3S6_ICSD_79613,ICSD,"B,Na,S",3,24,167,167,hR24,hR24,ABC2_hR24_167_e_e_2e,ABC2_hR24_167_e_e_2e,2.5203,-0.779327,"['20140806_20:20:02_GMT-5', '20140808_22:51:44_GMT-5', '20210531_17:15:29_GMT-5']",3.2.9,
aflow:cbe1a1a777c87b89,Na8O12S8,skipped_existing,E:\work\worklist\pull_file\aflow\aflow_cif\cif\Na8O12S8__ICSD__cbe1a1a777c87b89.cif,,,aflowlib.duke.edu:AFLOWDATA/ICSD_WEB/MCL/Na2O3S2_ICSD_37093,ICSD,"Na,O,S",3,28,14,14,mP28,mP28,A2B3C2_mP28_14_2e_3e_2e,A2B3C2_mP28_14_2e_3e_2e,4.0999,-1.45887,"['20140816_08:50:10_GMT-4', '20140817_10:19:21_GMT-4', '20210901_10:47:11_GMT-4']",3.2.11,
aflow:cc41860d69de2888,Cl1Na1,skipped_existing,E:\work\worklist\pull_file\aflow\aflow_cif\cif\Cl1Na1__ICSD__cc41860d69de2888.cif,,,aflowlib.duke.edu:AFLOWDATA/ICSD_WEB/FCC/Cl1Na1_ICSD_169462,ICSD,"Cl,Na",2,2,225,225,cF8,cF8,AB_cF8_225_b_a,AB_cF8_225_b_a,5.0535,-1.83928,"['20140924_19:38:48_GMT-5', '20140924_21:04:48_GMT-5', '20210523_03:02:24_GMT-5']",3.2.9,
aflow:cc52b95f11e0593c,Na4O6Si2,skipped_existing,E:\work\worklist\pull_file\aflow\aflow_cif\cif\Na4O6Si2__ICSD__cc52b95f11e0593c.cif,,,aflowlib.duke.edu:AFLOWDATA/ICSD_WEB/ORCC/Na2O3Si1_ICSD_74640,ICSD,"Na,O,Si",3,12,36,36,oS24,oS24,A2B3C_oC24_36_b_ab_a,A2B3C_oC24_36_b_ab_a,3.899,-2.37167,"['20141031_14:00:39_GMT-5', '20141101_00:11:26_GMT-5', '20210620_22:15:57_GMT-5']",3.2.9,
aflow:cd452cb3612d6b0c,Br1Na1,skipped_existing,E:\work\worklist\pull_file\aflow\aflow_cif\cif\Br1Na1__ICSD__cd452cb3612d6b0c.cif,,,aflowlib.duke.edu:AFLOWDATA/ICSD_WEB/FCC/Br1Na1_ICSD_44278,ICSD,"Br,Na",2,2,225,225,cF8,cF8,AB_cF8_225_b_a,AB_cF8_225_b_a,4.1148,-1.60728,"['20140722_11:46:38_GMT-5', '20140722_13:58:37_GMT-5', '20210522_21:57:37_GMT-5']",3.2.9,
aflow:cd6b50f7cfc22435,Na8Si8,skipped_existing,E:\work\worklist\pull_file\aflow\aflow_cif\cif\Na8Si8__ICSD__cd6b50f7cfc22435.cif,,,aflowlib.duke.edu:AFLOWDATA/ICSD_WEB/MCLC/Na4Si4_ICSD_409953,ICSD,"Na,Si",2,16,15,15,mS32,mS32,AB_mC32_15_2f_2f,AB_mC32_15_2f_2f,1.1561,-0.0177172,"['20141116_22:41:01_GMT-5', '20141117_17:36:04_GMT-5', '20210528_08:19:51_GMT-5']",3.2.9,
aflow:cdb1a6dd3850272a,Na10O20P6,skipped_existing,E:\work\worklist\pull_file\aflow\aflow_cif\cif\Na10O20P6__ICSD__cdb1a6dd3850272a.cif,,,aflowlib.duke.edu:AFLOWDATA/ICSD_WEB/MCLC/Na5O10P3_ICSD_16564,ICSD,"Na,O,P",3,36,15,15,mS72,mS72,A5B10C3_mC72_15_c2f_5f_ef,A5B10C3_mC72_15_c2f_5f_ef,4.5651,-2.27044,"['20170201_13:07:04_GMT-5', '20170202_01:33:02_GMT-5', '20210902_10:00:27_GMT-4']",3.2.11,
aflow:ce1647bceea06558,Ge8Na8Se20,skipped_existing,E:\work\worklist\pull_file\aflow\aflow_cif\cif\Ge8Na8Se20__ICSD__ce1647bceea06558.cif,,,aflowlib.duke.edu:AFLOWDATA/ICSD_WEB/ORCC/Ge4Na4Se10_ICSD_300263,ICSD,"Ge,Na,Se",3,36,63,63,oS72,oS72,A2B2C5_oC72_63_fg_eg_2cfgh,A2B2C5_oC72_63_fg_eg_2cfgh,1.5375,-0.604319,"['20121228_15:49:31_GMT-5', '20130101_10:31:17_GMT-5', '20210530_12:26:24_GMT-5']",3.2.9,
aflow:ce32fcb26016dc8f,N6Na2Si4,skipped_existing,E:\work\worklist\pull_file\aflow\aflow_cif\cif\N6Na2Si4__ICSD__ce32fcb26016dc8f.cif,,,aflowlib.duke.edu:AFLOWDATA/ICSD_WEB/ORCC/N3Na1Si2_ICSD_72466,ICSD,"N,Na,Si",3,12,36,36,oS24,oS24,A3BC2_oC24_36_ab_a_b,A3BC2_oC24_36_ab_a_b,4.1824,-1.04021,"['20150108_20:28:48_GMT-5', '20150109_00:11:12_GMT-5', '20210831_09:32:08_GMT-4']",3.2.11,
aflow:ce7d9b7b1dabc3d5,H5Na3O16Se4,skipped_existing,E:\work\worklist\pull_file\aflow\aflow_cif\cif\H5Na3O16Se4__ICSD__ce7d9b7b1dabc3d5.cif,,,aflowlib.duke.edu:AFLOWDATA/ICSD_WEB/TRI/H5Na3O16Se4_ICSD_411719,ICSD,"H,Na,O,Se",4,28,2,2,aP28,aP28,A5B3C16D4_aP28_2_a2i_di_8i_2i,A5B3C16D4_aP28_2_a2i_di_8i_2i,3.4391,-0.995983,"['20150103_05:25:54_GMT-5', '20150105_06:51:49_GMT-5', '20210831_02:08:26_GMT-4']",3.2.11,
aflow:cefadd901e1bd039,H24Na8O16,skipped_existing,E:\work\worklist\pull_file\aflow\aflow_cif\cif\H24Na8O16__ICSD__cefadd901e1bd039.cif,,,aflowlib.duke.edu:AFLOWDATA/ICSD_WEB/ORC/H3Na1O2_ICSD_96821,ICSD,"H,Na,O",3,48,61,61,oP48,oP48,A3BC2_oP48_61_3c_c_2c,A3BC2_oP48_61_3c_c_2c,4.3604,-1.22654,"['20170718_09:49:10_GMT-4', '20170718_18:14:22_GMT-4', '20210901_23:20:34_GMT-4']",3.2.11,
aflow:cf04bb646e198476,C2Na4O6,skipped_existing,E:\work\worklist\pull_file\aflow\aflow_cif\cif\C2Na4O6__ICSD__cf04bb646e198476.cif,,,aflowlib.duke.edu:AFLOWDATA/ICSD_WEB/HEX/C1Na2O3_ICSD_81007,ICSD,"C,Na,O",3,12,194,194,hP12,hP12,AB2C3_hP12_194_d_ac_h,AB2C3_hP12_194_d_ac_h,3.1827,-1.73329,"['20140714_17:16:46_GMT-4', '20140715_02:54:11_GMT-4', '20210831_15:09:54_GMT-4']",3.2.11,
aflow:cfe8016e44c7d14d,C2Na4O6,skipped_existing,E:\work\worklist\pull_file\aflow\aflow_cif\cif\C2Na4O6__ICSD__cfe8016e44c7d14d.cif,,,aflowlib.duke.edu:AFLOWDATA/ICSD_WEB/MCLC/C1Na2O3_ICSD_81001,ICSD,"C,Na,O",3,12,12,12,mS24,mS24,AB2C3_mC24_12_i_aci_ij,AB2C3_mC24_12_i_aci_ij,3.7984,-1.74736,"['20140710_09:27:03_GMT-4', '20140710_19:57:18_GMT-4', '20210902_14:50:55_GMT-4']",3.2.11,
aflow:d00e0b6b3eae6f08,Br1Na1,skipped_existing,E:\work\worklist\pull_file\aflow\aflow_cif\cif\Br1Na1__ICSD__d00e0b6b3eae6f08.cif,,,aflowlib.duke.edu:AFLOWDATA/ICSD_WEB/FCC/Br1Na1_ICSD_52239,ICSD,"Br,Na",2,2,225,225,cF8,cF8,AB_cF8_225_b_a,AB_cF8_225_b_a,4.1292,-1.60675,"['20140806_15:04:07_GMT-5', '20140806_17:46:34_GMT-5', '20210522_21:57:41_GMT-5']",3.2.9,
aflow:d021c3ece6cc6578,As4Na12S12,skipped_existing,E:\work\worklist\pull_file\aflow\aflow_cif\cif\As4Na12S12__ICSD__d021c3ece6cc6578.cif,,,aflowlib.duke.edu:AFLOWDATA/ICSD_WEB/CUB/As1Na3S3_ICSD_645,ICSD,"As,Na,S",3,28,198,198,cP28,cP28,AB3C3_cP28_198_a_3a_b,AB3C3_cP28_198_a_3a_b,2.5164,-0.858353,"['20141209_23:59:10_GMT-5', '20141210_08:37:38_GMT-5', '20210521_23:22:14_GMT-5']",3.2.9,
aflow:d0ab15ca1e954e96,Na4O14Si6,skipped_existing,E:\work\worklist\pull_file\aflow\aflow_cif\cif\Na4O14Si6__ICSD__d0ab15ca1e954e96.cif,,,aflowlib.duke.edu:AFLOWDATA/ICSD_WEB/MCLC/Na2O7Si3_ICSD_81134,ICSD,"Na,O,Si",3,24,15,15,mS48,mS48,A2B7C3_mC48_15_f_e3f_af,A2B7C3_mC48_15_f_e3f_af,4.7019,-2.52006,"['20150107_06:31:54_GMT-5', '20150107_16:29:21_GMT-5', '20210618_13:39:59_GMT-5']",3.2.9,
aflow:d0c93a9396dc599e,Cl1Na1,skipped_existing,E:\work\worklist\pull_file\aflow\aflow_cif\cif\Cl1Na1__ICSD__d0c93a9396dc599e.cif,,,aflowlib.duke.edu:AFLOWDATA/ICSD_WEB/FCC/Cl1Na1_ICSD_100633,ICSD,"Cl,Na",2,2,225,225,cF8,cF8,AB_cF8_225_b_a,AB_cF8_225_b_a,5.0416,-1.83946,"['20140924_16:55:25_GMT-5', '20140924_18:27:21_GMT-5', '20210707_15:05:31_GMT-5']",3.2.10,
aflow:d0dab8bc22b6a120,F3Ge1Na1,skipped_existing,E:\work\worklist\pull_file\aflow\aflow_cif\cif\F3Ge1Na1__LIB3__d0dab8bc22b6a120.cif,,,aflowlib.duke.edu:AFLOWDATA/LIB3_WEB/FGe_hNa_sv/T0009.CBA,LIB3,"F,Ge,Na",3,5,221,221,cP5,cP5,A3BC_cP5_221_c_b_a,A3BC_cP5_221_c_b_a,1.5263,-2.18667,20200523_17:05:04_GMT-5,3.2.3,
aflow:d11e8f6eabb54735,C2Na4O6,skipped_existing,E:\work\worklist\pull_file\aflow\aflow_cif\cif\C2Na4O6__ICSD__d11e8f6eabb54735.cif,,,aflowlib.duke.edu:AFLOWDATA/ICSD_WEB/MCLC/C1Na2O3_ICSD_80996,ICSD,"C,Na,O",3,12,12,12,mS24,mS24,AB2C3_mC24_12_i_aci_ij,AB2C3_mC24_12_i_aci_ij,3.2297,-1.73373,"['20140823_11:09:53_GMT-4', '20140824_04:41:19_GMT-4', '20210902_09:01:38_GMT-4']",3.2.11,
aflow:d1832830b484d3f0,Na6O2P2S6,skipped_existing,E:\work\worklist\pull_file\aflow\aflow_cif\cif\Na6O2P2S6__ICSD__d1832830b484d3f0.cif,,,aflowlib.duke.edu:AFLOWDATA/ICSD_WEB/ORCC/Na3O1P1S3_ICSD_98651,ICSD,"Na,O,P,S",4,16,36,36,oS32,oS32,A3BCD3_oC32_36_ab_a_a_ab,A3BCD3_oC32_36_ab_a_a_ab,2.8719,-1.24742,"['20141230_00:15:16_GMT-5', '20141230_09:00:47_GMT-5', '20210831_09:35:31_GMT-4']",3.2.11,
aflow:d1d74c15a87dea48,Na16O28P8,skipped_existing,E:\work\worklist\pull_file\aflow\aflow_cif\cif\Na16O28P8__ICSD__d1d74c15a87dea48.cif,,,aflowlib.duke.edu:AFLOWDATA/ICSD_WEB/ORC/Na4O7P2_ICSD_10370,ICSD,"Na,O,P",3,52,19,19,oP52,oP52,A4B7C2_oP52_19_4a_7a_2a,A4B7C2_oP52_19_4a_7a_2a,4.4257,-2.2701,"['20140815_16:03:30_GMT-4', '20140819_12:38:24_GMT-4', '20210902_06:59:43_GMT-4']",3.2.11,
aflow:d241535faf2a4519,Cl1Na1,skipped_existing,E:\work\worklist\pull_file\aflow\aflow_cif\cif\Cl1Na1__ICSD__d241535faf2a4519.cif,,,aflowlib.duke.edu:AFLOWDATA/ICSD_WEB/FCC/Cl1Na1_ICSD_162800,ICSD,"Cl,Na",2,2,225,225,cF8,cF8,AB_cF8_225_b_a,AB_cF8_225_b_a,5.0394,-1.83972,"['20140925_06:21:49_GMT-5', '20140925_07:18:32_GMT-5', '20210523_03:01:34_GMT-5']",3.2.9,
aflow:d2fb93d6a3cb7bcd,N2Na2O6,skipped_existing,E:\work\worklist\pull_file\aflow\aflow_cif\cif\N2Na2O6__ICSD__d2fb93d6a3cb7bcd.cif,,,aflowlib.duke.edu:AFLOWDATA/ICSD_WEB/RHL/N1Na1O3_ICSD_15334,ICSD,"N,Na,O",3,10,167,167,hR10,hR10,ABC3_hR10_167_a_b_e,ABC3_hR10_167_a_b_e,2.9503,-0.973187,"['20140718_17:57:19_GMT-4', '20140718_22:58:00_GMT-4', '20210830_19:17:14_GMT-4']",3.2.11,
aflow:d327c4a180ebfe76,Cl4Na4O12,skipped_existing,E:\work\worklist\pull_file\aflow\aflow_cif\cif\Cl4Na4O12__ICSD__d327c4a180ebfe76.cif,,,aflowlib.duke.edu:AFLOWDATA/ICSD_WEB/CUB/Cl1Na1O3_ICSD_80338,ICSD,"Cl,Na,O",3,20,198,198,cP20,cP20,ABC3_cP20_198_a_a_b,ABC3_cP20_198_a_a_b,5.6377,-0.695951,"['20181105_00:34:30_GMT-5', '20181105_10:48:11_GMT-5', '20210901_16:29:17_GMT-4']",3.2.11,
aflow:d3ce58ccb2815c93,C1Na4O4,skipped_existing,E:\work\worklist\pull_file\aflow\aflow_cif\cif\C1Na4O4__ICSD__d3ce58ccb2815c93.cif,,,aflowlib.duke.edu:AFLOWDATA/ICSD_WEB/MCLC/C1Na4O4_ICSD_245413,ICSD,"C,Na,O",3,9,8,8,mS18,mS18,AB4C4_mC18_8_a_2ab_2ab,AB4C4_mC18_8_a_2ab_2ab,1.999,-1.41034,"['20140615_10:27:43_GMT-4', '20140616_01:05:39_GMT-4', '20210902_12:22:15_GMT-4']",3.2.11,
aflow:d3ea98aff7ae3f28,N3Na1,skipped_existing,E:\work\worklist\pull_file\aflow\aflow_cif\cif\N3Na1__ICSD__d3ea98aff7ae3f28.cif,,,aflowlib.duke.edu:AFLOWDATA/ICSD_WEB/RHL/N3Na1_ICSD_34674,ICSD,"N,Na",2,4,166,166,hR4,hR4,A3B_hR4_166_bc_a,A3B_hR4_166_bc_a,3.9918,-0.118335,"['20140815_11:19:24_GMT-4', '20140815_13:02:47_GMT-4', '20210830_17:28:53_GMT-4']",3.2.11,
aflow:d488b7ecc44126e0,As4H16Na4O20,skipped_existing,E:\work\worklist\pull_file\aflow\aflow_cif\cif\As4H16Na4O20__ICSD__d488b7ecc44126e0.cif,,,aflowlib.duke.edu:AFLOWDATA/ICSD_WEB/ORC/As1H4Na1O5_ICSD_4284,ICSD,"As,H,Na,O",4,44,4,4,mP44,mP44,AB4CD5_mP44_4_2a_8a_2a_10a,AB4CD5_mP44_4_2a_8a_2a_10a,3.8488,-1.25851,"['20140811_06:30:50_GMT-4', '20140814_18:42:06_GMT-4', '20210902_05:38:31_GMT-4']",3.2.11,
aflow:d578a419c3f7342f,Na4O8S2,skipped_existing,E:\work\worklist\pull_file\aflow\aflow_cif\cif\Na4O8S2__ICSD__d578a419c3f7342f.cif,,,aflowlib.duke.edu:AFLOWDATA/ICSD_WEB/ORCC/Na2O4S1_ICSD_66555,ICSD,"Na,O,S",3,14,63,63,oS28,oS28,A2B4C_oC28_63_ac_fg_c,A2B4C_oC28_63_ac_fg_c,4.9966,-1.83252,"['20141109_02:23:53_GMT-5', '20141109_09:23:26_GMT-5', '20210831_07:09:15_GMT-4']",3.2.11,
aflow:d5c502f180a394d1,H4Na4O16Se4,skipped_existing,E:\work\worklist\pull_file\aflow\aflow_cif\cif\H4Na4O16Se4__ICSD__d5c502f180a394d1.cif,,,aflowlib.duke.edu:AFLOWDATA/ICSD_WEB/MCL/H1Na1O4Se1_ICSD_88893,ICSD,"H,Na,O,Se",4,28,14,14,mP28,mP28,ABC4D_mP28_14_e_e_4e_e,ABC4D_mP28_14_e_e_4e_e,3.651,-1.05403,"['20100915_12:50:53_GMT-4', '20100915_19:34:00_GMT-4', '20210901_04:59:54_GMT-4']",3.2.11,
aflow:d6c23be94a59f19e,I2Na4O1,skipped_existing,E:\work\worklist\pull_file\aflow\aflow_cif\cif\I2Na4O1__ICSD__d6c23be94a59f19e.cif,,,aflowlib.duke.edu:AFLOWDATA/ICSD_WEB/BCT/I2Na4O1_ICSD_67112,ICSD,"I,Na,O",3,7,139,139,tI14,tI14,A2B4C_tI14_139_e_ce_a,A2B4C_tI14_139_e_ce_a,2.2827,-1.28614,"['20150101_11:48:29_GMT-5', '20150102_12:08:38_GMT-5', '20210612_21:30:49_GMT-5']",3.2.9,
aflow:d7db67ebb6787d21,Na8Si8,skipped_existing,E:\work\worklist\pull_file\aflow\aflow_cif\cif\Na8Si8__ICSD__d7db67ebb6787d21.cif,,,aflowlib.duke.edu:AFLOWDATA/ICSD_WEB/MCLC/Na1Si1_ICSD_43276,ICSD,"Na,Si",2,16,15,15,mS32,mS32,AB_mC32_15_2f_2f,AB_mC32_15_2f_2f,1.1541,-0.0174118,"['20141226_22:16:41_GMT-5', '20141227_12:34:50_GMT-5', '20210528_08:08:57_GMT-5']",3.2.9,
aflow:d85f31e6f938b63f,H12Na4O24Si8,skipped_existing,E:\work\worklist\pull_file\aflow\aflow_cif\cif\H12Na4O24Si8__ICSD__d85f31e6f938b63f.cif,,,aflowlib.duke.edu:AFLOWDATA/ICSD_WEB/ORCF/H3Na1O6Si2_ICSD_39749,ICSD,"H,Na,O,Si",4,48,43,43,oF192,oF192,A3BC6D2_oF192_43_3b_b_6b_2b,A3BC6D2_oF192_43_3b_b_6b_2b,5.0622,-2.05644,"['20140918_12:30:36_GMT-4', '20140920_18:05:13_GMT-4', '20210831_23:58:52_GMT-4']",3.2.11,
aflow:d896b93f18da7085,Cl1Na3O1,skipped_existing,E:\work\worklist\pull_file\aflow\aflow_cif\cif\Cl1Na3O1__ICSD__d896b93f18da7085.cif,,,aflowlib.duke.edu:AFLOWDATA/ICSD_WEB/CUB/Cl1Na3O1_ICSD_67319,ICSD,"Cl,Na,O",3,5,221,221,cP5,cP5,AB3C_cP5_221_a_c_b,AB3C_cP5_221_a_c_b,2.0952,-1.47432,"['20150122_03:23:32_GMT-5', '20150122_03:50:43_GMT-5', '20210708_08:33:01_GMT-5']",3.2.10,
aflow:d8c3e9b0e7c8ad03,Na8P4Se12,skipped_existing,E:\work\worklist\pull_file\aflow\aflow_cif\cif\Na8P4Se12__ICSD__d8c3e9b0e7c8ad03.cif,,,aflowlib.duke.edu:AFLOWDATA/ICSD_WEB/ORCC/Na4P2Se6_ICSD_415240,ICSD,"Na,P,Se",3,24,64,64,oS48,oS48,A2BC3_oC48_64_ef_f_fg,A2BC3_oC48_64_ef_f_fg,1.7679,-0.726721,"['20141228_11:31:52_GMT-5', '20141229_13:26:08_GMT-5', '20210530_14:49:50_GMT-5']",3.2.9,
aflow:d8f22545f07b07ba,I2Na2O8,skipped_existing,E:\work\worklist\pull_file\aflow\aflow_cif\cif\I2Na2O8__ICSD__d8f22545f07b07ba.cif,,,aflowlib.duke.edu:AFLOWDATA/ICSD_WEB/BCT/I1Na1O4_ICSD_15968,ICSD,"I,Na,O",3,12,88,88,tI24,tI24,ABC4_tI24_88_a_b_f,ABC4_tI24_88_b_a_f,1.8775,-0.64957,"['20140614_18:57:30_GMT-4', '20140617_19:12:25_GMT-4', '20210831_10:37:02_GMT-4']",3.2.11,
aflow:d996b8d524516c24,Cl1Na1,skipped_existing,E:\work\worklist\pull_file\aflow\aflow_cif\cif\Cl1Na1__ICSD__d996b8d524516c24.cif,,,aflowlib.duke.edu:AFLOWDATA/ICSD_WEB/FCC/Cl1Na1_ICSD_61662,ICSD,"Cl,Na",2,2,225,225,cF8,cF8,AB_cF8_225_b_a,AB_cF8_225_b_a,5.0568,-1.83901,"['20140926_05:58:00_GMT-5', '20140926_06:52:53_GMT-5', '20210523_03:06:17_GMT-5']",3.2.9,
aflow:d9b6cf00722ac4b8,Na12Sb4Te12,skipped_existing,E:\work\worklist\pull_file\aflow\aflow_cif\cif\Na12Sb4Te12__ICSD__d9b6cf00722ac4b8.cif,,,aflowlib.duke.edu:AFLOWDATA/ICSD_WEB/CUB/Na3Sb1Te3_ICSD_75513,ICSD,"Na,Sb,Te",3,28,198,198,cP28,cP28,A3BC3_cP28_198_3a_a_b,A3BC3_cP28_198_3a_a_b,1.4349,-0.674546,"['20141204_05:16:54_GMT-5', '20141204_20:04:58_GMT-5', '20210708_02:53:22_GMT-5']",3.2.10,
aflow:daa431949daf0089,N2Na2O6,skipped_existing,E:\work\worklist\pull_file\aflow\aflow_cif\cif\N2Na2O6__ICSD__daa431949daf0089.cif,,,aflowlib.duke.edu:AFLOWDATA/ICSD_WEB/RHL/N1Na1O3_ICSD_15333,ICSD,"N,Na,O",3,10,167,167,hR10,hR10,ABC3_hR10_167_a_b_e,ABC3_hR10_167_a_b_e,2.9542,-0.973188,"['20140702_20:47:56_GMT-4', '20140703_00:45:32_GMT-4', '20210830_18:30:29_GMT-4']",3.2.11,
aflow:dade2efc2e549c2b,Cl4Na4O12,skipped_existing,E:\work\worklist\pull_file\aflow\aflow_cif\cif\Cl4Na4O12__ICSD__dade2efc2e549c2b.cif,,,aflowlib.duke.edu:AFLOWDATA/ICSD_WEB/CUB/Cl1Na1O3_ICSD_80339,ICSD,"Cl,Na,O",3,20,198,198,cP20,cP20,ABC3_cP20_198_a_a_b,ABC3_cP20_198_a_a_b,5.6371,-0.69598,"['20181101_08:23:49_GMT-4', '20181101_18:23:55_GMT-4', '20210901_14:50:24_GMT-4']",3.2.11,
aflow:db772f085d9b23f8,C16Na16,skipped_existing,E:\work\worklist\pull_file\aflow\aflow_cif\cif\C16Na16__ICSD__db772f085d9b23f8.cif,,,aflowlib.duke.edu:AFLOWDATA/ICSD_WEB/BCT/C2Na2_ICSD_89527,ICSD,"C,Na",2,32,142,142,tI64,tI64,AB_tI64_142_g_g,AB_tI64_142_g_g,3.4975,0.322338,"['20161111_17:16:48_GMT-5', '20161120_20:04:04_GMT-5', '20210521_06:33:54_GMT-5']",3.2.9,
aflow:dbbab498ffb65674,B2H8Na2,skipped_existing,E:\work\worklist\pull_file\aflow\aflow_cif\cif\B2H8Na2__ICSD__dbbab498ffb65674.cif,,,aflowlib.duke.edu:AFLOWDATA/ICSD_WEB/TET/B1H4Na1_ICSD_159241,ICSD,"B,H,Na",3,12,114,114,tP12,tP12,AB4C_tP12_114_b_e_a,AB4C_tP12_114_b_e_a,6.3334,-0.328289,"['20150119_16:58:58_GMT-5', '20150119_18:18:00_GMT-5', '20210601_06:37:15_GMT-5']",3.2.9,
aflow:dcb58957619d5303,C4H16N4Na4O8,skipped_existing,E:\work\worklist\pull_file\aflow\aflow_cif\cif\C4H16N4Na4O8__ICSD__dcb58957619d5303.cif,,,aflowlib.duke.edu:AFLOWDATA/ICSD_WEB/MCL/C1H4N1Na1O2_ICSD_830,ICSD,"C,H,N,Na,O",5,36,14,14,mP36,mP36,AB4CDE2_mP36_14_e_4e_e_e_2e,AB4CDE2_mP36_14_e_4e_e_e_2e,5.8385,-0.758174,"['20140806_12:11:04_GMT-4', '20140808_18:53:09_GMT-4', '20210901_11:46:25_GMT-4']",3.2.11,
aflow:dcd5f58e3cba523b,N2Na2O6,skipped_existing,E:\work\worklist\pull_file\aflow\aflow_cif\cif\N2Na2O6__ICSD__dcd5f58e3cba523b.cif,,,aflowlib.duke.edu:AFLOWDATA/ICSD_WEB/RHL/N1Na1O3_ICSD_180912,ICSD,"N,Na,O",3,10,167,167,hR10,hR10,ABC3_hR10_167_a_b_e,ABC3_hR10_167_a_b_e,2.9577,-0.973836,"['20141024_13:13:31_GMT-4', '20141024_20:15:07_GMT-4', '20210830_21:50:01_GMT-4']",3.2.11,
aflow:dd3c395c2f10dc11,C2Na4O6,skipped_existing,E:\work\worklist\pull_file\aflow\aflow_cif\cif\C2Na4O6__ICSD__dd3c395c2f10dc11.cif,,,aflowlib.duke.edu:AFLOWDATA/ICSD_WEB/MCLC/C1Na2O3_ICSD_81000,ICSD,"C,Na,O",3,12,12,12,mS24,mS24,AB2C3_mC24_12_i_aci_ij,AB2C3_mC24_12_i_aci_ij,3.8319,-1.74779,"['20140714_17:38:59_GMT-4', '20140715_08:23:11_GMT-4', '20210902_08:49:08_GMT-4']",3.2.11,
aflow:dd458b06d6e99656,As1F6Na1,skipped_existing,E:\work\worklist\pull_file\aflow\aflow_cif\cif\As1F6Na1__ICSD__dd458b06d6e99656.cif,,,aflowlib.duke.edu:AFLOWDATA/ICSD_WEB/RHL/As1F6Na1_ICSD_184562,ICSD,"As,F,Na",3,8,148,148,hR8,hR8,AB6C_hR8_148_a_f_b,AB6C_hR8_148_a_f_b,5.0869,-2.39624,"['20150126_12:14:15_GMT-5', '20150126_15:31:17_GMT-5', '20210531_15:51:27_GMT-5']",3.2.9,
aflow:deb0ce886bb23bfe,Na4P8S24Sb4,skipped_existing,E:\work\worklist\pull_file\aflow\aflow_cif\cif\Na4P8S24Sb4__ICSD__deb0ce886bb23bfe.cif,,,aflowlib.duke.edu:AFLOWDATA/ICSD_WEB/MCL/Na1P2S6Sb1_ICSD_155269,ICSD,"Na,P,S,Sb",4,40,14,14,mP40,mP40,AB2C6D_mP40_14_e_2e_6e_e,AB2C6D_mP40_14_e_2e_6e_e,2.034,-0.470696,"['20100919_14:05:29_GMT-5', '20100920_04:28:31_GMT-5', '20210527_10:49:35_GMT-5']",3.2.9,
aflow:dec05880f4462ae7,C12Na4O12,skipped_existing,E:\work\worklist\pull_file\aflow\aflow_cif\cif\C12Na4O12__ICSD__dec05880f4462ae7.cif,,,aflowlib.duke.edu:AFLOWDATA/ICSD_WEB/ORCF/C6Na2O6_ICSD_170805,ICSD,"C,Na,O",3,28,70,70,oF112,oF112,A3BC3_oF112_70_eh_f_eh,A3BC3_oF112_70_eh_f_eh,1.0268,-0.942111,"['20160625_23:46:54_GMT-4', '20160627_03:36:59_GMT-4', '20210901_00:03:54_GMT-4']",3.2.11,
aflow:df404eedddad610d,Br1Na1,skipped_existing,E:\work\worklist\pull_file\aflow\aflow_cif\cif\Br1Na1__ICSD__df404eedddad610d.cif,,,aflowlib.duke.edu:AFLOWDATA/ICSD_WEB/FCC/Br1Na1_ICSD_26910,ICSD,"Br,Na",2,2,225,225,cF8,cF8,AB_cF8_225_b_a,AB_cF8_225_b_a,4.1143,-1.60729,"['20140722_15:08:24_GMT-5', '20140722_22:08:16_GMT-5', '20210522_21:57:13_GMT-5']",3.2.9,
aflow:df77512221e0dfcf,C2Na4O6,skipped_existing,E:\work\worklist\pull_file\aflow\aflow_cif\cif\C2Na4O6__ICSD__df77512221e0dfcf.cif,,,aflowlib.duke.edu:AFLOWDATA/ICSD_WEB/HEX/C1Na2O3_ICSD_81008,ICSD,"C,Na,O",3,12,194,194,hP12,hP12,AB2C3_hP12_194_c_ad_h,AB2C3_hP12_194_d_ac_h,3.1856,-1.73324,"['20140722_06:50:38_GMT-4', '20140722_20:18:35_GMT-4', '20210831_19:56:46_GMT-4']",3.2.11,
aflow:dfb00d2621112db1,H20Na4O16Si2,skipped_existing,E:\work\worklist\pull_file\aflow\aflow_cif\cif\H20Na4O16Si2__ICSD__dfb00d2621112db1.cif,,,aflowlib.duke.edu:AFLOWDATA/ICSD_WEB/TRI/H10Na2O8Si1_ICSD_48195,ICSD,"H,Na,O,Si",4,42,2,2,aP42,aP42,A10B2C8D_aP42_2_10i_2i_8i_i,A10B2C8D_aP42_2_10i_2i_8i_i,4.5614,-1.43749,"['20170527_12:51:17_GMT-4', '20170528_06:42:37_GMT-4', '20210831_03:07:46_GMT-4']",3.2.11,
aflow:dff2d2556a61911d,N2Na2O6,skipped_existing,E:\work\worklist\pull_file\aflow\aflow_cif\cif\N2Na2O6__ICSD__dff2d2556a61911d.cif,,,aflowlib.duke.edu:AFLOWDATA/ICSD_WEB/RHL/N1Na1O3_ICSD_78801,ICSD,"N,Na,O",3,10,167,167,hR10,hR10,ABC3_hR10_167_a_b_e,ABC3_hR10_167_a_b_e,2.9605,-0.973922,"['20140920_02:57:56_GMT-4', '20140920_11:37:40_GMT-4', '20210830_20:01:31_GMT-4']",3.2.11,
aflow:e0a2ffe74d06e68a,As4Na4S8,skipped_existing,E:\work\worklist\pull_file\aflow\aflow_cif\cif\As4Na4S8__ICSD__e0a2ffe74d06e68a.cif,,,aflowlib.duke.edu:AFLOWDATA/ICSD_WEB/MCL/As1Na1S2_ICSD_854,ICSD,"As,Na,S",3,16,2,2,aP16,aP16,ABC2_aP16_2_2i_2i_4i,ABC2_aP16_2_2i_2i_4i,1.3843,-0.600057,"['20100907_21:40:26_GMT-5', '20100907_22:07:58_GMT-5', '20210526_12:45:52_GMT-5']",3.2.9,
aflow:e0b1ecb3412222c4,Cl4Na4O12,skipped_existing,E:\work\worklist\pull_file\aflow\aflow_cif\cif\Cl4Na4O12__ICSD__e0b1ecb3412222c4.cif,,,aflowlib.duke.edu:AFLOWDATA/ICSD_WEB/CUB/Cl1Na1O3_ICSD_28830,ICSD,"Cl,Na,O",3,20,198,198,cP20,cP20,ABC3_cP20_198_a_a_b,ABC3_cP20_198_a_a_b,5.6178,-0.695582,"['20140114_17:23:48_GMT-5', '20140115_09:47:20_GMT-5', '20210901_15:45:23_GMT-4']",3.2.11,
aflow:e0b53dd9489cc2f7,Na8Se20Si8,skipped_existing,E:\work\worklist\pull_file\aflow\aflow_cif\cif\Na8Se20Si8__ICSD__e0b53dd9489cc2f7.cif,,,aflowlib.duke.edu:AFLOWDATA/ICSD_WEB/ORCC/Na4Se10Si4_ICSD_49001,ICSD,"Na,Se,Si",3,36,63,63,oS72,oS72,A2B5C2_oC72_63_eg_2cfgh_fg,A2B5C2_oC72_63_eg_2cfgh_fg,2.4195,-0.741082,"['20170419_19:06:34_GMT-5', '20170420_08:36:48_GMT-5', '20210530_14:55:02_GMT-5']",3.2.9,
aflow:e101c8ca27457553,Ge8Na8S20,skipped_existing,E:\work\worklist\pull_file\aflow\aflow_cif\cif\Ge8Na8S20__ICSD__e101c8ca27457553.cif,,,aflowlib.duke.edu:AFLOWDATA/ICSD_WEB/ORCC/Ge4Na4S10_ICSD_25382,ICSD,"Ge,Na,S",3,36,63,63,oS72,oS72,A2B2C5_oC72_63_fg_eg_2cfgh,A2B2C5_oC72_63_fg_eg_2cfgh,2.4646,-0.678834,"['20150121_09:06:03_GMT-5', '20150123_12:02:03_GMT-5', '20210530_12:33:24_GMT-5']",3.2.9,
aflow:e1b397d9090d0c10,I4Na4O12,skipped_existing,E:\work\worklist\pull_file\aflow\aflow_cif\cif\I4Na4O12__ICSD__e1b397d9090d0c10.cif,,,aflowlib.duke.edu:AFLOWDATA/ICSD_WEB/ORC/I1Na1O3_ICSD_20168,ICSD,"I,Na,O",3,20,33,33,oP20,oP20,ABC3_oP20_33_a_a_3a,ABC3_oP20_33_a_a_3a,3.6855,-0.922938,"['20150106_10:28:23_GMT-5', '20150106_21:50:14_GMT-5', '20210901_23:45:03_GMT-4']",3.2.11,
aflow:e1ccf85349b92bca,C4H5Na3O8,skipped_existing,E:\work\worklist\pull_file\aflow\aflow_cif\cif\C4H5Na3O8__ICSD__e1ccf85349b92bca.cif,,,aflowlib.duke.edu:AFLOWDATA/ICSD_WEB/TRI/C4H5Na3O8_ICSD_109935,ICSD,"C,H,Na,O",4,20,2,2,aP20,aP20,A4B5C3D8_aP20_2_2i_b2i_ei_4i,A4B5C3D8_aP20_2_2i_b2i_ei_4i,4.4637,-1.197,"['20141212_05:12:17_GMT-5', '20141213_09:03:21_GMT-5', '20210830_22:58:14_GMT-4']",3.2.11,
aflow:e26946284bc7ced3,B6Na6O12,skipped_existing,E:\work\worklist\pull_file\aflow\aflow_cif\cif\B6Na6O12__ICSD__e26946284bc7ced3.cif,,,aflowlib.duke.edu:AFLOWDATA/ICSD_WEB/RHL/B3Na3O6_ICSD_15967,ICSD,"B,Na,O",3,24,167,167,hR24,hR24,ABC2_hR24_167_e_e_2e,ABC2_hR24_167_e_e_2e,4.1278,-2.28789,"['20120115_00:52:18_GMT-5', '20120115_09:35:30_GMT-5', '20210623_09:28:43_GMT-5']",3.2.9,
aflow:e32c3e2ae0fe9bbf,Na2Se1,skipped_existing,E:\work\worklist\pull_file\aflow\aflow_cif\cif\Na2Se1__ICSD__e32c3e2ae0fe9bbf.cif,,,aflowlib.duke.edu:AFLOWDATA/ICSD_WEB/FCC/Na2Se1_ICSD_54281,ICSD,"Na,Se",2,3,225,225,cF12,cF12,A2B_cF12_225_c_a,A2B_cF12_225_c_a,2.0584,-1.07455,"['20141214_21:34:58_GMT-5', '20141214_23:08:15_GMT-5', '20210523_19:55:42_GMT-5']",3.2.9,
aflow:e3e31c4914d59e25,Cl1Na1,skipped_existing,E:\work\worklist\pull_file\aflow\aflow_cif\cif\Cl1Na1__ICSD__e3e31c4914d59e25.cif,,,aflowlib.duke.edu:AFLOWDATA/ICSD_WEB/FCC/Cl1Na1_ICSD_53816,ICSD,"Cl,Na",2,2,225,225,cF8,cF8,AB_cF8_225_b_a,AB_cF8_225_b_a,5.0569,-1.839,"['20140924_23:59:47_GMT-5', '20140925_01:20:22_GMT-5', '20210523_03:05:39_GMT-5']",3.2.9,
aflow:e46ecbd26ca320c6,H1Na1,skipped_existing,E:\work\worklist\pull_file\aflow\aflow_cif\cif\H1Na1__ICSD__e46ecbd26ca320c6.cif,,,aflowlib.duke.edu:AFLOWDATA/ICSD_WEB/CUB/H1Na1_ICSD_261354,ICSD,"H,Na",2,2,221,221,cP2,cP2,AB_cP2_221_b_a,AB_cP2_221_b_a,1.0365,-0.0377555,"['20120121_21:57:15_GMT-5', '20120121_22:39:32_GMT-5', '20210522_07:56:00_GMT-5']",3.2.9,
aflow:e489bef28d6924b7,C2H2Na2O4,skipped_existing,E:\work\worklist\pull_file\aflow\aflow_cif\cif\C2H2Na2O4__ICSD__e489bef28d6924b7.cif,,,aflowlib.duke.edu:AFLOWDATA/ICSD_WEB/MCLC/C1H1Na1O2_ICSD_151258,ICSD,"C,H,Na,O",4,10,15,15,mS20,mS20,ABCD2_mC20_15_e_e_e_f,ABCD2_mC20_15_e_e_e_f,4.8407,-1.28318,"['20140831_16:06:13_GMT-4', '20140831_23:14:12_GMT-4', '20210902_17:12:32_GMT-4']",3.2.11,
aflow:e4db776ecaa934fe,N3Na1,skipped_existing,E:\work\worklist\pull_file\aflow\aflow_cif\cif\N3Na1__ICSD__e4db776ecaa934fe.cif,,,aflowlib.duke.edu:AFLOWDATA/ICSD_WEB/RHL/N3Na1_ICSD_1144,ICSD,"N,Na",2,4,166,166,hR4,hR4,A3B_hR4_166_bc_a,A3B_hR4_166_bc_a,4.0083,-0.119053,"['20150102_01:43:28_GMT-5', '20150102_03:34:32_GMT-5', '20210830_21:47:14_GMT-4']",3.2.11,
aflow:e58f2045434c3f00,Br2H12Na2O10,skipped_existing,E:\work\worklist\pull_file\aflow\aflow_cif\cif\Br2H12Na2O10__ICSD__e58f2045434c3f00.cif,,,aflowlib.duke.edu:AFLOWDATA/ICSD_WEB/TRI/Br1H6Na1O5_ICSD_74654,ICSD,"Br,H,Na,O",4,26,2,2,aP26,aP26,AB6CD5_aP26_2_i_6i_i_5i,AB6CD5_aP26_2_i_6i_i_5i,2.1673,-0.919837,"['20160520_03:45:44_GMT-4', '20160521_18:36:58_GMT-4', '20210831_01:52:55_GMT-4']",3.2.11,
aflow:e66e1d534235676b,N1Na1O2,skipped_existing,E:\work\worklist\pull_file\aflow\aflow_cif\cif\N1Na1O2__ICSD__e66e1d534235676b.cif,,,aflowlib.duke.edu:AFLOWDATA/ICSD_WEB/ORCI/N1Na1O2_ICSD_76000,ICSD,"N,Na,O",3,4,44,44,oI8,oI8,ABC2_oI8_44_a_a_c,ABC2_oI8_44_a_a_c,2.411,-0.905106,"['20140927_17:23:55_GMT-4', '20140928_01:32:48_GMT-4', '20210830_22:43:47_GMT-4']",3.2.11,
aflow:e8a252f5066461df,F12Na8O16S4Sb4,skipped_existing,E:\work\worklist\pull_file\aflow\aflow_cif\cif\F12Na8O16S4Sb4__ICSD__e8a252f5066461df.cif,,,aflowlib.duke.edu:AFLOWDATA/ICSD_WEB/ORCC/F3Na2O4S1Sb1_ICSD_200960,ICSD,"F,Na,O,S,Sb",5,44,64,64,oS88,oS88,A3B2C4DE_oC88_64_fg_de_2g_d_f,A3B2C4DE_oC88_64_fg_de_2g_d_f,4.443,-2.07996,"['20170612_20:34:55_GMT-4', '20170613_09:05:56_GMT-4', '20210831_09:45:14_GMT-4']",3.2.11,
aflow:e8c1e557a3772a2d,Ge8Na8Se20,skipped_existing,E:\work\worklist\pull_file\aflow\aflow_cif\cif\Ge8Na8Se20__ICSD__e8c1e557a3772a2d.cif,,,aflowlib.duke.edu:AFLOWDATA/ICSD_WEB/ORC/Ge2Na2Se5_ICSD_40453,ICSD,"Ge,Na,Se",3,36,33,33,oP36,oP36,A2B2C5_oP36_33_2a_2a_5a,A2B2C5_oP36_33_2a_2a_5a,1.3625,-0.610476,"['20141226_12:25:56_GMT-5', '20141230_16:58:43_GMT-5', '20210529_13:16:30_GMT-5']",3.2.9,
aflow:e8dd43db05f0827d,Ge4Na8S12,skipped_existing,E:\work\worklist\pull_file\aflow\aflow_cif\cif\Ge4Na8S12__ICSD__e8dd43db05f0827d.cif,,,aflowlib.duke.edu:AFLOWDATA/ICSD_WEB/MCL/Ge1Na2S3_ICSD_23455,ICSD,"Ge,Na,S",3,24,14,14,mP24,mP24,AB2C3_mP24_14_e_2e_3e,AB2C3_mP24_14_e_2e_3e,2.4484,-0.84388,"['20150108_16:35:42_GMT-5', '20150110_06:52:04_GMT-5', '20210527_05:48:08_GMT-5']",3.2.9,
aflow:e96bd614ad1d5cf1,N3Na1,skipped_existing,E:\work\worklist\pull_file\aflow\aflow_cif\cif\N3Na1__ICSD__e96bd614ad1d5cf1.cif,,,aflowlib.duke.edu:AFLOWDATA/ICSD_WEB/RHL/N3Na1_ICSD_644523,ICSD,"N,Na",2,4,160,160,hR4,hR4,A3B_hR4_160_3a_a,A3B_hR4_160_3a_a,4.0345,-0.120022,"['20181015_11:25:27_GMT-4', '20181015_18:49:33_GMT-4', '20210830_19:32:10_GMT-4']",3.2.11,
aflow:e971a548934b7c6e,As4Na20O20,skipped_existing,E:\work\worklist\pull_file\aflow\aflow_cif\cif\As4Na20O20__ICSD__e971a548934b7c6e.cif,,,aflowlib.duke.edu:AFLOWDATA/ICSD_WEB/ORC/As1Na5O5_ICSD_411721,ICSD,"As,Na,O",3,44,57,57,oP44,oP44,AB5C5_oP44_57_d_c2de_3de,AB5C5_oP44_57_d_c2de_3de,1.4273,-1.58453,"['20170607_09:33:52_GMT-5', '20170607_18:45:54_GMT-5', '20210619_13:02:58_GMT-5']",3.2.9,
aflow:e9b352c734c60a7e,Na12Se14Si4,skipped_existing,E:\work\worklist\pull_file\aflow\aflow_cif\cif\Na12Se14Si4__ICSD__e9b352c734c60a7e.cif,,,aflowlib.duke.edu:AFLOWDATA/ICSD_WEB/MCLC/Na6Se7Si2_ICSD_300236,ICSD,"Na,Se,Si",3,30,15,15,mS60,mS60,A6B7C2_mC60_15_ce2f_e3f_f,A6B7C2_mC60_15_ce2f_e3f_f,2.1746,-0.934821,"['20161008_11:40:11_GMT-5', '20161010_03:03:26_GMT-5', '20210528_08:28:59_GMT-5']",3.2.9,
aflow:ea198758e35670cb,Na4S4,skipped_existing,E:\work\worklist\pull_file\aflow\aflow_cif\cif\Na4S4__ICSD__ea198758e35670cb.cif,,,aflowlib.duke.edu:AFLOWDATA/ICSD_WEB/HEX/Na2S2_ICSD_644955,ICSD,"Na,S",2,8,194,194,hP8,hP8,AB_hP8_194_ac_f,AB_hP8_194_ac_f,1.245,-0.834433,"['20141016_03:45:07_GMT-5', '20141016_09:57:50_GMT-5', '20210526_01:02:05_GMT-5']",3.2.9,
aflow:ea46a23fe3f8f595,Na4O6Si2,skipped_existing,E:\work\worklist\pull_file\aflow\aflow_cif\cif\Na4O6Si2__ICSD__ea46a23fe3f8f595.cif,,,aflowlib.duke.edu:AFLOWDATA/ICSD_WEB/ORCC/Na2O3Si1_ICSD_15388,ICSD,"Na,O,Si",3,12,36,36,oS24,oS24,A2B3C_oC24_36_b_ab_a,A2B3C_oC24_36_b_ab_a,3.8991,-2.37176,"['20150117_15:21:47_GMT-5', '20150117_19:16:30_GMT-5', '20210620_22:15:12_GMT-5']",3.2.9,
aflow:eab359d87b48516b,Cl4Na4O12,skipped_existing,E:\work\worklist\pull_file\aflow\aflow_cif\cif\Cl4Na4O12__ICSD__eab359d87b48516b.cif,,,aflowlib.duke.edu:AFLOWDATA/ICSD_WEB/CUB/Cl1Na1O3_ICSD_16714,ICSD,"Cl,Na,O",3,20,198,198,cP20,cP20,ABC3_cP20_198_a_a_b,ABC3_cP20_198_a_a_b,5.6547,-0.695696,"['20140711_06:06:45_GMT-4', '20140711_13:34:09_GMT-4', '20210901_13:17:23_GMT-4']",3.2.11,
aflow:eaf405314e33b465,Br4H16Na4O8,skipped_existing,E:\work\worklist\pull_file\aflow\aflow_cif\cif\Br4H16Na4O8__ICSD__eaf405314e33b465.cif,,,aflowlib.duke.edu:AFLOWDATA/ICSD_WEB/MCL/Br1H4Na1O2_ICSD_34465,ICSD,"Br,H,Na,O",4,32,14,14,mP32,mP32,AB4CD2_mP32_14_e_4e_e_2e,AB4CD2_mP32_14_e_4e_e_2e,4.2496,-1.17917,"['20140707_00:26:58_GMT-4', '20140708_19:51:14_GMT-4', '20210901_05:47:51_GMT-4']",3.2.11,
aflow:ebc222312c80e3b3,Na6O18P6,skipped_existing,E:\work\worklist\pull_file\aflow\aflow_cif\cif\Na6O18P6__ICSD__ebc222312c80e3b3.cif,,,aflowlib.duke.edu:AFLOWDATA/ICSD_WEB/TRI/Na1O3P1_ICSD_174021,ICSD,"Na,O,P",3,30,2,2,aP30,aP30,AB3C_aP30_2_3i_9i_3i,AB3C_aP30_2_3i_9i_3i,5.128,-2.26118,"['20161014_17:10:00_GMT-4', '20161017_23:55:30_GMT-4', '20210831_00:57:59_GMT-4']",3.2.11,
aflow:ebdb33dc967c33ea,F2H12N2Na2O8P2,skipped_existing,E:\work\worklist\pull_file\aflow\aflow_cif\cif\F2H12N2Na2O8P2__ICSD__ebdb33dc967c33ea.cif,,,aflowlib.duke.edu:AFLOWDATA/ICSD_WEB/TRI/F1H6N1Na1O4P1_ICSD_240974,ICSD,"F,H,N,Na,O,P",6,28,1,1,aP28,aP28,AB6CDE4F_aP28_1_2a_12a_2a_2a_8a_2a,AB6CDE4F_aP28_1_2a_12a_2a_2a_8a_2a,3.4705,-1.3213,"['20160629_11:23:52_GMT-4', '20160707_06:01:11_GMT-4', '20210831_00:47:18_GMT-4']",3.2.11,
aflow:ec23029a18d3fec9,Cl1Na1,skipped_existing,E:\work\worklist\pull_file\aflow\aflow_cif\cif\Cl1Na1__ICSD__ec23029a18d3fec9.cif,,,aflowlib.duke.edu:AFLOWDATA/ICSD_WEB/FCC/Cl1Na1_ICSD_165592,ICSD,"Cl,Na",2,2,225,225,cF8,cF8,AB_cF8_225_b_a,AB_cF8_225_b_a,5.0577,-1.8392,"['20140924_12:24:10_GMT-5', '20140924_14:45:51_GMT-5', '20210523_03:01:59_GMT-5']",3.2.9,
aflow:ec36656c3657317c,Cl1Na1,skipped_existing,E:\work\worklist\pull_file\aflow\aflow_cif\cif\Cl1Na1__ICSD__ec36656c3657317c.cif,,,aflowlib.duke.edu:AFLOWDATA/ICSD_WEB/CUB/Cl1Na1_ICSD_622368,ICSD,"Cl,Na",2,2,221,221,cP2,cP2,AB_cP2_221_a_b,AB_cP2_221_a_b,4.0148,-1.685,"['20140924_17:10:15_GMT-5', '20140924_17:50:31_GMT-5', '20210522_04:42:06_GMT-5']",3.2.9,
aflow:ec746eef1975aa25,Br4Na4O12,skipped_existing,E:\work\worklist\pull_file\aflow\aflow_cif\cif\Br4Na4O12__ICSD__ec746eef1975aa25.cif,,,aflowlib.duke.edu:AFLOWDATA/ICSD_WEB/CUB/Br1Na1O3_ICSD_28831,ICSD,"Br,Na,O",3,20,198,198,cP20,cP20,ABC3_cP20_198_a_a_b,ABC3_cP20_198_a_a_b,4.4706,-0.610664,"['20140714_17:35:37_GMT-4', '20140715_10:47:21_GMT-4', '20210901_15:23:59_GMT-4']",3.2.11,
aflow:eca29277e36a0b1b,N2Na2O6,skipped_existing,E:\work\worklist\pull_file\aflow\aflow_cif\cif\N2Na2O6__ICSD__eca29277e36a0b1b.cif,,,aflowlib.duke.edu:AFLOWDATA/ICSD_WEB/RHL/N1Na1O3_ICSD_2865,ICSD,"N,Na,O",3,10,167,167,hR10,hR10,ABC3_hR10_167_a_b_e,ABC3_hR10_167_a_b_e,2.9573,-0.97379,"['20141227_07:10:44_GMT-5', '20141227_11:20:01_GMT-5', '20210830_18:35:58_GMT-4']",3.2.11,
aflow:ecb6c9b30b709e44,B4H4Na8O12,skipped_existing,E:\work\worklist\pull_file\aflow\aflow_cif\cif\B4H4Na8O12__ICSD__ecb6c9b30b709e44.cif,,,aflowlib.duke.edu:AFLOWDATA/ICSD_WEB/ORC/B1H1Na2O3_ICSD_27211,ICSD,"B,H,Na,O",4,28,62,62,oP28,oP28,ABC2D3_oP28_62_c_c_2c_3c,ABC2D3_oP28_62_c_c_2c_3c,3.8244,-1.91202,"['20140715_01:16:48_GMT-4', '20140715_16:19:57_GMT-4', '20210902_01:24:22_GMT-4']",3.2.11,
aflow:eceefbe0f5d07d00,Na2S1,skipped_existing,E:\work\worklist\pull_file\aflow\aflow_cif\cif\Na2S1__ICSD__eceefbe0f5d07d00.cif,,,aflowlib.duke.edu:AFLOWDATA/ICSD_WEB/FCC/Na2S1_ICSD_56024,ICSD,"Na,S",2,3,225,225,cF12,cF12,A2B_cF12_225_c_a,A2B_cF12_225_c_a,2.4848,-1.07541,"['20141214_03:32:03_GMT-5', '20141214_04:09:01_GMT-5', '20210707_16:53:03_GMT-5']",3.2.10,
aflow:ed954a91cdb2c6e1,N2Na2O6,skipped_existing,E:\work\worklist\pull_file\aflow\aflow_cif\cif\N2Na2O6__ICSD__ed954a91cdb2c6e1.cif,,,aflowlib.duke.edu:AFLOWDATA/ICSD_WEB/RHL/N1Na1O3_ICSD_92572,ICSD,"N,Na,O",3,10,167,167,hR10,hR10,ABC3_hR10_167_a_b_e,ABC3_hR10_167_a_b_e,2.9672,-0.973616,"['20141023_00:54:06_GMT-4', '20141023_06:07:02_GMT-4', '20210830_21:05:18_GMT-4']",3.2.11,
aflow:edc556b79bac42bc,F16Na4Sb4,skipped_existing,E:\work\worklist\pull_file\aflow\aflow_cif\cif\F16Na4Sb4__ICSD__edc556b79bac42bc.cif,,,aflowlib.duke.edu:AFLOWDATA/ICSD_WEB/MCL/F4Na1Sb1_ICSD_24750,ICSD,"F,Na,Sb",3,24,14,14,mP24,mP24,A4BC_mP24_14_4e_e_e,A4BC_mP24_14_4e_e_e,4.3278,-2.60588,"['20141220_20:10:10_GMT-5', '20141222_09:48:45_GMT-5', '20210527_04:19:49_GMT-5']",3.2.9,
aflow:ef261ad7b35866a4,Br4Na4O12,downloaded,E:\work\worklist\pull_file\aflow\aflow_cif\cif\Br4Na4O12__ICSD__ef261ad7b35866a4.cif,Br1Na1O3_ICSD_47174.cif,https://aflowlib.duke.edu/AFLOWDATA/ICSD_WEB/CUB/Br1Na1O3_ICSD_47174/Br1Na1O3_ICSD_47174.cif,aflowlib.duke.edu:AFLOWDATA/ICSD_WEB/CUB/Br1Na1O3_ICSD_47174,ICSD,"Br,Na,O",3,20,198,198,cP20,cP20,ABC3_cP20_198_a_a_b,ABC3_cP20_198_a_a_b,4.4464,-0.611241,"['20140810_13:04:10_GMT-4', '20140810_18:21:48_GMT-4', '20210901_14:04:47_GMT-4']",3.2.11,
aflow:ef3f72027c70b7f1,Na6O6,skipped_existing,E:\work\worklist\pull_file\aflow\aflow_cif\cif\Na6O6__ICSD__ef3f72027c70b7f1.cif,,,aflowlib.duke.edu:AFLOWDATA/ICSD_WEB/HEX/Na2O2_ICSD_109276,ICSD,"Na,O",2,12,189,189,hP12,hP12,AB_hP12_189_fg_eh,AB_hP12_189_fg_eh,1.7589,-1.08351,"['20141103_13:52:13_GMT-5', '20141103_23:29:52_GMT-5', '20210616_15:18:59_GMT-5']",3.2.9,
aflow:efc1fafcd10d0d09,Na8S20,skipped_existing,E:\work\worklist\pull_file\aflow\aflow_cif\cif\Na8S20__ICSD__efc1fafcd10d0d09.cif,,,aflowlib.duke.edu:AFLOWDATA/ICSD_WEB/ORC/Na2S5_ICSD_644956,ICSD,"Na,S",2,28,62,62,oP28,oP28,A2B5_oP28_62_ac_c2d,A2B5_oP28_62_ac_c2d,1.7549,-0.499396,"['20160720_12:28:38_GMT-5', '20160721_05:17:31_GMT-5', '20210529_20:52:25_GMT-5']",3.2.9,
aflow:f0075c1a904503ba,F18Ge3Na6,skipped_existing,E:\work\worklist\pull_file\aflow\aflow_cif\cif\F18Ge3Na6__ICSD__f0075c1a904503ba.cif,,,aflowlib.duke.edu:AFLOWDATA/ICSD_WEB/HEX/F6Ge1Na2_ICSD_30344,ICSD,"F,Ge,Na",3,27,164,164,hP27,hP27,A6BC2_hP27_164_3i_ad_g,A6BC2_hP27_164_3i_ad_g,5.572,-2.66529,"['20141227_09:02:22_GMT-5', '20141229_11:49:46_GMT-5', '20210525_11:27:21_GMT-5']",3.2.9,
aflow:f019ec44ae7818e5,C2Na4O6,skipped_existing,E:\work\worklist\pull_file\aflow\aflow_cif\cif\C2Na4O6__ICSD__f019ec44ae7818e5.cif,,,aflowlib.duke.edu:AFLOWDATA/ICSD_WEB/HEX/C1Na2O3_ICSD_81013,ICSD,"C,Na,O",3,12,194,194,hP12,hP12,AB2C3_hP12_194_d_ac_h,AB2C3_hP12_194_c_ad_h,3.22,-1.7334,"['20140526_13:20:16_GMT-4', '20140526_23:29:16_GMT-4', '20210831_14:19:03_GMT-4']",3.2.11,
aflow:f0e8460064fa98a6,Ge2Na4O12Te2,skipped_existing,E:\work\worklist\pull_file\aflow\aflow_cif\cif\Ge2Na4O12Te2__ICSD__f0e8460064fa98a6.cif,,,aflowlib.duke.edu:AFLOWDATA/ICSD_WEB/HEX/Ge1Na2O6Te1_ICSD_88789,ICSD,"Ge,Na,O,Te",4,20,163,163,hP20,hP20,AB2C6D_hP20_163_c_f_i_a,AB2C6D_hP20_163_c_f_i_a,2.6547,-1.54824,"['20150120_19:12:27_GMT-5', '20150121_09:18:57_GMT-5', '20210831_19:44:07_GMT-4']",3.2.11,
aflow:f13a6fb465b7cd26,C4H12N8Na2O8P2,skipped_existing,E:\work\worklist\pull_file\aflow\aflow_cif\cif\C4H12N8Na2O8P2__ICSD__f13a6fb465b7cd26.cif,,,aflowlib.duke.edu:AFLOWDATA/ICSD_WEB/MCLC/C2H6N4Na1O4P1_ICSD_424129,ICSD,"C,H,N,Na,O,P",6,36,15,15,mS72,mS72,A2B6C4DE4F_mC72_15_f_3f_2f_a_2f_e,A2B6C4DE4F_mC72_15_f_3f_2f_a_2f_e,4.922,-0.91113,"['20170131_08:34:17_GMT-5', '20170131_19:29:10_GMT-5', '20210902_08:38:00_GMT-4']",3.2.11,
aflow:f1e8d3cbaaac171c,Ge8Na2O24P6,skipped_existing,E:\work\worklist\pull_file\aflow\aflow_cif\cif\Ge8Na2O24P6__ICSD__f1e8d3cbaaac171c.cif,,,aflowlib.duke.edu:AFLOWDATA/ICSD_WEB/RHL/Ge4Na1O12P3_ICSD_240922,ICSD,"Ge,Na,O,P",4,40,161,161,hR40,hR40,A4BC12D3_hR40_161_ab_a_4b_b,A4BC12D3_hR40_161_ab_a_4b_b,4.3979,-1.90094,"['20130805_09:51:10_GMT-4', '20130809_01:51:46_GMT-4', '20210830_21:32:52_GMT-4']",3.2.11,
aflow:f26150f7ca24b907,B2Cl2H8Na4O8,skipped_existing,E:\work\worklist\pull_file\aflow\aflow_cif\cif\B2Cl2H8Na4O8__ICSD__f26150f7ca24b907.cif,,,aflowlib.duke.edu:AFLOWDATA/ICSD_WEB/TET/B1Cl1H4Na2O4_ICSD_32518,ICSD,"B,Cl,H,Na,O",5,24,129,129,tP24,tP24,ABC4D2E4_tP24_129_a_c_i_e_i,ABC4D2E4_tP24_129_a_c_i_e_i,4.6316,-1.60245,"['20150123_06:55:14_GMT-5', '20150123_11:58:23_GMT-5', '20210902_19:12:53_GMT-4']",3.2.11,
aflow:f2ac5b71be198dab,H24Na4O18Si2,skipped_existing,E:\work\worklist\pull_file\aflow\aflow_cif\cif\H24Na4O18Si2__ICSD__f2ac5b71be198dab.cif,,,aflowlib.duke.edu:AFLOWDATA/ICSD_WEB/MCL/H12Na2O9Si1_ICSD_9171,ICSD,"H,Na,O,Si",4,48,4,4,mP48,mP48,A12B2C9D_mP48_4_12a_2a_9a_a,A12B2C9D_mP48_4_12a_2a_9a_a,4.6812,-1.38053,"['20140906_16:13:58_GMT-4', '20140907_18:12:20_GMT-4', '20210901_03:49:07_GMT-4']",3.2.11,
aflow:f2acfaae6c6444d6,C2Na4O6,skipped_existing,E:\work\worklist\pull_file\aflow\aflow_cif\cif\C2Na4O6__ICSD__f2acfaae6c6444d6.cif,,,aflowlib.duke.edu:AFLOWDATA/ICSD_WEB/MCLC/C1Na2O3_ICSD_80997,ICSD,"C,Na,O",3,12,12,12,mS24,mS24,AB2C3_mC24_12_i_aci_ij,AB2C3_mC24_12_i_aci_ij,3.8673,-1.74773,"['20140512_18:40:11_GMT-4', '20140521_21:42:27_GMT-4', '20210902_15:01:29_GMT-4']",3.2.11,
aflow:f2e5bb13bfdf52e5,B4H16Na4O16,skipped_existing,E:\work\worklist\pull_file\aflow\aflow_cif\cif\B4H16Na4O16__ICSD__f2e5bb13bfdf52e5.cif,,,aflowlib.duke.edu:AFLOWDATA/ICSD_WEB/ORC/B1H4Na1O4_ICSD_167112,ICSD,"B,H,Na,O",4,40,19,19,oP40,oP40,AB4CD4_oP40_19_a_4a_a_4a,AB4CD4_oP40_19_a_4a_a_4a,5.107,-1.55294,"['20140722_15:53:40_GMT-4', '20140726_11:50:58_GMT-4', '20210902_01:57:11_GMT-4']",3.2.11,
aflow:f38cc22dc8d9413c,Cl1Na1O4,skipped_existing,E:\work\worklist\pull_file\aflow\aflow_cif\cif\Cl1Na1O4__ICSD__f38cc22dc8d9413c.cif,,,aflowlib.duke.edu:AFLOWDATA/ICSD_WEB/FCC/Cl1Na1O4_ICSD_33567,ICSD,"Cl,Na,O",3,6,216,216,cF24,cF24,ABC4_cF24_216_a_b_e,ABC4_cF24_216_a_b_e,4.4935,-0.464668,"['20141203_10:45:54_GMT-5', '20141203_13:13:24_GMT-5', '20210831_22:50:08_GMT-4']",3.2.11,
aflow:f3c7d2670acff55d,C4H8I2N4Na2O4,skipped_existing,E:\work\worklist\pull_file\aflow\aflow_cif\cif\C4H8I2N4Na2O4__ICSD__f3c7d2670acff55d.cif,,,aflowlib.duke.edu:AFLOWDATA/ICSD_WEB/MCL/C2H4I1N2Na1O2_ICSD_67245,ICSD,"C,H,I,N,Na,O",6,24,14,14,mP24,mP24,A2B4CD2EF2_mP24_14_e_2e_a_e_b_e,A2B4CD2EF2_mP24_14_e_2e_a_e_b_e,4.3715,-0.444469,"['20150108_06:18:03_GMT-5', '20150109_17:01:29_GMT-5', '20210901_02:49:30_GMT-4']",3.2.11,
aflow:f3ccf5d5bf03931d,H2Na2O2,skipped_existing,E:\work\worklist\pull_file\aflow\aflow_cif\cif\H2Na2O2__ICSD__f3ccf5d5bf03931d.cif,,,aflowlib.duke.edu:AFLOWDATA/ICSD_WEB/ORCC/H1Na1O1_ICSD_61045,ICSD,"H,Na,O",3,6,63,63,oS12,oS12,ABC_oC12_63_c_c_c,ABC_oC12_63_c_c_c,2.8578,-1.33398,"['20141011_05:53:43_GMT-4', '20141011_08:46:47_GMT-4', '20210831_08:51:39_GMT-4']",3.2.11,
aflow:f60eb142b883847f,I1Na1,skipped_existing,E:\work\worklist\pull_file\aflow\aflow_cif\cif\I1Na1__ICSD__f60eb142b883847f.cif,,,aflowlib.duke.edu:AFLOWDATA/ICSD_WEB/FCC/I1Na1_ICSD_52240,ICSD,"I,Na",2,2,225,225,cF8,cF8,AB_cF8_225_a_b,AB_cF8_225_b_a,3.6168,-1.27926,"['20140924_15:39:55_GMT-5', '20140924_19:03:19_GMT-5', '20210523_14:25:16_GMT-5']",3.2.9,
aflow:f6b397c9e5fa53ac,F1Na1,skipped_existing,E:\work\worklist\pull_file\aflow\aflow_cif\cif\F1Na1__ICSD__f6b397c9e5fa53ac.cif,,,aflowlib.duke.edu:AFLOWDATA/ICSD_WEB/FCC/F1Na1_ICSD_44276,ICSD,"F,Na",2,2,225,225,cF8,cF8,AB_cF8_225_b_a,AB_cF8_225_b_a,6.1288,-2.74181,"['20140924_17:10:28_GMT-5', '20140924_18:33:26_GMT-5', '20210523_09:46:38_GMT-5']",3.2.9,
aflow:f7a0d8f1b42f961d,H22Na4O16P2,skipped_existing,E:\work\worklist\pull_file\aflow\aflow_cif\cif\H22Na4O16P2__ICSD__f7a0d8f1b42f961d.cif,,,aflowlib.duke.edu:AFLOWDATA/ICSD_WEB/ORC/H11Na2O8P1_ICSD_1602,ICSD,"H,Na,O,P",4,44,31,31,oP44,oP44,A11B2C8D_oP44_31_a5b_2a_2a3b_a,A11B2C8D_oP44_31_a5b_2a_2a3b_a,5.2127,-1.31067,"['20140915_03:23:42_GMT-4', '20140917_14:43:36_GMT-4', '20210901_18:49:06_GMT-4']",3.2.11,
aflow:f86b9d98a6908bbc,N1Na1O2,skipped_existing,E:\work\worklist\pull_file\aflow\aflow_cif\cif\N1Na1O2__ICSD__f86b9d98a6908bbc.cif,,,aflowlib.duke.edu:AFLOWDATA/ICSD_WEB/ORCI/N1Na1O2_ICSD_174026,ICSD,"N,Na,O",3,4,44,44,oI8,oI8,ABC2_oI8_44_a_a_c,ABC2_oI8_44_a_a_c,2.3983,-0.90368,"['20140928_02:29:37_GMT-4', '20140928_08:18:37_GMT-4', '20210830_22:44:27_GMT-4']",3.2.11,
aflow:f891a9a284e63bdd,Na4O8S2,skipped_existing,E:\work\worklist\pull_file\aflow\aflow_cif\cif\Na4O8S2__ICSD__f891a9a284e63bdd.cif,,,aflowlib.duke.edu:AFLOWDATA/ICSD_WEB/ORCF/Na2O4S1_ICSD_30260,ICSD,"Na,O,S",3,14,70,70,oF56,oF56,A2B4C_oF56_70_g_h_a,A2B4C_oF56_70_g_h_a,4.989,-1.83192,"['20140604_20:30:41_GMT-4', '20140606_01:30:27_GMT-4', '20210831_23:41:07_GMT-4']",3.2.11,
aflow:fa8055a1fa2baa68,C2Na2,skipped_existing,E:\work\worklist\pull_file\aflow\aflow_cif\cif\C2Na2__ICSD__fa8055a1fa2baa68.cif,,,aflowlib.duke.edu:AFLOWDATA/ICSD_WEB/ORCI/C2Na2_ICSD_95835,ICSD,"C,Na",2,4,71,71,oI8,oI8,AB_oI8_71_g_e,AB_oI8_71_g_e,3.4732,0.221153,"['20141230_15:18:59_GMT-5', '20141231_01:19:34_GMT-5', '20210530_19:44:09_GMT-5']",3.2.9,
aflow:faa333776d808fc6,F1Na1,skipped_existing,E:\work\worklist\pull_file\aflow\aflow_cif\cif\F1Na1__ICSD__faa333776d808fc6.cif,,,aflowlib.duke.edu:AFLOWDATA/ICSD_WEB/FCC/F1Na1_ICSD_43611,ICSD,"F,Na",2,2,225,225,cF8,cF8,AB_cF8_225_b_a,AB_cF8_225_b_a,6.135,-2.74175,"['20140925_01:18:34_GMT-5', '20140925_02:19:18_GMT-5', '20210523_09:46:22_GMT-5']",3.2.9,
aflow:fba48594e04b50d3,Br2Na4O1,downloaded,E:\work\worklist\pull_file\aflow\aflow_cif\cif\Br2Na4O1__ICSD__fba48594e04b50d3.cif,Br2Na4O1_ICSD_67283.cif,https://aflowlib.duke.edu/AFLOWDATA/ICSD_WEB/BCT/Br2Na4O1_ICSD_67283/Br2Na4O1_ICSD_67283.cif,aflowlib.duke.edu:AFLOWDATA/ICSD_WEB/BCT/Br2Na4O1_ICSD_67283,ICSD,"Br,Na,O",3,7,139,139,tI14,tI14,A2B4C_tI14_139_e_ce_a,A2B4C_tI14_139_e_ce_a,2.0442,-1.46241,"['20150505_11:28:56_GMT-5', '20150506_04:22:41_GMT-5', '20210612_13:02:14_GMT-5']",3.2.9,
aflow:fc8144513bfaf696,Ge6Na2P6,skipped_existing,E:\work\worklist\pull_file\aflow\aflow_cif\cif\Ge6Na2P6__ICSD__fc8144513bfaf696.cif,,,aflowlib.duke.edu:AFLOWDATA/ICSD_WEB/ORC/Ge3Na1P3_ICSD_184000,ICSD,"Ge,Na,P",3,14,26,26,oP14,oP14,A3BC3_oP14_26_2ab_a_a2b,A3BC3_oP14_26_2ab_a_a2b,1.0869,-0.209558,"['20141109_06:33:39_GMT-5', '20141110_12:54:18_GMT-5', '20210529_13:16:55_GMT-5']",3.2.9,
aflow:fd5bb009c62ddc82,B4Na12O12,skipped_existing,E:\work\worklist\pull_file\aflow\aflow_cif\cif\B4Na12O12__ICSD__fd5bb009c62ddc82.cif,,,aflowlib.duke.edu:AFLOWDATA/ICSD_WEB/MCL/B1Na3O3_ICSD_1351,ICSD,"B,Na,O",3,28,14,14,mP28,mP28,AB3C3_mP28_14_e_3e_3e,AB3C3_mP28_14_e_3e_3e,2.991,-1.98988,"['20160730_07:46:58_GMT-5', '20160730_16:51:05_GMT-5', '20210617_00:50:26_GMT-5']",3.2.9,
aflow:fd711a60dbfba2de,Cl1Na1,skipped_existing,E:\work\worklist\pull_file\aflow\aflow_cif\cif\Cl1Na1__ICSD__fd711a60dbfba2de.cif,,,aflowlib.duke.edu:AFLOWDATA/ICSD_WEB/FCC/Cl1Na1_ICSD_52232,ICSD,"Cl,Na",2,2,225,225,cF8,cF8,AB_cF8_225_b_a,AB_cF8_225_b_a,5.0572,-1.83899,"['20140925_15:48:34_GMT-5', '20140925_17:49:09_GMT-5', '20210523_03:04:38_GMT-5']",3.2.9,
aflow:fd978d89caa8412d,C8N12Na4,skipped_existing,E:\work\worklist\pull_file\aflow\aflow_cif\cif\C8N12Na4__ICSD__fd978d89caa8412d.cif,,,aflowlib.duke.edu:AFLOWDATA/ICSD_WEB/MCL/C2N3Na1_ICSD_54183,ICSD,"C,N,Na",3,24,14,14,mP24,mP24,A2B3C_mP24_14_2e_3e_e,A2B3C_mP24_14_2e_3e_e,1.467,-0.0188972,"['20150109_05:00:21_GMT-5', '20150113_02:02:55_GMT-5', '20210901_00:18:16_GMT-4']",3.2.11,
aflow:fe234e146eca848a,C4H10Na6O16,skipped_existing,E:\work\worklist\pull_file\aflow\aflow_cif\cif\C4H10Na6O16__ICSD__fe234e146eca848a.cif,,,aflowlib.duke.edu:AFLOWDATA/ICSD_WEB/MCLC/C2H5Na3O8_ICSD_34627,ICSD,"C,H,Na,O",4,36,15,15,mS72,mS72,A2B5C3D8_mC72_15_f_c2f_ef_4f,A2B5C3D8_mC72_15_f_c2f_ef_4f,4.637,-1.44758,"['20140722_06:34:37_GMT-4', '20140728_04:29:53_GMT-4', '20210902_09:49:41_GMT-4']",3.2.11,
aflow:ff345b087a5a6bfd,As6H4Na2O18,skipped_existing,E:\work\worklist\pull_file\aflow\aflow_cif\cif\As6H4Na2O18__ICSD__ff345b087a5a6bfd.cif,,,aflowlib.duke.edu:AFLOWDATA/ICSD_WEB/TRI/As3H2Na1O9_ICSD_65011,ICSD,"As,H,Na,O",4,30,2,2,aP30,aP30,A3B2CD9_aP30_2_3i_2i_i_9i,A3B2CD9_aP30_2_3i_2i_i_9i,2.6092,-1.24711,"['20141212_21:38:42_GMT-5', '20141216_10:32:15_GMT-5', '20210830_23:49:20_GMT-4']",3.2.11,
aflow:ff3c47508afe753c,C2Na4O6,skipped_existing,E:\work\worklist\pull_file\aflow\aflow_cif\cif\C2Na4O6__ICSD__ff3c47508afe753c.cif,,,aflowlib.duke.edu:AFLOWDATA/ICSD_WEB/MCLC/C1Na2O3_ICSD_80999,ICSD,"C,Na,O",3,12,12,12,mS24,mS24,AB2C3_mC24_12_i_aci_ij,AB2C3_mC24_12_i_aci_ij,3.8277,-1.74749,"['20140903_10:08:42_GMT-4', '20140904_01:17:05_GMT-4', '20210902_08:17:47_GMT-4']",3.2.11,
aflow:ff8aea5865648dac,H22Na4O16P2,skipped_existing,E:\work\worklist\pull_file\aflow\aflow_cif\cif\H22Na4O16P2__ICSD__ff8aea5865648dac.cif,,,aflowlib.duke.edu:AFLOWDATA/ICSD_WEB/ORC/H11Na2O8P1_ICSD_16138,ICSD,"H,Na,O,P",4,44,31,31,oP44,oP44,A11B2C8D_oP44_31_a5b_2a_2a3b_a,A11B2C8D_oP44_31_a5b_2a_2a3b_a,5.2388,-1.31059,"['20140811_16:26:14_GMT-4', '20140812_10:02:34_GMT-4', '20210901_19:43:10_GMT-4']",3.2.11,
