descriptor,transform,structure,value_before,value_after,ratio,verdict,dimension_declaration_conflict
a2_max_dist,site_permutation,high_sym_small_cell,2.8200000000000003,2.8200000000000003,,invariant,n/a
poly_distortion_mean,site_permutation,high_sym_small_cell,1.5747844320924207e-16,1.5747844320924207e-16,,invariant,n/a
max_bond_length,site_permutation,high_sym_small_cell,2.8200000000000003,2.8200000000000003,,invariant,n/a
min_bond_length,site_permutation,high_sym_small_cell,2.8199999999999994,2.8199999999999994,,invariant,n/a
mean_bond_length,site_permutation,high_sym_small_cell,2.82,2.82,,invariant,n/a
target_bond_center,site_permutation,high_sym_small_cell,2.83,2.83,,invariant,n/a
poly_volume_mean,site_permutation,high_sym_small_cell,89.70307199999999,89.70307199999999,,invariant,n/a
coordination_number_mean,site_permutation,high_sym_small_cell,2.0,2.0,,invariant,n/a
ellipsoid_oblateness,site_permutation,high_sym_small_cell,nan,nan,n/a,nan_both,n/a
direction_ratio,site_permutation,high_sym_small_cell,1.0000000000000002,1.0000000000000002,,invariant,n/a
bottleneck_anisotropy,site_permutation,high_sym_small_cell,nan,nan,n/a,nan_both,n/a
nana_composite,site_permutation,high_sym_small_cell,nan,nan,n/a,nan_both,n/a
avg_na_neighbors,site_permutation,high_sym_small_cell,nan,nan,n/a,nan_both,n/a
largest_component_ratio,site_permutation,high_sym_small_cell,nan,nan,n/a,nan_both,n/a
network_dimension,site_permutation,high_sym_small_cell,nan,nan,n/a,nan_both,n/a
component_count,site_permutation,high_sym_small_cell,1.0,1.0,,invariant,n/a
na_concentration,site_permutation,high_sym_small_cell,0.5,0.5,,invariant,n/a
na_occupancy_sum,site_permutation,high_sym_small_cell,1.0,1.0,,invariant,n/a
na_site_count,site_permutation,high_sym_small_cell,1.0,1.0,,invariant,n/a
interstitial_count,site_permutation,high_sym_small_cell,2.0,2.0,,invariant,n/a
interstitial_na_distance,site_permutation,high_sym_small_cell,4.2299999999999995,4.2299999999999995,,invariant,n/a
interstitial_channel_access,site_permutation,high_sym_small_cell,0.0,0.0,,invariant,n/a
interstitial_network_dim,site_permutation,high_sym_small_cell,2.0,2.0,,invariant,n/a
bvse_barrier_estimate,site_permutation,high_sym_small_cell,nan,nan,n/a,nan_both,n/a
framework_bond_rigidity,site_permutation,high_sym_small_cell,nan,nan,n/a,nan_both,n/a
framework_poly_distortion,site_permutation,high_sym_small_cell,nan,nan,n/a,nan_both,n/a
framework_na_distance_stability,site_permutation,high_sym_small_cell,nan,nan,n/a,nan_both,n/a
framework_sharing_topology,site_permutation,high_sym_small_cell,nan,nan,n/a,nan_both,n/a
nana_nana_angle_mean,site_permutation,high_sym_small_cell,nan,nan,n/a,nan_both,n/a
nana_second_neighbor_dist,site_permutation,high_sym_small_cell,nan,nan,n/a,nan_both,n/a
path_tortuosity,site_permutation,high_sym_small_cell,nan,nan,n/a,nan_both,n/a
nana_spacing_uniformity,site_permutation,high_sym_small_cell,nan,nan,n/a,nan_both,n/a
na_x_en_diff,site_permutation,high_sym_small_cell,2.23,2.23,,invariant,n/a
charge_balance_deviation,site_permutation,high_sym_small_cell,0.0,0.0,,invariant,n/a
covalency_index,site_permutation,high_sym_small_cell,0.7115475428918885,0.7115475428918885,,invariant,n/a
framework_d_electron_weighted,site_permutation,high_sym_small_cell,nan,nan,n/a,nan_both,n/a
space_group_number,site_permutation,high_sym_small_cell,123.0,123.0,,invariant,n/a
wyckoff_diversity,site_permutation,high_sym_small_cell,2.0,2.0,,invariant,n/a
partial_occupancy_ratio,site_permutation,high_sym_small_cell,0.0,0.0,,invariant,n/a
coordination_cv,site_permutation,high_sym_small_cell,nan,nan,n/a,nan_both,n/a
volume_cv,site_permutation,high_sym_small_cell,nan,nan,n/a,nan_both,n/a
a2_max_dist,origin_shift,high_sym_small_cell,2.8200000000000003,2.8200000000000003,,invariant,n/a
poly_distortion_mean,origin_shift,high_sym_small_cell,1.5747844320924207e-16,1.5747844320924207e-16,,invariant,n/a
max_bond_length,origin_shift,high_sym_small_cell,2.8200000000000003,2.8200000000000003,,invariant,n/a
min_bond_length,origin_shift,high_sym_small_cell,2.8199999999999994,2.8199999999999994,,invariant,n/a
mean_bond_length,origin_shift,high_sym_small_cell,2.82,2.82,,invariant,n/a
target_bond_center,origin_shift,high_sym_small_cell,2.83,2.83,,invariant,n/a
poly_volume_mean,origin_shift,high_sym_small_cell,89.70307199999999,89.70307199999995,,invariant,n/a
coordination_number_mean,origin_shift,high_sym_small_cell,2.0,2.0,,invariant,n/a
ellipsoid_oblateness,origin_shift,high_sym_small_cell,nan,nan,n/a,nan_both,n/a
direction_ratio,origin_shift,high_sym_small_cell,1.0000000000000002,1.0000000000000002,,invariant,n/a
bottleneck_anisotropy,origin_shift,high_sym_small_cell,nan,nan,n/a,nan_both,n/a
nana_composite,origin_shift,high_sym_small_cell,nan,nan,n/a,nan_both,n/a
avg_na_neighbors,origin_shift,high_sym_small_cell,nan,nan,n/a,nan_both,n/a
largest_component_ratio,origin_shift,high_sym_small_cell,nan,nan,n/a,nan_both,n/a
network_dimension,origin_shift,high_sym_small_cell,nan,nan,n/a,nan_both,n/a
component_count,origin_shift,high_sym_small_cell,1.0,1.0,,invariant,n/a
na_concentration,origin_shift,high_sym_small_cell,0.5,0.5,,invariant,n/a
na_occupancy_sum,origin_shift,high_sym_small_cell,1.0,1.0,,invariant,n/a
na_site_count,origin_shift,high_sym_small_cell,1.0,1.0,,invariant,n/a
interstitial_count,origin_shift,high_sym_small_cell,2.0,2.0,,invariant,n/a
interstitial_na_distance,origin_shift,high_sym_small_cell,4.2299999999999995,4.229999999999999,,invariant,n/a
interstitial_channel_access,origin_shift,high_sym_small_cell,0.0,0.0,,invariant,n/a
interstitial_network_dim,origin_shift,high_sym_small_cell,2.0,2.0,,invariant,n/a
bvse_barrier_estimate,origin_shift,high_sym_small_cell,nan,nan,n/a,nan_both,n/a
framework_bond_rigidity,origin_shift,high_sym_small_cell,nan,nan,n/a,nan_both,n/a
framework_poly_distortion,origin_shift,high_sym_small_cell,nan,nan,n/a,nan_both,n/a
framework_na_distance_stability,origin_shift,high_sym_small_cell,nan,nan,n/a,nan_both,n/a
framework_sharing_topology,origin_shift,high_sym_small_cell,nan,nan,n/a,nan_both,n/a
nana_nana_angle_mean,origin_shift,high_sym_small_cell,nan,nan,n/a,nan_both,n/a
nana_second_neighbor_dist,origin_shift,high_sym_small_cell,nan,nan,n/a,nan_both,n/a
path_tortuosity,origin_shift,high_sym_small_cell,nan,nan,n/a,nan_both,n/a
nana_spacing_uniformity,origin_shift,high_sym_small_cell,nan,nan,n/a,nan_both,n/a
na_x_en_diff,origin_shift,high_sym_small_cell,2.23,2.23,,invariant,n/a
charge_balance_deviation,origin_shift,high_sym_small_cell,0.0,0.0,,invariant,n/a
covalency_index,origin_shift,high_sym_small_cell,0.7115475428918885,0.7115475428918885,,invariant,n/a
framework_d_electron_weighted,origin_shift,high_sym_small_cell,nan,nan,n/a,nan_both,n/a
space_group_number,origin_shift,high_sym_small_cell,123.0,123.0,,invariant,n/a
wyckoff_diversity,origin_shift,high_sym_small_cell,2.0,2.0,,invariant,n/a
partial_occupancy_ratio,origin_shift,high_sym_small_cell,0.0,0.0,,invariant,n/a
coordination_cv,origin_shift,high_sym_small_cell,nan,nan,n/a,nan_both,n/a
volume_cv,origin_shift,high_sym_small_cell,nan,nan,n/a,nan_both,n/a
a2_max_dist,lattice_rotation,high_sym_small_cell,2.8200000000000003,2.8200000000000003,,invariant,n/a
poly_distortion_mean,lattice_rotation,high_sym_small_cell,1.5747844320924207e-16,1.1135407508395569e-16,,invariant,n/a
max_bond_length,lattice_rotation,high_sym_small_cell,2.8200000000000003,2.8200000000000003,,invariant,n/a
min_bond_length,lattice_rotation,high_sym_small_cell,2.8199999999999994,2.82,,invariant,n/a
mean_bond_length,lattice_rotation,high_sym_small_cell,2.82,2.8200000000000003,,invariant,n/a
target_bond_center,lattice_rotation,high_sym_small_cell,2.83,2.83,,invariant,n/a
poly_volume_mean,lattice_rotation,high_sym_small_cell,89.70307199999999,89.70307199999998,,invariant,n/a
coordination_number_mean,lattice_rotation,high_sym_small_cell,2.0,2.0,,invariant,n/a
ellipsoid_oblateness,lattice_rotation,high_sym_small_cell,nan,nan,n/a,nan_both,n/a
direction_ratio,lattice_rotation,high_sym_small_cell,1.0000000000000002,1.0000000000000002,,invariant,n/a
bottleneck_anisotropy,lattice_rotation,high_sym_small_cell,nan,nan,n/a,nan_both,n/a
nana_composite,lattice_rotation,high_sym_small_cell,nan,nan,n/a,nan_both,n/a
avg_na_neighbors,lattice_rotation,high_sym_small_cell,nan,nan,n/a,nan_both,n/a
largest_component_ratio,lattice_rotation,high_sym_small_cell,nan,nan,n/a,nan_both,n/a
network_dimension,lattice_rotation,high_sym_small_cell,nan,nan,n/a,nan_both,n/a
component_count,lattice_rotation,high_sym_small_cell,1.0,1.0,,invariant,n/a
na_concentration,lattice_rotation,high_sym_small_cell,0.5,0.5,,invariant,n/a
na_occupancy_sum,lattice_rotation,high_sym_small_cell,1.0,1.0,,invariant,n/a
na_site_count,lattice_rotation,high_sym_small_cell,1.0,1.0,,invariant,n/a
interstitial_count,lattice_rotation,high_sym_small_cell,2.0,2.0,,invariant,n/a
interstitial_na_distance,lattice_rotation,high_sym_small_cell,4.2299999999999995,4.229999999999999,,invariant,n/a
interstitial_channel_access,lattice_rotation,high_sym_small_cell,0.0,0.0,,invariant,n/a
interstitial_network_dim,lattice_rotation,high_sym_small_cell,2.0,2.0,,invariant,n/a
bvse_barrier_estimate,lattice_rotation,high_sym_small_cell,nan,nan,n/a,nan_both,n/a
framework_bond_rigidity,lattice_rotation,high_sym_small_cell,nan,nan,n/a,nan_both,n/a
framework_poly_distortion,lattice_rotation,high_sym_small_cell,nan,nan,n/a,nan_both,n/a
framework_na_distance_stability,lattice_rotation,high_sym_small_cell,nan,nan,n/a,nan_both,n/a
framework_sharing_topology,lattice_rotation,high_sym_small_cell,nan,nan,n/a,nan_both,n/a
nana_nana_angle_mean,lattice_rotation,high_sym_small_cell,nan,nan,n/a,nan_both,n/a
nana_second_neighbor_dist,lattice_rotation,high_sym_small_cell,nan,nan,n/a,nan_both,n/a
path_tortuosity,lattice_rotation,high_sym_small_cell,nan,nan,n/a,nan_both,n/a
nana_spacing_uniformity,lattice_rotation,high_sym_small_cell,nan,nan,n/a,nan_both,n/a
na_x_en_diff,lattice_rotation,high_sym_small_cell,2.23,2.23,,invariant,n/a
charge_balance_deviation,lattice_rotation,high_sym_small_cell,0.0,0.0,,invariant,n/a
covalency_index,lattice_rotation,high_sym_small_cell,0.7115475428918885,0.7115475428918885,,invariant,n/a
framework_d_electron_weighted,lattice_rotation,high_sym_small_cell,nan,nan,n/a,nan_both,n/a
space_group_number,lattice_rotation,high_sym_small_cell,123.0,123.0,,invariant,n/a
wyckoff_diversity,lattice_rotation,high_sym_small_cell,2.0,2.0,,invariant,n/a
partial_occupancy_ratio,lattice_rotation,high_sym_small_cell,0.0,0.0,,invariant,n/a
coordination_cv,lattice_rotation,high_sym_small_cell,nan,nan,n/a,nan_both,n/a
volume_cv,lattice_rotation,high_sym_small_cell,nan,nan,n/a,nan_both,n/a
a2_max_dist,supercell,high_sym_small_cell,2.8200000000000003,2.8200000000000007,1,invariant,n/a
poly_distortion_mean,supercell,high_sym_small_cell,1.5747844320924207e-16,3.1495688641848414e-16,n/a,invariant,n/a
max_bond_length,supercell,high_sym_small_cell,2.8200000000000003,2.8200000000000007,1,invariant,n/a
min_bond_length,supercell,high_sym_small_cell,2.8199999999999994,2.819999999999999,1,invariant,n/a
mean_bond_length,supercell,high_sym_small_cell,2.82,2.82,1,invariant,n/a
target_bond_center,supercell,high_sym_small_cell,2.83,2.83,1,invariant,n/a
poly_volume_mean,supercell,high_sym_small_cell,89.70307199999999,89.70307199999998,1,invariant,n/a
coordination_number_mean,supercell,high_sym_small_cell,2.0,2.0,1,invariant,n/a
ellipsoid_oblateness,supercell,high_sym_small_cell,nan,nan,n/a,nan_both,n/a
direction_ratio,supercell,high_sym_small_cell,1.0000000000000002,1.0000000000000007,1,invariant,n/a
bottleneck_anisotropy,supercell,high_sym_small_cell,nan,nan,n/a,nan_both,n/a
nana_composite,supercell,high_sym_small_cell,nan,0.0,n/a,nan_introduced,n/a
avg_na_neighbors,supercell,high_sym_small_cell,nan,0.0,n/a,nan_introduced,n/a
largest_component_ratio,supercell,high_sym_small_cell,nan,0.5,n/a,nan_introduced,n/a
network_dimension,supercell,high_sym_small_cell,nan,0.0,n/a,nan_introduced,n/a
component_count,supercell,high_sym_small_cell,1.0,2.0,2,changed,n/a
na_concentration,supercell,high_sym_small_cell,0.5,0.5,1,invariant,n/a
na_occupancy_sum,supercell,high_sym_small_cell,1.0,2.0,2,changed,n/a
na_site_count,supercell,high_sym_small_cell,1.0,2.0,2,changed,n/a
interstitial_count,supercell,high_sym_small_cell,2.0,4.0,2,changed,n/a
interstitial_na_distance,supercell,high_sym_small_cell,4.2299999999999995,4.2299999999999995,1,invariant,n/a
interstitial_channel_access,supercell,high_sym_small_cell,0.0,0.0,n/a,invariant,n/a
interstitial_network_dim,supercell,high_sym_small_cell,2.0,2.0,1,invariant,n/a
bvse_barrier_estimate,supercell,high_sym_small_cell,nan,nan,n/a,nan_both,n/a
framework_bond_rigidity,supercell,high_sym_small_cell,nan,nan,n/a,nan_both,n/a
framework_poly_distortion,supercell,high_sym_small_cell,nan,nan,n/a,nan_both,n/a
framework_na_distance_stability,supercell,high_sym_small_cell,nan,nan,n/a,nan_both,n/a
framework_sharing_topology,supercell,high_sym_small_cell,nan,nan,n/a,nan_both,n/a
nana_nana_angle_mean,supercell,high_sym_small_cell,nan,nan,n/a,nan_both,n/a
nana_second_neighbor_dist,supercell,high_sym_small_cell,nan,nan,n/a,nan_both,n/a
path_tortuosity,supercell,high_sym_small_cell,nan,nan,n/a,nan_both,n/a
nana_spacing_uniformity,supercell,high_sym_small_cell,nan,0.0,n/a,nan_introduced,n/a
na_x_en_diff,supercell,high_sym_small_cell,2.23,2.23,1,invariant,n/a
charge_balance_deviation,supercell,high_sym_small_cell,0.0,0.0,n/a,invariant,n/a
covalency_index,supercell,high_sym_small_cell,0.7115475428918885,0.7115475428918885,1,invariant,n/a
framework_d_electron_weighted,supercell,high_sym_small_cell,nan,nan,n/a,nan_both,n/a
space_group_number,supercell,high_sym_small_cell,123.0,123.0,1,invariant,n/a
wyckoff_diversity,supercell,high_sym_small_cell,2.0,2.0,1,invariant,n/a
partial_occupancy_ratio,supercell,high_sym_small_cell,0.0,0.0,n/a,invariant,n/a
coordination_cv,supercell,high_sym_small_cell,nan,0.0,n/a,nan_introduced,n/a
volume_cv,supercell,high_sym_small_cell,nan,1.5842104844750476e-16,n/a,nan_introduced,n/a
a2_max_dist,isotropic_scale,high_sym_small_cell,2.8200000000000003,2.961,1.05,changed,false
poly_distortion_mean,isotropic_scale,high_sym_small_cell,1.5747844320924207e-16,0.0,n/a,invariant,n/a
max_bond_length,isotropic_scale,high_sym_small_cell,2.8200000000000003,2.961,1.05,changed,false
min_bond_length,isotropic_scale,high_sym_small_cell,2.8199999999999994,2.961,1.05,changed,false
mean_bond_length,isotropic_scale,high_sym_small_cell,2.82,2.961,1.05,changed,false
target_bond_center,isotropic_scale,high_sym_small_cell,2.83,2.83,1,invariant,true
poly_volume_mean,isotropic_scale,high_sym_small_cell,89.70307199999999,103.842518724,1.15763,changed,false
coordination_number_mean,isotropic_scale,high_sym_small_cell,2.0,2.0,1,invariant,false
ellipsoid_oblateness,isotropic_scale,high_sym_small_cell,nan,nan,n/a,nan_both,n/a
direction_ratio,isotropic_scale,high_sym_small_cell,1.0000000000000002,1.0,1,invariant,false
bottleneck_anisotropy,isotropic_scale,high_sym_small_cell,nan,nan,n/a,nan_both,n/a
nana_composite,isotropic_scale,high_sym_small_cell,nan,nan,n/a,nan_both,n/a
avg_na_neighbors,isotropic_scale,high_sym_small_cell,nan,nan,n/a,nan_both,n/a
largest_component_ratio,isotropic_scale,high_sym_small_cell,nan,nan,n/a,nan_both,n/a
network_dimension,isotropic_scale,high_sym_small_cell,nan,nan,n/a,nan_both,n/a
component_count,isotropic_scale,high_sym_small_cell,1.0,1.0,1,invariant,false
na_concentration,isotropic_scale,high_sym_small_cell,0.5,0.5,1,invariant,true
na_occupancy_sum,isotropic_scale,high_sym_small_cell,1.0,1.0,1,invariant,false
na_site_count,isotropic_scale,high_sym_small_cell,1.0,1.0,1,invariant,false
interstitial_count,isotropic_scale,high_sym_small_cell,2.0,2.0,1,invariant,false
interstitial_na_distance,isotropic_scale,high_sym_small_cell,4.2299999999999995,4.4415,1.05,changed,false
interstitial_channel_access,isotropic_scale,high_sym_small_cell,0.0,0.0,n/a,invariant,n/a
interstitial_network_dim,isotropic_scale,high_sym_small_cell,2.0,2.0,1,invariant,false
bvse_barrier_estimate,isotropic_scale,high_sym_small_cell,nan,nan,n/a,nan_both,n/a
framework_bond_rigidity,isotropic_scale,high_sym_small_cell,nan,nan,n/a,nan_both,n/a
framework_poly_distortion,isotropic_scale,high_sym_small_cell,nan,nan,n/a,nan_both,n/a
framework_na_distance_stability,isotropic_scale,high_sym_small_cell,nan,nan,n/a,nan_both,n/a
framework_sharing_topology,isotropic_scale,high_sym_small_cell,nan,nan,n/a,nan_both,n/a
nana_nana_angle_mean,isotropic_scale,high_sym_small_cell,nan,nan,n/a,nan_both,n/a
nana_second_neighbor_dist,isotropic_scale,high_sym_small_cell,nan,nan,n/a,nan_both,n/a
path_tortuosity,isotropic_scale,high_sym_small_cell,nan,nan,n/a,nan_both,n/a
nana_spacing_uniformity,isotropic_scale,high_sym_small_cell,nan,nan,n/a,nan_both,n/a
na_x_en_diff,isotropic_scale,high_sym_small_cell,2.23,2.23,1,invariant,false
charge_balance_deviation,isotropic_scale,high_sym_small_cell,0.0,0.0,n/a,invariant,n/a
covalency_index,isotropic_scale,high_sym_small_cell,0.7115475428918885,0.7115475428918885,1,invariant,false
framework_d_electron_weighted,isotropic_scale,high_sym_small_cell,nan,nan,n/a,nan_both,n/a
space_group_number,isotropic_scale,high_sym_small_cell,123.0,123.0,1,invariant,false
wyckoff_diversity,isotropic_scale,high_sym_small_cell,2.0,2.0,1,invariant,false
partial_occupancy_ratio,isotropic_scale,high_sym_small_cell,0.0,0.0,n/a,invariant,n/a
coordination_cv,isotropic_scale,high_sym_small_cell,nan,nan,n/a,nan_both,n/a
volume_cv,isotropic_scale,high_sym_small_cell,nan,nan,n/a,nan_both,n/a
a2_max_dist,occupancy_split,high_sym_small_cell,2.8200000000000003,2.8200000000000003,,invariant,n/a
poly_distortion_mean,occupancy_split,high_sym_small_cell,1.5747844320924207e-16,1.5747844320924207e-16,,invariant,n/a
max_bond_length,occupancy_split,high_sym_small_cell,2.8200000000000003,2.8200000000000003,,invariant,n/a
min_bond_length,occupancy_split,high_sym_small_cell,2.8199999999999994,2.8199999999999994,,invariant,n/a
mean_bond_length,occupancy_split,high_sym_small_cell,2.82,2.82,,invariant,n/a
target_bond_center,occupancy_split,high_sym_small_cell,2.83,2.8,,changed,n/a
poly_volume_mean,occupancy_split,high_sym_small_cell,89.70307199999999,89.70307199999999,,invariant,n/a
coordination_number_mean,occupancy_split,high_sym_small_cell,2.0,4.0,,changed,n/a
ellipsoid_oblateness,occupancy_split,high_sym_small_cell,nan,nan,n/a,nan_both,n/a
direction_ratio,occupancy_split,high_sym_small_cell,1.0000000000000002,1.0,,invariant,n/a
bottleneck_anisotropy,occupancy_split,high_sym_small_cell,nan,nan,n/a,nan_both,n/a
nana_composite,occupancy_split,high_sym_small_cell,nan,nan,n/a,nan_both,n/a
avg_na_neighbors,occupancy_split,high_sym_small_cell,nan,nan,n/a,nan_both,n/a
largest_component_ratio,occupancy_split,high_sym_small_cell,nan,nan,n/a,nan_both,n/a
network_dimension,occupancy_split,high_sym_small_cell,nan,nan,n/a,nan_both,n/a
component_count,occupancy_split,high_sym_small_cell,1.0,1.0,,invariant,n/a
na_concentration,occupancy_split,high_sym_small_cell,0.5,0.3333333333333333,,changed,n/a
na_occupancy_sum,occupancy_split,high_sym_small_cell,1.0,1.0,,invariant,n/a
na_site_count,occupancy_split,high_sym_small_cell,1.0,1.0,,invariant,n/a
interstitial_count,occupancy_split,high_sym_small_cell,2.0,2.0,,invariant,n/a
interstitial_na_distance,occupancy_split,high_sym_small_cell,4.2299999999999995,4.2299999999999995,,invariant,n/a
interstitial_channel_access,occupancy_split,high_sym_small_cell,0.0,0.0,,invariant,n/a
interstitial_network_dim,occupancy_split,high_sym_small_cell,2.0,2.0,,invariant,n/a
bvse_barrier_estimate,occupancy_split,high_sym_small_cell,nan,nan,n/a,nan_both,n/a
framework_bond_rigidity,occupancy_split,high_sym_small_cell,nan,nan,n/a,nan_both,n/a
framework_poly_distortion,occupancy_split,high_sym_small_cell,nan,nan,n/a,nan_both,n/a
framework_na_distance_stability,occupancy_split,high_sym_small_cell,nan,nan,n/a,nan_both,n/a
framework_sharing_topology,occupancy_split,high_sym_small_cell,nan,nan,n/a,nan_both,n/a
nana_nana_angle_mean,occupancy_split,high_sym_small_cell,nan,nan,n/a,nan_both,n/a
nana_second_neighbor_dist,occupancy_split,high_sym_small_cell,nan,nan,n/a,nan_both,n/a
path_tortuosity,occupancy_split,high_sym_small_cell,nan,nan,n/a,nan_both,n/a
nana_spacing_uniformity,occupancy_split,high_sym_small_cell,nan,nan,n/a,nan_both,n/a
na_x_en_diff,occupancy_split,high_sym_small_cell,2.23,2.23,,invariant,n/a
charge_balance_deviation,occupancy_split,high_sym_small_cell,0.0,0.0,,invariant,n/a
covalency_index,occupancy_split,high_sym_small_cell,0.7115475428918885,0.7115475428918885,,invariant,n/a
framework_d_electron_weighted,occupancy_split,high_sym_small_cell,nan,nan,n/a,nan_both,n/a
space_group_number,occupancy_split,high_sym_small_cell,123.0,nan,n/a,nan_introduced,n/a
wyckoff_diversity,occupancy_split,high_sym_small_cell,2.0,nan,n/a,nan_introduced,n/a
partial_occupancy_ratio,occupancy_split,high_sym_small_cell,0.0,0.6666666666666666,,changed,n/a
coordination_cv,occupancy_split,high_sym_small_cell,nan,nan,n/a,nan_both,n/a
volume_cv,occupancy_split,high_sym_small_cell,nan,nan,n/a,nan_both,n/a
a2_max_dist,geometry_jitter,high_sym_small_cell,2.8200000000000003,2.8405177103664254,,changed,n/a
poly_distortion_mean,geometry_jitter,high_sym_small_cell,1.5747844320924207e-16,0.00692472658760461,,changed,n/a
max_bond_length,geometry_jitter,high_sym_small_cell,2.8200000000000003,2.8405177103664254,,changed,n/a
min_bond_length,geometry_jitter,high_sym_small_cell,2.8199999999999994,2.801448636001362,,changed,n/a
mean_bond_length,geometry_jitter,high_sym_small_cell,2.82,2.820983173183894,,changed,n/a
target_bond_center,geometry_jitter,high_sym_small_cell,2.83,2.83,,invariant,n/a
poly_volume_mean,geometry_jitter,high_sym_small_cell,89.70307199999999,89.70307200000002,,invariant,n/a
coordination_number_mean,geometry_jitter,high_sym_small_cell,2.0,2.0,,invariant,n/a
ellipsoid_oblateness,geometry_jitter,high_sym_small_cell,nan,nan,n/a,nan_both,n/a
direction_ratio,geometry_jitter,high_sym_small_cell,1.0000000000000002,1.0139460255893995,,changed,n/a
bottleneck_anisotropy,geometry_jitter,high_sym_small_cell,nan,nan,n/a,nan_both,n/a
nana_composite,geometry_jitter,high_sym_small_cell,nan,nan,n/a,nan_both,n/a
avg_na_neighbors,geometry_jitter,high_sym_small_cell,nan,nan,n/a,nan_both,n/a
largest_component_ratio,geometry_jitter,high_sym_small_cell,nan,nan,n/a,nan_both,n/a
network_dimension,geometry_jitter,high_sym_small_cell,nan,nan,n/a,nan_both,n/a
component_count,geometry_jitter,high_sym_small_cell,1.0,1.0,,invariant,n/a
na_concentration,geometry_jitter,high_sym_small_cell,0.5,0.5,,invariant,n/a
na_occupancy_sum,geometry_jitter,high_sym_small_cell,1.0,1.0,,invariant,n/a
na_site_count,geometry_jitter,high_sym_small_cell,1.0,1.0,,invariant,n/a
interstitial_count,geometry_jitter,high_sym_small_cell,2.0,2.0,,invariant,n/a
interstitial_na_distance,geometry_jitter,high_sym_small_cell,4.2299999999999995,4.200665103374911,,changed,n/a
interstitial_channel_access,geometry_jitter,high_sym_small_cell,0.0,0.0,,invariant,n/a
interstitial_network_dim,geometry_jitter,high_sym_small_cell,2.0,2.0,,invariant,n/a
bvse_barrier_estimate,geometry_jitter,high_sym_small_cell,nan,nan,n/a,nan_both,n/a
framework_bond_rigidity,geometry_jitter,high_sym_small_cell,nan,nan,n/a,nan_both,n/a
framework_poly_distortion,geometry_jitter,high_sym_small_cell,nan,nan,n/a,nan_both,n/a
framework_na_distance_stability,geometry_jitter,high_sym_small_cell,nan,nan,n/a,nan_both,n/a
framework_sharing_topology,geometry_jitter,high_sym_small_cell,nan,nan,n/a,nan_both,n/a
nana_nana_angle_mean,geometry_jitter,high_sym_small_cell,nan,nan,n/a,nan_both,n/a
nana_second_neighbor_dist,geometry_jitter,high_sym_small_cell,nan,nan,n/a,nan_both,n/a
path_tortuosity,geometry_jitter,high_sym_small_cell,nan,nan,n/a,nan_both,n/a
nana_spacing_uniformity,geometry_jitter,high_sym_small_cell,nan,nan,n/a,nan_both,n/a
na_x_en_diff,geometry_jitter,high_sym_small_cell,2.23,2.23,,invariant,n/a
charge_balance_deviation,geometry_jitter,high_sym_small_cell,0.0,0.0,,invariant,n/a
covalency_index,geometry_jitter,high_sym_small_cell,0.7115475428918885,0.7115475428918885,,invariant,n/a
framework_d_electron_weighted,geometry_jitter,high_sym_small_cell,nan,nan,n/a,nan_both,n/a
space_group_number,geometry_jitter,high_sym_small_cell,123.0,1.0,,changed,n/a
wyckoff_diversity,geometry_jitter,high_sym_small_cell,2.0,2.0,,invariant,n/a
partial_occupancy_ratio,geometry_jitter,high_sym_small_cell,0.0,0.0,,invariant,n/a
coordination_cv,geometry_jitter,high_sym_small_cell,nan,nan,n/a,nan_both,n/a
volume_cv,geometry_jitter,high_sym_small_cell,nan,nan,n/a,nan_both,n/a
a2_max_dist,site_permutation,fractional_occupancy,1.6970562748477143,1.6970562748477143,,invariant,n/a
poly_distortion_mean,site_permutation,fractional_occupancy,6.542051911182396e-17,6.542051911182396e-17,,invariant,n/a
max_bond_length,site_permutation,fractional_occupancy,1.6970562748477143,1.6970562748477143,,invariant,n/a
min_bond_length,site_permutation,fractional_occupancy,1.697056274847714,1.697056274847714,,invariant,n/a
mean_bond_length,site_permutation,fractional_occupancy,1.697056274847714,1.697056274847714,,invariant,n/a
target_bond_center,site_permutation,fractional_occupancy,2.3899999999999997,2.3899999999999997,,invariant,n/a
poly_volume_mean,site_permutation,fractional_occupancy,33.375815407969675,33.375815407969625,,invariant,n/a
coordination_number_mean,site_permutation,fractional_occupancy,4.0,4.0,,invariant,n/a
ellipsoid_oblateness,site_permutation,fractional_occupancy,5.376505587124321,5.376505587124321,,invariant,n/a
direction_ratio,site_permutation,fractional_occupancy,1.0000000000000002,1.0000000000000002,,invariant,n/a
bottleneck_anisotropy,site_permutation,fractional_occupancy,nan,nan,n/a,nan_both,n/a
nana_composite,site_permutation,fractional_occupancy,nan,nan,n/a,nan_both,n/a
avg_na_neighbors,site_permutation,fractional_occupancy,nan,nan,n/a,nan_both,n/a
largest_component_ratio,site_permutation,fractional_occupancy,nan,nan,n/a,nan_both,n/a
network_dimension,site_permutation,fractional_occupancy,nan,nan,n/a,nan_both,n/a
component_count,site_permutation,fractional_occupancy,1.0,1.0,,invariant,n/a
na_concentration,site_permutation,fractional_occupancy,0.16666666666666666,0.16666666666666666,,invariant,n/a
na_occupancy_sum,site_permutation,fractional_occupancy,0.5,0.5,,invariant,n/a
na_site_count,site_permutation,fractional_occupancy,1.0,1.0,,invariant,n/a
interstitial_count,site_permutation,fractional_occupancy,28.0,28.0,,invariant,n/a
interstitial_na_distance,site_permutation,fractional_occupancy,4.110884589321394,4.112590635393735,,changed,n/a
interstitial_channel_access,site_permutation,fractional_occupancy,0.03571428571428571,0.03571428571428571,,invariant,n/a
interstitial_network_dim,site_permutation,fractional_occupancy,2.0,2.0,,invariant,n/a
bvse_barrier_estimate,site_permutation,fractional_occupancy,nan,nan,n/a,nan_both,n/a
framework_bond_rigidity,site_permutation,fractional_occupancy,nan,nan,n/a,nan_both,n/a
framework_poly_distortion,site_permutation,fractional_occupancy,nan,nan,n/a,nan_both,n/a
framework_na_distance_stability,site_permutation,fractional_occupancy,nan,nan,n/a,nan_both,n/a
framework_sharing_topology,site_permutation,fractional_occupancy,nan,nan,n/a,nan_both,n/a
nana_nana_angle_mean,site_permutation,fractional_occupancy,nan,nan,n/a,nan_both,n/a
nana_second_neighbor_dist,site_permutation,fractional_occupancy,nan,nan,n/a,nan_both,n/a
path_tortuosity,site_permutation,fractional_occupancy,nan,nan,n/a,nan_both,n/a
nana_spacing_uniformity,site_permutation,fractional_occupancy,nan,nan,n/a,nan_both,n/a
na_x_en_diff,site_permutation,fractional_occupancy,2.51,2.51,,invariant,n/a
charge_balance_deviation,site_permutation,fractional_occupancy,0.28,0.28,,invariant,n/a
covalency_index,site_permutation,fractional_occupancy,0.792997622442975,0.792997622442975,,invariant,n/a
framework_d_electron_weighted,site_permutation,fractional_occupancy,1.0,1.0,,invariant,n/a
space_group_number,site_permutation,fractional_occupancy,8.0,8.0,,invariant,n/a
wyckoff_diversity,site_permutation,fractional_occupancy,5.0,5.0,,invariant,n/a
partial_occupancy_ratio,site_permutation,fractional_occupancy,0.16666666666666666,0.16666666666666666,,invariant,n/a
coordination_cv,site_permutation,fractional_occupancy,nan,nan,n/a,nan_both,n/a
volume_cv,site_permutation,fractional_occupancy,nan,nan,n/a,nan_both,n/a
a2_max_dist,origin_shift,fractional_occupancy,1.6970562748477143,1.697056274847714,,invariant,n/a
poly_distortion_mean,origin_shift,fractional_occupancy,6.542051911182396e-17,1.3084103822364793e-16,,invariant,n/a
max_bond_length,origin_shift,fractional_occupancy,1.6970562748477143,1.697056274847714,,invariant,n/a
min_bond_length,origin_shift,fractional_occupancy,1.697056274847714,1.6970562748477136,,invariant,n/a
mean_bond_length,origin_shift,fractional_occupancy,1.697056274847714,1.697056274847714,,invariant,n/a
target_bond_center,origin_shift,fractional_occupancy,2.3899999999999997,2.3899999999999997,,invariant,n/a
poly_volume_mean,origin_shift,fractional_occupancy,33.375815407969675,33.37581540796964,,invariant,n/a
coordination_number_mean,origin_shift,fractional_occupancy,4.0,4.0,,invariant,n/a
ellipsoid_oblateness,origin_shift,fractional_occupancy,5.376505587124321,5.3765055871243215,,invariant,n/a
direction_ratio,origin_shift,fractional_occupancy,1.0000000000000002,1.0,,invariant,n/a
bottleneck_anisotropy,origin_shift,fractional_occupancy,nan,nan,n/a,nan_both,n/a
nana_composite,origin_shift,fractional_occupancy,nan,nan,n/a,nan_both,n/a
avg_na_neighbors,origin_shift,fractional_occupancy,nan,nan,n/a,nan_both,n/a
largest_component_ratio,origin_shift,fractional_occupancy,nan,nan,n/a,nan_both,n/a
network_dimension,origin_shift,fractional_occupancy,nan,nan,n/a,nan_both,n/a
component_count,origin_shift,fractional_occupancy,1.0,1.0,,invariant,n/a
na_concentration,origin_shift,fractional_occupancy,0.16666666666666666,0.16666666666666666,,invariant,n/a
na_occupancy_sum,origin_shift,fractional_occupancy,0.5,0.5,,invariant,n/a
na_site_count,origin_shift,fractional_occupancy,1.0,1.0,,invariant,n/a
interstitial_count,origin_shift,fractional_occupancy,28.0,28.0,,invariant,n/a
interstitial_na_distance,origin_shift,fractional_occupancy,4.110884589321394,4.100809115942308,,changed,n/a
interstitial_channel_access,origin_shift,fractional_occupancy,0.03571428571428571,0.03571428571428571,,invariant,n/a
interstitial_network_dim,origin_shift,fractional_occupancy,2.0,2.0,,invariant,n/a
bvse_barrier_estimate,origin_shift,fractional_occupancy,nan,nan,n/a,nan_both,n/a
framework_bond_rigidity,origin_shift,fractional_occupancy,nan,nan,n/a,nan_both,n/a
framework_poly_distortion,origin_shift,fractional_occupancy,nan,nan,n/a,nan_both,n/a
framework_na_distance_stability,origin_shift,fractional_occupancy,nan,nan,n/a,nan_both,n/a
framework_sharing_topology,origin_shift,fractional_occupancy,nan,nan,n/a,nan_both,n/a
nana_nana_angle_mean,origin_shift,fractional_occupancy,nan,nan,n/a,nan_both,n/a
nana_second_neighbor_dist,origin_shift,fractional_occupancy,nan,nan,n/a,nan_both,n/a
path_tortuosity,origin_shift,fractional_occupancy,nan,nan,n/a,nan_both,n/a
nana_spacing_uniformity,origin_shift,fractional_occupancy,nan,nan,n/a,nan_both,n/a
na_x_en_diff,origin_shift,fractional_occupancy,2.51,2.51,,invariant,n/a
charge_balance_deviation,origin_shift,fractional_occupancy,0.28,0.28,,invariant,n/a
covalency_index,origin_shift,fractional_occupancy,0.792997622442975,0.792997622442975,,invariant,n/a
framework_d_electron_weighted,origin_shift,fractional_occupancy,1.0,1.0,,invariant,n/a
space_group_number,origin_shift,fractional_occupancy,8.0,8.0,,invariant,n/a
wyckoff_diversity,origin_shift,fractional_occupancy,5.0,5.0,,invariant,n/a
partial_occupancy_ratio,origin_shift,fractional_occupancy,0.16666666666666666,0.16666666666666666,,invariant,n/a
coordination_cv,origin_shift,fractional_occupancy,nan,nan,n/a,nan_both,n/a
volume_cv,origin_shift,fractional_occupancy,nan,nan,n/a,nan_both,n/a
a2_max_dist,lattice_rotation,fractional_occupancy,1.6970562748477143,1.6970562748477143,,invariant,n/a
poly_distortion_mean,lattice_rotation,fractional_occupancy,6.542051911182396e-17,1.1331166295920987e-16,,invariant,n/a
max_bond_length,lattice_rotation,fractional_occupancy,1.6970562748477143,1.6970562748477143,,invariant,n/a
min_bond_length,lattice_rotation,fractional_occupancy,1.697056274847714,1.6970562748477138,,invariant,n/a
mean_bond_length,lattice_rotation,fractional_occupancy,1.697056274847714,1.697056274847714,,invariant,n/a
target_bond_center,lattice_rotation,fractional_occupancy,2.3899999999999997,2.3899999999999997,,invariant,n/a
poly_volume_mean,lattice_rotation,fractional_occupancy,33.375815407969675,33.37581540796965,,invariant,n/a
coordination_number_mean,lattice_rotation,fractional_occupancy,4.0,4.0,,invariant,n/a
ellipsoid_oblateness,lattice_rotation,fractional_occupancy,5.376505587124321,5.376505587124322,,invariant,n/a
direction_ratio,lattice_rotation,fractional_occupancy,1.0000000000000002,1.0,,invariant,n/a
bottleneck_anisotropy,lattice_rotation,fractional_occupancy,nan,nan,n/a,nan_both,n/a
nana_composite,lattice_rotation,fractional_occupancy,nan,nan,n/a,nan_both,n/a
avg_na_neighbors,lattice_rotation,fractional_occupancy,nan,nan,n/a,nan_both,n/a
largest_component_ratio,lattice_rotation,fractional_occupancy,nan,nan,n/a,nan_both,n/a
network_dimension,lattice_rotation,fractional_occupancy,nan,nan,n/a,nan_both,n/a
component_count,lattice_rotation,fractional_occupancy,1.0,1.0,,invariant,n/a
na_concentration,lattice_rotation,fractional_occupancy,0.16666666666666666,0.16666666666666666,,invariant,n/a
na_occupancy_sum,lattice_rotation,fractional_occupancy,0.5,0.5,,invariant,n/a
na_site_count,lattice_rotation,fractional_occupancy,1.0,1.0,,invariant,n/a
interstitial_count,lattice_rotation,fractional_occupancy,28.0,28.0,,invariant,n/a
interstitial_na_distance,lattice_rotation,fractional_occupancy,4.110884589321394,4.109288600450023,,changed,n/a
interstitial_channel_access,lattice_rotation,fractional_occupancy,0.03571428571428571,0.03571428571428571,,invariant,n/a
interstitial_network_dim,lattice_rotation,fractional_occupancy,2.0,2.0,,invariant,n/a
bvse_barrier_estimate,lattice_rotation,fractional_occupancy,nan,nan,n/a,nan_both,n/a
framework_bond_rigidity,lattice_rotation,fractional_occupancy,nan,nan,n/a,nan_both,n/a
framework_poly_distortion,lattice_rotation,fractional_occupancy,nan,nan,n/a,nan_both,n/a
framework_na_distance_stability,lattice_rotation,fractional_occupancy,nan,nan,n/a,nan_both,n/a
framework_sharing_topology,lattice_rotation,fractional_occupancy,nan,nan,n/a,nan_both,n/a
nana_nana_angle_mean,lattice_rotation,fractional_occupancy,nan,nan,n/a,nan_both,n/a
nana_second_neighbor_dist,lattice_rotation,fractional_occupancy,nan,nan,n/a,nan_both,n/a
path_tortuosity,lattice_rotation,fractional_occupancy,nan,nan,n/a,nan_both,n/a
nana_spacing_uniformity,lattice_rotation,fractional_occupancy,nan,nan,n/a,nan_both,n/a
na_x_en_diff,lattice_rotation,fractional_occupancy,2.51,2.51,,invariant,n/a
charge_balance_deviation,lattice_rotation,fractional_occupancy,0.28,0.28,,invariant,n/a
covalency_index,lattice_rotation,fractional_occupancy,0.792997622442975,0.792997622442975,,invariant,n/a
framework_d_electron_weighted,lattice_rotation,fractional_occupancy,1.0,1.0,,invariant,n/a
space_group_number,lattice_rotation,fractional_occupancy,8.0,8.0,,invariant,n/a
wyckoff_diversity,lattice_rotation,fractional_occupancy,5.0,5.0,,invariant,n/a
partial_occupancy_ratio,lattice_rotation,fractional_occupancy,0.16666666666666666,0.16666666666666666,,invariant,n/a
coordination_cv,lattice_rotation,fractional_occupancy,nan,nan,n/a,nan_both,n/a
volume_cv,lattice_rotation,fractional_occupancy,nan,nan,n/a,nan_both,n/a
a2_max_dist,supercell,fractional_occupancy,1.6970562748477143,1.6970562748477143,1,invariant,n/a
poly_distortion_mean,supercell,fractional_occupancy,6.542051911182396e-17,1.1925347166122918e-16,n/a,invariant,n/a
max_bond_length,supercell,fractional_occupancy,1.6970562748477143,1.6970562748477143,1,invariant,n/a
min_bond_length,supercell,fractional_occupancy,1.697056274847714,1.6970562748477138,1,invariant,n/a
mean_bond_length,supercell,fractional_occupancy,1.697056274847714,1.6970562748477138,1,invariant,n/a
target_bond_center,supercell,fractional_occupancy,2.3899999999999997,2.3899999999999997,1,invariant,n/a
poly_volume_mean,supercell,fractional_occupancy,33.375815407969675,33.37581540796967,1,invariant,n/a
coordination_number_mean,supercell,fractional_occupancy,4.0,4.0,1,invariant,n/a
ellipsoid_oblateness,supercell,fractional_occupancy,5.376505587124321,5.376505587124319,1,invariant,n/a
direction_ratio,supercell,fractional_occupancy,1.0000000000000002,1.0,1,invariant,n/a
bottleneck_anisotropy,supercell,fractional_occupancy,nan,nan,n/a,nan_both,n/a
nana_composite,supercell,fractional_occupancy,nan,0.0,n/a,nan_introduced,n/a
avg_na_neighbors,supercell,fractional_occupancy,nan,0.0,n/a,nan_introduced,n/a
largest_component_ratio,supercell,fractional_occupancy,nan,0.5,n/a,nan_introduced,n/a
network_dimension,supercell,fractional_occupancy,nan,0.0,n/a,nan_introduced,n/a
component_count,supercell,fractional_occupancy,1.0,2.0,2,changed,n/a
na_concentration,supercell,fractional_occupancy,0.16666666666666666,0.16666666666666666,1,invariant,n/a
na_occupancy_sum,supercell,fractional_occupancy,0.5,1.0,2,changed,n/a
na_site_count,supercell,fractional_occupancy,1.0,2.0,2,changed,n/a
interstitial_count,supercell,fractional_occupancy,28.0,56.0,2,changed,n/a
interstitial_na_distance,supercell,fractional_occupancy,4.110884589321394,4.105788185878518,0.99876,changed,n/a
interstitial_channel_access,supercell,fractional_occupancy,0.03571428571428571,0.03571428571428571,1,invariant,n/a
interstitial_network_dim,supercell,fractional_occupancy,2.0,2.0,1,invariant,n/a
bvse_barrier_estimate,supercell,fractional_occupancy,nan,nan,n/a,nan_both,n/a
framework_bond_rigidity,supercell,fractional_occupancy,nan,nan,n/a,nan_both,n/a
framework_poly_distortion,supercell,fractional_occupancy,nan,nan,n/a,nan_both,n/a
framework_na_distance_stability,supercell,fractional_occupancy,nan,nan,n/a,nan_both,n/a
framework_sharing_topology,supercell,fractional_occupancy,nan,nan,n/a,nan_both,n/a
nana_nana_angle_mean,supercell,fractional_occupancy,nan,nan,n/a,nan_both,n/a
nana_second_neighbor_dist,supercell,fractional_occupancy,nan,nan,n/a,nan_both,n/a
path_tortuosity,supercell,fractional_occupancy,nan,nan,n/a,nan_both,n/a
nana_spacing_uniformity,supercell,fractional_occupancy,nan,0.0,n/a,nan_introduced,n/a
na_x_en_diff,supercell,fractional_occupancy,2.51,2.51,1,invariant,n/a
charge_balance_deviation,supercell,fractional_occupancy,0.28,0.28,1,invariant,n/a
covalency_index,supercell,fractional_occupancy,0.792997622442975,0.792997622442975,1,invariant,n/a
framework_d_electron_weighted,supercell,fractional_occupancy,1.0,1.0,1,invariant,n/a
space_group_number,supercell,fractional_occupancy,8.0,8.0,1,invariant,n/a
wyckoff_diversity,supercell,fractional_occupancy,5.0,6.0,1.2,changed,n/a
partial_occupancy_ratio,supercell,fractional_occupancy,0.16666666666666666,0.16666666666666666,1,invariant,n/a
coordination_cv,supercell,fractional_occupancy,nan,nan,n/a,nan_both,n/a
volume_cv,supercell,fractional_occupancy,nan,1.5053702228315747e-16,n/a,nan_introduced,n/a
a2_max_dist,isotropic_scale,fractional_occupancy,1.6970562748477143,1.7819090885901019,1.05,changed,false
poly_distortion_mean,isotropic_scale,fractional_occupancy,6.542051911182396e-17,4.945326406018122e-16,n/a,invariant,n/a
max_bond_length,isotropic_scale,fractional_occupancy,1.6970562748477143,1.7819090885901019,1.05,changed,false
min_bond_length,isotropic_scale,fractional_occupancy,1.697056274847714,1.7819090885900999,1.05,changed,false
mean_bond_length,isotropic_scale,fractional_occupancy,1.697056274847714,1.7819090885901006,1.05,changed,false
target_bond_center,isotropic_scale,fractional_occupancy,2.3899999999999997,2.3899999999999997,1,invariant,true
poly_volume_mean,isotropic_scale,fractional_occupancy,33.375815407969675,38.636678311650854,1.15762,changed,false
coordination_number_mean,isotropic_scale,fractional_occupancy,4.0,4.0,1,invariant,false
ellipsoid_oblateness,isotropic_scale,fractional_occupancy,5.376505587124321,5.3765055871243215,1,invariant,false
direction_ratio,isotropic_scale,fractional_occupancy,1.0000000000000002,1.000000000000001,1,invariant,false
bottleneck_anisotropy,isotropic_scale,fractional_occupancy,nan,nan,n/a,nan_both,n/a
nana_composite,isotropic_scale,fractional_occupancy,nan,nan,n/a,nan_both,n/a
avg_na_neighbors,isotropic_scale,fractional_occupancy,nan,nan,n/a,nan_both,n/a
largest_component_ratio,isotropic_scale,fractional_occupancy,nan,nan,n/a,nan_both,n/a
network_dimension,isotropic_scale,fractional_occupancy,nan,nan,n/a,nan_both,n/a
component_count,isotropic_scale,fractional_occupancy,1.0,1.0,1,invariant,false
na_concentration,isotropic_scale,fractional_occupancy,0.16666666666666666,0.16666666666666666,1,invariant,true
na_occupancy_sum,isotropic_scale,fractional_occupancy,0.5,0.5,1,invariant,false
na_site_count,isotropic_scale,fractional_occupancy,1.0,1.0,1,invariant,false
interstitial_count,isotropic_scale,fractional_occupancy,28.0,28.0,1,invariant,false
interstitial_na_distance,isotropic_scale,fractional_occupancy,4.110884589321394,4.327302066810829,1.05264,changed,false
interstitial_channel_access,isotropic_scale,fractional_occupancy,0.03571428571428571,0.03571428571428571,1,invariant,false
interstitial_network_dim,isotropic_scale,fractional_occupancy,2.0,2.0,1,invariant,false
bvse_barrier_estimate,isotropic_scale,fractional_occupancy,nan,nan,n/a,nan_both,n/a
framework_bond_rigidity,isotropic_scale,fractional_occupancy,nan,nan,n/a,nan_both,n/a
framework_poly_distortion,isotropic_scale,fractional_occupancy,nan,nan,n/a,nan_both,n/a
framework_na_distance_stability,isotropic_scale,fractional_occupancy,nan,nan,n/a,nan_both,n/a
framework_sharing_topology,isotropic_scale,fractional_occupancy,nan,nan,n/a,nan_both,n/a
nana_nana_angle_mean,isotropic_scale,fractional_occupancy,nan,nan,n/a,nan_both,n/a
nana_second_neighbor_dist,isotropic_scale,fractional_occupancy,nan,nan,n/a,nan_both,n/a
path_tortuosity,isotropic_scale,fractional_occupancy,nan,nan,n/a,nan_both,n/a
nana_spacing_uniformity,isotropic_scale,fractional_occupancy,nan,nan,n/a,nan_both,n/a
na_x_en_diff,isotropic_scale,fractional_occupancy,2.51,2.51,1,invariant,false
charge_balance_deviation,isotropic_scale,fractional_occupancy,0.28,0.28,1,invariant,false
covalency_index,isotropic_scale,fractional_occupancy,0.792997622442975,0.792997622442975,1,invariant,false
framework_d_electron_weighted,isotropic_scale,fractional_occupancy,1.0,1.0,1,invariant,false
space_group_number,isotropic_scale,fractional_occupancy,8.0,8.0,1,invariant,false
wyckoff_diversity,isotropic_scale,fractional_occupancy,5.0,5.0,1,invariant,false
partial_occupancy_ratio,isotropic_scale,fractional_occupancy,0.16666666666666666,0.16666666666666666,1,invariant,false
coordination_cv,isotropic_scale,fractional_occupancy,nan,nan,n/a,nan_both,n/a
volume_cv,isotropic_scale,fractional_occupancy,nan,nan,n/a,nan_both,n/a
a2_max_dist,occupancy_split,fractional_occupancy,1.6970562748477143,1.6970562748477143,,invariant,n/a
poly_distortion_mean,occupancy_split,fractional_occupancy,6.542051911182396e-17,1.1702778228589002e-16,,invariant,n/a
max_bond_length,occupancy_split,fractional_occupancy,1.6970562748477143,1.6970562748477143,,invariant,n/a
min_bond_length,occupancy_split,fractional_occupancy,1.697056274847714,1.697056274847714,,invariant,n/a
mean_bond_length,occupancy_split,fractional_occupancy,1.697056274847714,1.6970562748477143,,invariant,n/a
target_bond_center,occupancy_split,fractional_occupancy,2.3899999999999997,2.4,,changed,n/a
poly_volume_mean,occupancy_split,fractional_occupancy,33.375815407969675,33.375815407969675,,invariant,n/a
coordination_number_mean,occupancy_split,fractional_occupancy,4.0,5.0,,changed,n/a
ellipsoid_oblateness,occupancy_split,fractional_occupancy,5.376505587124321,5.418962010041715,,changed,n/a
direction_ratio,occupancy_split,fractional_occupancy,1.0000000000000002,1.0000000000000002,,invariant,n/a
bottleneck_anisotropy,occupancy_split,fractional_occupancy,nan,nan,n/a,nan_both,n/a
nana_composite,occupancy_split,fractional_occupancy,nan,nan,n/a,nan_both,n/a
avg_na_neighbors,occupancy_split,fractional_occupancy,nan,nan,n/a,nan_both,n/a
largest_component_ratio,occupancy_split,fractional_occupancy,nan,nan,n/a,nan_both,n/a
network_dimension,occupancy_split,fractional_occupancy,nan,nan,n/a,nan_both,n/a
component_count,occupancy_split,fractional_occupancy,1.0,1.0,,invariant,n/a
na_concentration,occupancy_split,fractional_occupancy,0.16666666666666666,0.14285714285714285,,changed,n/a
na_occupancy_sum,occupancy_split,fractional_occupancy,0.5,0.5,,invariant,n/a
na_site_count,occupancy_split,fractional_occupancy,1.0,1.0,,invariant,n/a
interstitial_count,occupancy_split,fractional_occupancy,28.0,28.0,,invariant,n/a
interstitial_na_distance,occupancy_split,fractional_occupancy,4.110884589321394,4.110884589321394,,invariant,n/a
interstitial_channel_access,occupancy_split,fractional_occupancy,0.03571428571428571,0.03571428571428571,,invariant,n/a
interstitial_network_dim,occupancy_split,fractional_occupancy,2.0,2.0,,invariant,n/a
bvse_barrier_estimate,occupancy_split,fractional_occupancy,nan,nan,n/a,nan_both,n/a
framework_bond_rigidity,occupancy_split,fractional_occupancy,nan,nan,n/a,nan_both,n/a
framework_poly_distortion,occupancy_split,fractional_occupancy,nan,nan,n/a,nan_both,n/a
framework_na_distance_stability,occupancy_split,fractional_occupancy,nan,nan,n/a,nan_both,n/a
framework_sharing_topology,occupancy_split,fractional_occupancy,nan,nan,n/a,nan_both,n/a
nana_nana_angle_mean,occupancy_split,fractional_occupancy,nan,nan,n/a,nan_both,n/a
nana_second_neighbor_dist,occupancy_split,fractional_occupancy,nan,nan,n/a,nan_both,n/a
path_tortuosity,occupancy_split,fractional_occupancy,nan,nan,n/a,nan_both,n/a
nana_spacing_uniformity,occupancy_split,fractional_occupancy,nan,nan,n/a,nan_both,n/a
na_x_en_diff,occupancy_split,fractional_occupancy,2.51,2.51,,invariant,n/a
charge_balance_deviation,occupancy_split,fractional_occupancy,0.28,0.28,,invariant,n/a
covalency_index,occupancy_split,fractional_occupancy,0.792997622442975,0.792997622442975,,invariant,n/a
framework_d_electron_weighted,occupancy_split,fractional_occupancy,1.0,1.0,,invariant,n/a
space_group_number,occupancy_split,fractional_occupancy,8.0,nan,n/a,nan_introduced,n/a
wyckoff_diversity,occupancy_split,fractional_occupancy,5.0,nan,n/a,nan_introduced,n/a
partial_occupancy_ratio,occupancy_split,fractional_occupancy,0.16666666666666666,0.42857142857142855,,changed,n/a
coordination_cv,occupancy_split,fractional_occupancy,nan,nan,n/a,nan_both,n/a
volume_cv,occupancy_split,fractional_occupancy,nan,nan,n/a,nan_both,n/a
a2_max_dist,geometry_jitter,fractional_occupancy,1.6970562748477143,1.7304260086869718,,changed,n/a
poly_distortion_mean,geometry_jitter,fractional_occupancy,6.542051911182396e-17,0.008571569880722123,,changed,n/a
max_bond_length,geometry_jitter,fractional_occupancy,1.6970562748477143,1.7304260086869718,,changed,n/a
min_bond_length,geometry_jitter,fractional_occupancy,1.697056274847714,1.6931525037456274,,changed,n/a
mean_bond_length,geometry_jitter,fractional_occupancy,1.697056274847714,1.7082881586277359,,changed,n/a
target_bond_center,geometry_jitter,fractional_occupancy,2.3899999999999997,2.3899999999999997,,invariant,n/a
poly_volume_mean,geometry_jitter,fractional_occupancy,33.375815407969675,34.88473098116407,,changed,n/a
coordination_number_mean,geometry_jitter,fractional_occupancy,4.0,4.0,,invariant,n/a
ellipsoid_oblateness,geometry_jitter,fractional_occupancy,5.376505587124321,6.323585707559249,,changed,n/a
direction_ratio,geometry_jitter,fractional_occupancy,1.0000000000000002,1.010565005209835,,changed,n/a
bottleneck_anisotropy,geometry_jitter,fractional_occupancy,nan,nan,n/a,nan_both,n/a
nana_composite,geometry_jitter,fractional_occupancy,nan,nan,n/a,nan_both,n/a
avg_na_neighbors,geometry_jitter,fractional_occupancy,nan,nan,n/a,nan_both,n/a
largest_component_ratio,geometry_jitter,fractional_occupancy,nan,nan,n/a,nan_both,n/a
network_dimension,geometry_jitter,fractional_occupancy,nan,nan,n/a,nan_both,n/a
component_count,geometry_jitter,fractional_occupancy,1.0,1.0,,invariant,n/a
na_concentration,geometry_jitter,fractional_occupancy,0.16666666666666666,0.16666666666666666,,invariant,n/a
na_occupancy_sum,geometry_jitter,fractional_occupancy,0.5,0.5,,invariant,n/a
na_site_count,geometry_jitter,fractional_occupancy,1.0,1.0,,invariant,n/a
interstitial_count,geometry_jitter,fractional_occupancy,28.0,29.0,,changed,n/a
interstitial_na_distance,geometry_jitter,fractional_occupancy,4.110884589321394,4.117677300876088,,changed,n/a
interstitial_channel_access,geometry_jitter,fractional_occupancy,0.03571428571428571,0.034482758620689655,,changed,n/a
interstitial_network_dim,geometry_jitter,fractional_occupancy,2.0,2.0,,invariant,n/a
bvse_barrier_estimate,geometry_jitter,fractional_occupancy,nan,nan,n/a,nan_both,n/a
framework_bond_rigidity,geometry_jitter,fractional_occupancy,nan,nan,n/a,nan_both,n/a
framework_poly_distortion,geometry_jitter,fractional_occupancy,nan,nan,n/a,nan_both,n/a
framework_na_distance_stability,geometry_jitter,fractional_occupancy,nan,nan,n/a,nan_both,n/a
framework_sharing_topology,geometry_jitter,fractional_occupancy,nan,nan,n/a,nan_both,n/a
nana_nana_angle_mean,geometry_jitter,fractional_occupancy,nan,nan,n/a,nan_both,n/a
nana_second_neighbor_dist,geometry_jitter,fractional_occupancy,nan,nan,n/a,nan_both,n/a
path_tortuosity,geometry_jitter,fractional_occupancy,nan,nan,n/a,nan_both,n/a
nana_spacing_uniformity,geometry_jitter,fractional_occupancy,nan,nan,n/a,nan_both,n/a
na_x_en_diff,geometry_jitter,fractional_occupancy,2.51,2.51,,invariant,n/a
charge_balance_deviation,geometry_jitter,fractional_occupancy,0.28,0.28,,invariant,n/a
covalency_index,geometry_jitter,fractional_occupancy,0.792997622442975,0.792997622442975,,invariant,n/a
framework_d_electron_weighted,geometry_jitter,fractional_occupancy,1.0,1.0,,invariant,n/a
space_group_number,geometry_jitter,fractional_occupancy,8.0,1.0,,changed,n/a
wyckoff_diversity,geometry_jitter,fractional_occupancy,5.0,6.0,,changed,n/a
partial_occupancy_ratio,geometry_jitter,fractional_occupancy,0.16666666666666666,0.16666666666666666,,invariant,n/a
coordination_cv,geometry_jitter,fractional_occupancy,nan,nan,n/a,nan_both,n/a
volume_cv,geometry_jitter,fractional_occupancy,nan,nan,n/a,nan_both,n/a
a2_max_dist,site_permutation,cn1_na_site,0.4800000000000004,0.4800000000000004,,invariant,n/a
poly_distortion_mean,site_permutation,cn1_na_site,nan,nan,n/a,nan_both,n/a
max_bond_length,site_permutation,cn1_na_site,0.4800000000000004,0.4800000000000004,,invariant,n/a
min_bond_length,site_permutation,cn1_na_site,0.4800000000000004,0.4800000000000004,,invariant,n/a
mean_bond_length,site_permutation,cn1_na_site,0.4800000000000004,0.4800000000000004,,invariant,n/a
target_bond_center,site_permutation,cn1_na_site,2.42,2.42,,invariant,n/a
poly_volume_mean,site_permutation,cn1_na_site,286.46172000000024,286.46172000000024,,invariant,n/a
coordination_number_mean,site_permutation,cn1_na_site,1.0,1.0,,invariant,n/a
ellipsoid_oblateness,site_permutation,cn1_na_site,nan,nan,n/a,nan_both,n/a
direction_ratio,site_permutation,cn1_na_site,nan,nan,n/a,nan_both,n/a
bottleneck_anisotropy,site_permutation,cn1_na_site,nan,nan,n/a,nan_both,n/a
nana_composite,site_permutation,cn1_na_site,nan,nan,n/a,nan_both,n/a
avg_na_neighbors,site_permutation,cn1_na_site,nan,nan,n/a,nan_both,n/a
largest_component_ratio,site_permutation,cn1_na_site,nan,nan,n/a,nan_both,n/a
network_dimension,site_permutation,cn1_na_site,nan,nan,n/a,nan_both,n/a
component_count,site_permutation,cn1_na_site,1.0,1.0,,invariant,n/a
na_concentration,site_permutation,cn1_na_site,0.25,0.25,,invariant,n/a
na_occupancy_sum,site_permutation,cn1_na_site,1.0,1.0,,invariant,n/a
na_site_count,site_permutation,cn1_na_site,1.0,1.0,,invariant,n/a
interstitial_count,site_permutation,cn1_na_site,24.0,24.0,,invariant,n/a
interstitial_na_distance,site_permutation,cn1_na_site,6.644094048670003,6.644094048670002,,invariant,n/a
interstitial_channel_access,site_permutation,cn1_na_site,0.0,0.0,,invariant,n/a
interstitial_network_dim,site_permutation,cn1_na_site,1.0,1.0,,invariant,n/a
bvse_barrier_estimate,site_permutation,cn1_na_site,nan,nan,n/a,nan_both,n/a
framework_bond_rigidity,site_permutation,cn1_na_site,1.1134612334371354,1.1134612334371354,,invariant,n/a
framework_poly_distortion,site_permutation,cn1_na_site,nan,nan,n/a,nan_both,n/a
framework_na_distance_stability,site_permutation,cn1_na_site,0.0,0.0,,invariant,n/a
framework_sharing_topology,site_permutation,cn1_na_site,0.0,0.0,,invariant,n/a
nana_nana_angle_mean,site_permutation,cn1_na_site,nan,nan,n/a,nan_both,n/a
nana_second_neighbor_dist,site_permutation,cn1_na_site,nan,nan,n/a,nan_both,n/a
path_tortuosity,site_permutation,cn1_na_site,nan,nan,n/a,nan_both,n/a
nana_spacing_uniformity,site_permutation,cn1_na_site,nan,nan,n/a,nan_both,n/a
na_x_en_diff,site_permutation,cn1_na_site,2.51,2.51,,invariant,n/a
charge_balance_deviation,site_permutation,cn1_na_site,0.1111111111111111,0.1111111111111111,,invariant,n/a
covalency_index,site_permutation,cn1_na_site,0.792997622442975,0.792997622442975,,invariant,n/a
framework_d_electron_weighted,site_permutation,cn1_na_site,0.0,0.0,,invariant,n/a
space_group_number,site_permutation,cn1_na_site,8.0,8.0,,invariant,n/a
wyckoff_diversity,site_permutation,cn1_na_site,4.0,4.0,,invariant,n/a
partial_occupancy_ratio,site_permutation,cn1_na_site,0.0,0.0,,invariant,n/a
coordination_cv,site_permutation,cn1_na_site,nan,nan,n/a,nan_both,n/a
volume_cv,site_permutation,cn1_na_site,nan,nan,n/a,nan_both,n/a
a2_max_dist,origin_shift,cn1_na_site,0.4800000000000004,0.4800000000000004,,invariant,n/a
poly_distortion_mean,origin_shift,cn1_na_site,nan,nan,n/a,nan_both,n/a
max_bond_length,origin_shift,cn1_na_site,0.4800000000000004,0.4800000000000004,,invariant,n/a
min_bond_length,origin_shift,cn1_na_site,0.4800000000000004,0.4800000000000004,,invariant,n/a
mean_bond_length,origin_shift,cn1_na_site,0.4800000000000004,0.4800000000000004,,invariant,n/a
target_bond_center,origin_shift,cn1_na_site,2.42,2.42,,invariant,n/a
poly_volume_mean,origin_shift,cn1_na_site,286.46172000000024,286.46172000000007,,invariant,n/a
coordination_number_mean,origin_shift,cn1_na_site,1.0,1.0,,invariant,n/a
ellipsoid_oblateness,origin_shift,cn1_na_site,nan,nan,n/a,nan_both,n/a
direction_ratio,origin_shift,cn1_na_site,nan,nan,n/a,nan_both,n/a
bottleneck_anisotropy,origin_shift,cn1_na_site,nan,nan,n/a,nan_both,n/a
nana_composite,origin_shift,cn1_na_site,nan,nan,n/a,nan_both,n/a
avg_na_neighbors,origin_shift,cn1_na_site,nan,nan,n/a,nan_both,n/a
largest_component_ratio,origin_shift,cn1_na_site,nan,nan,n/a,nan_both,n/a
network_dimension,origin_shift,cn1_na_site,nan,nan,n/a,nan_both,n/a
component_count,origin_shift,cn1_na_site,1.0,1.0,,invariant,n/a
na_concentration,origin_shift,cn1_na_site,0.25,0.25,,invariant,n/a
na_occupancy_sum,origin_shift,cn1_na_site,1.0,1.0,,invariant,n/a
na_site_count,origin_shift,cn1_na_site,1.0,1.0,,invariant,n/a
interstitial_count,origin_shift,cn1_na_site,24.0,24.0,,invariant,n/a
interstitial_na_distance,origin_shift,cn1_na_site,6.644094048670003,6.644094048670003,,invariant,n/a
interstitial_channel_access,origin_shift,cn1_na_site,0.0,0.0,,invariant,n/a
interstitial_network_dim,origin_shift,cn1_na_site,1.0,1.0,,invariant,n/a
bvse_barrier_estimate,origin_shift,cn1_na_site,nan,nan,n/a,nan_both,n/a
framework_bond_rigidity,origin_shift,cn1_na_site,1.1134612334371354,1.1134612334371354,,invariant,n/a
framework_poly_distortion,origin_shift,cn1_na_site,nan,nan,n/a,nan_both,n/a
framework_na_distance_stability,origin_shift,cn1_na_site,0.0,0.0,,invariant,n/a
framework_sharing_topology,origin_shift,cn1_na_site,0.0,0.0,,invariant,n/a
nana_nana_angle_mean,origin_shift,cn1_na_site,nan,nan,n/a,nan_both,n/a
nana_second_neighbor_dist,origin_shift,cn1_na_site,nan,nan,n/a,nan_both,n/a
path_tortuosity,origin_shift,cn1_na_site,nan,nan,n/a,nan_both,n/a
nana_spacing_uniformity,origin_shift,cn1_na_site,nan,nan,n/a,nan_both,n/a
na_x_en_diff,origin_shift,cn1_na_site,2.51,2.51,,invariant,n/a
charge_balance_deviation,origin_shift,cn1_na_site,0.1111111111111111,0.1111111111111111,,invariant,n/a
covalency_index,origin_shift,cn1_na_site,0.792997622442975,0.792997622442975,,invariant,n/a
framework_d_electron_weighted,origin_shift,cn1_na_site,0.0,0.0,,invariant,n/a
space_group_number,origin_shift,cn1_na_site,8.0,8.0,,invariant,n/a
wyckoff_diversity,origin_shift,cn1_na_site,4.0,4.0,,invariant,n/a
partial_occupancy_ratio,origin_shift,cn1_na_site,0.0,0.0,,invariant,n/a
coordination_cv,origin_shift,cn1_na_site,nan,nan,n/a,nan_both,n/a
volume_cv,origin_shift,cn1_na_site,nan,nan,n/a,nan_both,n/a
a2_max_dist,lattice_rotation,cn1_na_site,0.4800000000000004,0.4800000000000005,,invariant,n/a
poly_distortion_mean,lattice_rotation,cn1_na_site,nan,nan,n/a,nan_both,n/a
max_bond_length,lattice_rotation,cn1_na_site,0.4800000000000004,0.4800000000000005,,invariant,n/a
min_bond_length,lattice_rotation,cn1_na_site,0.4800000000000004,0.4800000000000005,,invariant,n/a
mean_bond_length,lattice_rotation,cn1_na_site,0.4800000000000004,0.4800000000000005,,invariant,n/a
target_bond_center,lattice_rotation,cn1_na_site,2.42,2.42,,invariant,n/a
poly_volume_mean,lattice_rotation,cn1_na_site,286.46172000000024,286.46172000000234,,invariant,n/a
coordination_number_mean,lattice_rotation,cn1_na_site,1.0,1.0,,invariant,n/a
ellipsoid_oblateness,lattice_rotation,cn1_na_site,nan,nan,n/a,nan_both,n/a
direction_ratio,lattice_rotation,cn1_na_site,nan,nan,n/a,nan_both,n/a
bottleneck_anisotropy,lattice_rotation,cn1_na_site,nan,nan,n/a,nan_both,n/a
nana_composite,lattice_rotation,cn1_na_site,nan,nan,n/a,nan_both,n/a
avg_na_neighbors,lattice_rotation,cn1_na_site,nan,nan,n/a,nan_both,n/a
largest_component_ratio,lattice_rotation,cn1_na_site,nan,nan,n/a,nan_both,n/a
network_dimension,lattice_rotation,cn1_na_site,nan,nan,n/a,nan_both,n/a
component_count,lattice_rotation,cn1_na_site,1.0,1.0,,invariant,n/a
na_concentration,lattice_rotation,cn1_na_site,0.25,0.25,,invariant,n/a
na_occupancy_sum,lattice_rotation,cn1_na_site,1.0,1.0,,invariant,n/a
na_site_count,lattice_rotation,cn1_na_site,1.0,1.0,,invariant,n/a
interstitial_count,lattice_rotation,cn1_na_site,24.0,24.0,,invariant,n/a
interstitial_na_distance,lattice_rotation,cn1_na_site,6.644094048670003,6.644094048670003,,invariant,n/a
interstitial_channel_access,lattice_rotation,cn1_na_site,0.0,0.0,,invariant,n/a
interstitial_network_dim,lattice_rotation,cn1_na_site,1.0,1.0,,invariant,n/a
bvse_barrier_estimate,lattice_rotation,cn1_na_site,nan,nan,n/a,nan_both,n/a
framework_bond_rigidity,lattice_rotation,cn1_na_site,1.1134612334371354,1.1134612334371357,,invariant,n/a
framework_poly_distortion,lattice_rotation,cn1_na_site,nan,nan,n/a,nan_both,n/a
framework_na_distance_stability,lattice_rotation,cn1_na_site,0.0,0.0,,invariant,n/a
framework_sharing_topology,lattice_rotation,cn1_na_site,0.0,0.0,,invariant,n/a
nana_nana_angle_mean,lattice_rotation,cn1_na_site,nan,nan,n/a,nan_both,n/a
nana_second_neighbor_dist,lattice_rotation,cn1_na_site,nan,nan,n/a,nan_both,n/a
path_tortuosity,lattice_rotation,cn1_na_site,nan,nan,n/a,nan_both,n/a
nana_spacing_uniformity,lattice_rotation,cn1_na_site,nan,nan,n/a,nan_both,n/a
na_x_en_diff,lattice_rotation,cn1_na_site,2.51,2.51,,invariant,n/a
charge_balance_deviation,lattice_rotation,cn1_na_site,0.1111111111111111,0.1111111111111111,,invariant,n/a
covalency_index,lattice_rotation,cn1_na_site,0.792997622442975,0.792997622442975,,invariant,n/a
framework_d_electron_weighted,lattice_rotation,cn1_na_site,0.0,0.0,,invariant,n/a
space_group_number,lattice_rotation,cn1_na_site,8.0,8.0,,invariant,n/a
wyckoff_diversity,lattice_rotation,cn1_na_site,4.0,4.0,,invariant,n/a
partial_occupancy_ratio,lattice_rotation,cn1_na_site,0.0,0.0,,invariant,n/a
coordination_cv,lattice_rotation,cn1_na_site,nan,nan,n/a,nan_both,n/a
volume_cv,lattice_rotation,cn1_na_site,nan,nan,n/a,nan_both,n/a
a2_max_dist,supercell,cn1_na_site,0.4800000000000004,0.4800000000000004,1,invariant,n/a
poly_distortion_mean,supercell,cn1_na_site,nan,nan,n/a,nan_both,n/a
max_bond_length,supercell,cn1_na_site,0.4800000000000004,0.4800000000000004,1,invariant,n/a
min_bond_length,supercell,cn1_na_site,0.4800000000000004,0.4800000000000004,1,invariant,n/a
mean_bond_length,supercell,cn1_na_site,0.4800000000000004,0.4800000000000004,1,invariant,n/a
target_bond_center,supercell,cn1_na_site,2.42,2.42,1,invariant,n/a
poly_volume_mean,supercell,cn1_na_site,286.46172000000024,286.4617200000004,1,invariant,n/a
coordination_number_mean,supercell,cn1_na_site,1.0,1.0,1,invariant,n/a
ellipsoid_oblateness,supercell,cn1_na_site,nan,nan,n/a,nan_both,n/a
direction_ratio,supercell,cn1_na_site,nan,nan,n/a,nan_both,n/a
bottleneck_anisotropy,supercell,cn1_na_site,nan,nan,n/a,nan_both,n/a
nana_composite,supercell,cn1_na_site,nan,0.0,n/a,nan_introduced,n/a
avg_na_neighbors,supercell,cn1_na_site,nan,0.0,n/a,nan_introduced,n/a
largest_component_ratio,supercell,cn1_na_site,nan,0.5,n/a,nan_introduced,n/a
network_dimension,supercell,cn1_na_site,nan,0.0,n/a,nan_introduced,n/a
component_count,supercell,cn1_na_site,1.0,2.0,2,changed,n/a
na_concentration,supercell,cn1_na_site,0.25,0.25,1,invariant,n/a
na_occupancy_sum,supercell,cn1_na_site,1.0,2.0,2,changed,n/a
na_site_count,supercell,cn1_na_site,1.0,2.0,2,changed,n/a
interstitial_count,supercell,cn1_na_site,24.0,48.0,2,changed,n/a
interstitial_na_distance,supercell,cn1_na_site,6.644094048670003,6.644094048670003,1,invariant,n/a
interstitial_channel_access,supercell,cn1_na_site,0.0,0.0,n/a,invariant,n/a
interstitial_network_dim,supercell,cn1_na_site,1.0,0.0,0.00000,collapsed_to_zero,n/a
bvse_barrier_estimate,supercell,cn1_na_site,nan,nan,n/a,nan_both,n/a
framework_bond_rigidity,supercell,cn1_na_site,1.1134612334371354,1.1134612334371354,1,invariant,n/a
framework_poly_distortion,supercell,cn1_na_site,nan,nan,n/a,nan_both,n/a
framework_na_distance_stability,supercell,cn1_na_site,0.0,0.3138593383654928,n/a,changed,n/a
framework_sharing_topology,supercell,cn1_na_site,0.0,0.0,n/a,invariant,n/a
nana_nana_angle_mean,supercell,cn1_na_site,nan,nan,n/a,nan_both,n/a
nana_second_neighbor_dist,supercell,cn1_na_site,nan,nan,n/a,nan_both,n/a
path_tortuosity,supercell,cn1_na_site,nan,nan,n/a,nan_both,n/a
nana_spacing_uniformity,supercell,cn1_na_site,nan,0.0,n/a,nan_introduced,n/a
na_x_en_diff,supercell,cn1_na_site,2.51,2.51,1,invariant,n/a
charge_balance_deviation,supercell,cn1_na_site,0.1111111111111111,0.1111111111111111,1,invariant,n/a
covalency_index,supercell,cn1_na_site,0.792997622442975,0.792997622442975,1,invariant,n/a
framework_d_electron_weighted,supercell,cn1_na_site,0.0,0.0,n/a,invariant,n/a
space_group_number,supercell,cn1_na_site,8.0,8.0,1,invariant,n/a
wyckoff_diversity,supercell,cn1_na_site,4.0,4.0,1,invariant,n/a
partial_occupancy_ratio,supercell,cn1_na_site,0.0,0.0,n/a,invariant,n/a
coordination_cv,supercell,cn1_na_site,nan,0.0,n/a,nan_introduced,n/a
volume_cv,supercell,cn1_na_site,nan,3.9686572335604164e-16,n/a,nan_introduced,n/a
a2_max_dist,isotropic_scale,cn1_na_site,0.4800000000000004,0.5040000000000004,1.05,changed,false
poly_distortion_mean,isotropic_scale,cn1_na_site,nan,nan,n/a,nan_both,n/a
max_bond_length,isotropic_scale,cn1_na_site,0.4800000000000004,0.5040000000000004,1.05,changed,false
min_bond_length,isotropic_scale,cn1_na_site,0.4800000000000004,0.5040000000000004,1.05,changed,false
mean_bond_length,isotropic_scale,cn1_na_site,0.4800000000000004,0.5040000000000004,1.05,changed,false
target_bond_center,isotropic_scale,cn1_na_site,2.42,2.42,1,invariant,true
poly_volume_mean,isotropic_scale,cn1_na_site,286.46172000000024,331.6152486150003,1.15763,changed,false
coordination_number_mean,isotropic_scale,cn1_na_site,1.0,1.0,1,invariant,false
ellipsoid_oblateness,isotropic_scale,cn1_na_site,nan,nan,n/a,nan_both,n/a
direction_ratio,isotropic_scale,cn1_na_site,nan,nan,n/a,nan_both,n/a
bottleneck_anisotropy,isotropic_scale,cn1_na_site,nan,nan,n/a,nan_both,n/a
nana_composite,isotropic_scale,cn1_na_site,nan,nan,n/a,nan_both,n/a
avg_na_neighbors,isotropic_scale,cn1_na_site,nan,nan,n/a,nan_both,n/a
largest_component_ratio,isotropic_scale,cn1_na_site,nan,nan,n/a,nan_both,n/a
network_dimension,isotropic_scale,cn1_na_site,nan,nan,n/a,nan_both,n/a
component_count,isotropic_scale,cn1_na_site,1.0,1.0,1,invariant,false
na_concentration,isotropic_scale,cn1_na_site,0.25,0.25,1,invariant,true
na_occupancy_sum,isotropic_scale,cn1_na_site,1.0,1.0,1,invariant,false
na_site_count,isotropic_scale,cn1_na_site,1.0,1.0,1,invariant,false
interstitial_count,isotropic_scale,cn1_na_site,24.0,24.0,1,invariant,false
interstitial_na_distance,isotropic_scale,cn1_na_site,6.644094048670003,6.9762987511035055,1.05,changed,false
interstitial_channel_access,isotropic_scale,cn1_na_site,0.0,0.0,n/a,invariant,n/a
interstitial_network_dim,isotropic_scale,cn1_na_site,1.0,1.0,1,invariant,false
bvse_barrier_estimate,isotropic_scale,cn1_na_site,nan,nan,n/a,nan_both,n/a
framework_bond_rigidity,isotropic_scale,cn1_na_site,1.1134612334371354,nan,n/a,nan_introduced,n/a
framework_poly_distortion,isotropic_scale,cn1_na_site,nan,nan,n/a,nan_both,n/a
framework_na_distance_stability,isotropic_scale,cn1_na_site,0.0,nan,n/a,nan_introduced,n/a
framework_sharing_topology,isotropic_scale,cn1_na_site,0.0,nan,n/a,nan_introduced,n/a
nana_nana_angle_mean,isotropic_scale,cn1_na_site,nan,nan,n/a,nan_both,n/a
nana_second_neighbor_dist,isotropic_scale,cn1_na_site,nan,nan,n/a,nan_both,n/a
path_tortuosity,isotropic_scale,cn1_na_site,nan,nan,n/a,nan_both,n/a
nana_spacing_uniformity,isotropic_scale,cn1_na_site,nan,nan,n/a,nan_both,n/a
na_x_en_diff,isotropic_scale,cn1_na_site,2.51,2.51,1,invariant,false
charge_balance_deviation,isotropic_scale,cn1_na_site,0.1111111111111111,0.1111111111111111,1,invariant,false
covalency_index,isotropic_scale,cn1_na_site,0.792997622442975,0.792997622442975,1,invariant,false
framework_d_electron_weighted,isotropic_scale,cn1_na_site,0.0,0.0,n/a,invariant,n/a
space_group_number,isotropic_scale,cn1_na_site,8.0,8.0,1,invariant,false
wyckoff_diversity,isotropic_scale,cn1_na_site,4.0,4.0,1,invariant,false
partial_occupancy_ratio,isotropic_scale,cn1_na_site,0.0,0.0,n/a,invariant,n/a
coordination_cv,isotropic_scale,cn1_na_site,nan,nan,n/a,nan_both,n/a
volume_cv,isotropic_scale,cn1_na_site,nan,nan,n/a,nan_both,n/a
a2_max_dist,occupancy_split,cn1_na_site,0.4800000000000004,0.4800000000000004,,invariant,n/a
poly_distortion_mean,occupancy_split,cn1_na_site,nan,0.0,n/a,nan_introduced,n/a
max_bond_length,occupancy_split,cn1_na_site,0.4800000000000004,0.4800000000000004,,invariant,n/a
min_bond_length,occupancy_split,cn1_na_site,0.4800000000000004,0.4800000000000004,,invariant,n/a
mean_bond_length,occupancy_split,cn1_na_site,0.4800000000000004,0.4800000000000004,,invariant,n/a
target_bond_center,occupancy_split,cn1_na_site,2.42,2.42,,invariant,n/a
poly_volume_mean,occupancy_split,cn1_na_site,286.46172000000024,286.46172000000126,,invariant,n/a
coordination_number_mean,occupancy_split,cn1_na_site,1.0,2.0,,changed,n/a
ellipsoid_oblateness,occupancy_split,cn1_na_site,nan,nan,n/a,nan_both,n/a
direction_ratio,occupancy_split,cn1_na_site,nan,1.0,n/a,nan_introduced,n/a
bottleneck_anisotropy,occupancy_split,cn1_na_site,nan,nan,n/a,nan_both,n/a
nana_composite,occupancy_split,cn1_na_site,nan,nan,n/a,nan_both,n/a
avg_na_neighbors,occupancy_split,cn1_na_site,nan,nan,n/a,nan_both,n/a
largest_component_ratio,occupancy_split,cn1_na_site,nan,nan,n/a,nan_both,n/a
network_dimension,occupancy_split,cn1_na_site,nan,nan,n/a,nan_both,n/a
component_count,occupancy_split,cn1_na_site,1.0,1.0,,invariant,n/a
na_concentration,occupancy_split,cn1_na_site,0.25,0.2,,changed,n/a
na_occupancy_sum,occupancy_split,cn1_na_site,1.0,1.0,,invariant,n/a
na_site_count,occupancy_split,cn1_na_site,1.0,1.0,,invariant,n/a
interstitial_count,occupancy_split,cn1_na_site,24.0,24.0,,invariant,n/a
interstitial_na_distance,occupancy_split,cn1_na_site,6.644094048670003,6.644094048670002,,invariant,n/a
interstitial_channel_access,occupancy_split,cn1_na_site,0.0,0.0,,invariant,n/a
interstitial_network_dim,occupancy_split,cn1_na_site,1.0,1.0,,invariant,n/a
bvse_barrier_estimate,occupancy_split,cn1_na_site,nan,nan,n/a,nan_both,n/a
framework_bond_rigidity,occupancy_split,cn1_na_site,1.1134612334371354,1.1134612334371354,,invariant,n/a
framework_poly_distortion,occupancy_split,cn1_na_site,nan,nan,n/a,nan_both,n/a
framework_na_distance_stability,occupancy_split,cn1_na_site,0.0,0.0,,invariant,n/a
framework_sharing_topology,occupancy_split,cn1_na_site,0.0,0.0,,invariant,n/a
nana_nana_angle_mean,occupancy_split,cn1_na_site,nan,nan,n/a,nan_both,n/a
nana_second_neighbor_dist,occupancy_split,cn1_na_site,nan,nan,n/a,nan_both,n/a
path_tortuosity,occupancy_split,cn1_na_site,nan,nan,n/a,nan_both,n/a
nana_spacing_uniformity,occupancy_split,cn1_na_site,nan,nan,n/a,nan_both,n/a
na_x_en_diff,occupancy_split,cn1_na_site,2.51,2.51,,invariant,n/a
charge_balance_deviation,occupancy_split,cn1_na_site,0.1111111111111111,0.1111111111111111,,invariant,n/a
covalency_index,occupancy_split,cn1_na_site,0.792997622442975,0.792997622442975,,invariant,n/a
framework_d_electron_weighted,occupancy_split,cn1_na_site,0.0,0.0,,invariant,n/a
space_group_number,occupancy_split,cn1_na_site,8.0,nan,n/a,nan_introduced,n/a
wyckoff_diversity,occupancy_split,cn1_na_site,4.0,nan,n/a,nan_introduced,n/a
partial_occupancy_ratio,occupancy_split,cn1_na_site,0.0,0.4,,changed,n/a
coordination_cv,occupancy_split,cn1_na_site,nan,nan,n/a,nan_both,n/a
volume_cv,occupancy_split,cn1_na_site,nan,nan,n/a,nan_both,n/a
a2_max_dist,geometry_jitter,cn1_na_site,0.4800000000000004,0.4664418159625282,,changed,n/a
poly_distortion_mean,geometry_jitter,cn1_na_site,nan,nan,n/a,nan_both,n/a
max_bond_length,geometry_jitter,cn1_na_site,0.4800000000000004,0.4664418159625282,,changed,n/a
min_bond_length,geometry_jitter,cn1_na_site,0.4800000000000004,0.4664418159625282,,changed,n/a
mean_bond_length,geometry_jitter,cn1_na_site,0.4800000000000004,0.4664418159625282,,changed,n/a
target_bond_center,geometry_jitter,cn1_na_site,2.42,2.42,,invariant,n/a
poly_volume_mean,geometry_jitter,cn1_na_site,286.46172000000024,277.9379781701237,,changed,n/a
coordination_number_mean,geometry_jitter,cn1_na_site,1.0,1.0,,invariant,n/a
ellipsoid_oblateness,geometry_jitter,cn1_na_site,nan,nan,n/a,nan_both,n/a
direction_ratio,geometry_jitter,cn1_na_site,nan,nan,n/a,nan_both,n/a
bottleneck_anisotropy,geometry_jitter,cn1_na_site,nan,nan,n/a,nan_both,n/a
nana_composite,geometry_jitter,cn1_na_site,nan,nan,n/a,nan_both,n/a
avg_na_neighbors,geometry_jitter,cn1_na_site,nan,nan,n/a,nan_both,n/a
largest_component_ratio,geometry_jitter,cn1_na_site,nan,nan,n/a,nan_both,n/a
network_dimension,geometry_jitter,cn1_na_site,nan,nan,n/a,nan_both,n/a
component_count,geometry_jitter,cn1_na_site,1.0,1.0,,invariant,n/a
na_concentration,geometry_jitter,cn1_na_site,0.25,0.25,,invariant,n/a
na_occupancy_sum,geometry_jitter,cn1_na_site,1.0,1.0,,invariant,n/a
na_site_count,geometry_jitter,cn1_na_site,1.0,1.0,,invariant,n/a
interstitial_count,geometry_jitter,cn1_na_site,24.0,24.0,,invariant,n/a
interstitial_na_distance,geometry_jitter,cn1_na_site,6.644094048670003,6.611078197507947,,changed,n/a
interstitial_channel_access,geometry_jitter,cn1_na_site,0.0,0.0,,invariant,n/a
interstitial_network_dim,geometry_jitter,cn1_na_site,1.0,1.0,,invariant,n/a
bvse_barrier_estimate,geometry_jitter,cn1_na_site,nan,nan,n/a,nan_both,n/a
framework_bond_rigidity,geometry_jitter,cn1_na_site,1.1134612334371354,1.1044971595817148,,changed,n/a
framework_poly_distortion,geometry_jitter,cn1_na_site,nan,nan,n/a,nan_both,n/a
framework_na_distance_stability,geometry_jitter,cn1_na_site,0.0,0.0,,invariant,n/a
framework_sharing_topology,geometry_jitter,cn1_na_site,0.0,0.0,,invariant,n/a
nana_nana_angle_mean,geometry_jitter,cn1_na_site,nan,nan,n/a,nan_both,n/a
nana_second_neighbor_dist,geometry_jitter,cn1_na_site,nan,nan,n/a,nan_both,n/a
path_tortuosity,geometry_jitter,cn1_na_site,nan,nan,n/a,nan_both,n/a
nana_spacing_uniformity,geometry_jitter,cn1_na_site,nan,nan,n/a,nan_both,n/a
na_x_en_diff,geometry_jitter,cn1_na_site,2.51,2.51,,invariant,n/a
charge_balance_deviation,geometry_jitter,cn1_na_site,0.1111111111111111,0.1111111111111111,,invariant,n/a
covalency_index,geometry_jitter,cn1_na_site,0.792997622442975,0.792997622442975,,invariant,n/a
framework_d_electron_weighted,geometry_jitter,cn1_na_site,0.0,0.0,,invariant,n/a
space_group_number,geometry_jitter,cn1_na_site,8.0,1.0,,changed,n/a
wyckoff_diversity,geometry_jitter,cn1_na_site,4.0,4.0,,invariant,n/a
partial_occupancy_ratio,geometry_jitter,cn1_na_site,0.0,0.0,,invariant,n/a
coordination_cv,geometry_jitter,cn1_na_site,nan,nan,n/a,nan_both,n/a
volume_cv,geometry_jitter,cn1_na_site,nan,nan,n/a,nan_both,n/a
a2_max_dist,site_permutation,single_anion_o,nan,nan,n/a,nan_both,n/a
poly_distortion_mean,site_permutation,single_anion_o,nan,nan,n/a,nan_both,n/a
max_bond_length,site_permutation,single_anion_o,nan,nan,n/a,nan_both,n/a
min_bond_length,site_permutation,single_anion_o,nan,nan,n/a,nan_both,n/a
mean_bond_length,site_permutation,single_anion_o,nan,nan,n/a,nan_both,n/a
target_bond_center,site_permutation,single_anion_o,nan,nan,n/a,nan_both,n/a
poly_volume_mean,site_permutation,single_anion_o,nan,nan,n/a,nan_both,n/a
coordination_number_mean,site_permutation,single_anion_o,nan,nan,n/a,nan_both,n/a
ellipsoid_oblateness,site_permutation,single_anion_o,nan,nan,n/a,nan_both,n/a
direction_ratio,site_permutation,single_anion_o,nan,nan,n/a,nan_both,n/a
bottleneck_anisotropy,site_permutation,single_anion_o,nan,nan,n/a,nan_both,n/a
nana_composite,site_permutation,single_anion_o,0.0625,0.0625,,invariant,n/a
avg_na_neighbors,site_permutation,single_anion_o,2.0,2.0,,invariant,n/a
largest_component_ratio,site_permutation,single_anion_o,1.0,1.0,,invariant,n/a
network_dimension,site_permutation,single_anion_o,0.0,0.0,,invariant,n/a
component_count,site_permutation,single_anion_o,1.0,1.0,,invariant,n/a
na_concentration,site_permutation,single_anion_o,0.5,0.5,,invariant,n/a
na_occupancy_sum,site_permutation,single_anion_o,4.0,4.0,,invariant,n/a
na_site_count,site_permutation,single_anion_o,4.0,4.0,,invariant,n/a
interstitial_count,site_permutation,single_anion_o,44.0,44.0,,invariant,n/a
interstitial_na_distance,site_permutation,single_anion_o,3.461391041074474,3.461391041074474,,invariant,n/a
interstitial_channel_access,site_permutation,single_anion_o,0.09090909090909091,0.09090909090909091,,invariant,n/a
interstitial_network_dim,site_permutation,single_anion_o,2.0,2.0,,invariant,n/a
bvse_barrier_estimate,site_permutation,single_anion_o,nan,nan,n/a,nan_both,n/a
framework_bond_rigidity,site_permutation,single_anion_o,nan,nan,n/a,nan_both,n/a
framework_poly_distortion,site_permutation,single_anion_o,nan,nan,n/a,nan_both,n/a
framework_na_distance_stability,site_permutation,single_anion_o,nan,nan,n/a,nan_both,n/a
framework_sharing_topology,site_permutation,single_anion_o,nan,nan,n/a,nan_both,n/a
nana_nana_angle_mean,site_permutation,single_anion_o,90.0,90.0,,invariant,n/a
nana_second_neighbor_dist,site_permutation,single_anion_o,4.0,4.0,,invariant,n/a
path_tortuosity,site_permutation,single_anion_o,1.0,1.0,,invariant,n/a
nana_spacing_uniformity,site_permutation,single_anion_o,0.17157287525381,0.17157287525381,,invariant,n/a
na_x_en_diff,site_permutation,single_anion_o,nan,nan,n/a,nan_both,n/a
charge_balance_deviation,site_permutation,single_anion_o,0.3333333333333333,0.3333333333333333,,invariant,n/a
covalency_index,site_permutation,single_anion_o,nan,nan,n/a,nan_both,n/a
framework_d_electron_weighted,site_permutation,single_anion_o,nan,nan,n/a,nan_both,n/a
space_group_number,site_permutation,single_anion_o,129.0,129.0,,invariant,n/a
wyckoff_diversity,site_permutation,single_anion_o,2.0,2.0,,invariant,n/a
partial_occupancy_ratio,site_permutation,single_anion_o,0.0,0.0,,invariant,n/a
coordination_cv,site_permutation,single_anion_o,0.0,0.0,,invariant,n/a
volume_cv,site_permutation,single_anion_o,1.5020374708722993e-16,9.499719077750571e-17,,invariant,n/a
a2_max_dist,origin_shift,single_anion_o,nan,nan,n/a,nan_both,n/a
poly_distortion_mean,origin_shift,single_anion_o,nan,nan,n/a,nan_both,n/a
max_bond_length,origin_shift,single_anion_o,nan,nan,n/a,nan_both,n/a
min_bond_length,origin_shift,single_anion_o,nan,nan,n/a,nan_both,n/a
mean_bond_length,origin_shift,single_anion_o,nan,nan,n/a,nan_both,n/a
target_bond_center,origin_shift,single_anion_o,nan,nan,n/a,nan_both,n/a
poly_volume_mean,origin_shift,single_anion_o,nan,nan,n/a,nan_both,n/a
coordination_number_mean,origin_shift,single_anion_o,nan,nan,n/a,nan_both,n/a
ellipsoid_oblateness,origin_shift,single_anion_o,nan,nan,n/a,nan_both,n/a
direction_ratio,origin_shift,single_anion_o,nan,nan,n/a,nan_both,n/a
bottleneck_anisotropy,origin_shift,single_anion_o,nan,nan,n/a,nan_both,n/a
nana_composite,origin_shift,single_anion_o,0.0625,0.0625,,invariant,n/a
avg_na_neighbors,origin_shift,single_anion_o,2.0,2.0,,invariant,n/a
largest_component_ratio,origin_shift,single_anion_o,1.0,1.0,,invariant,n/a
network_dimension,origin_shift,single_anion_o,0.0,0.0,,invariant,n/a
component_count,origin_shift,single_anion_o,1.0,1.0,,invariant,n/a
na_concentration,origin_shift,single_anion_o,0.5,0.5,,invariant,n/a
na_occupancy_sum,origin_shift,single_anion_o,4.0,4.0,,invariant,n/a
na_site_count,origin_shift,single_anion_o,4.0,4.0,,invariant,n/a
interstitial_count,origin_shift,single_anion_o,44.0,44.0,,invariant,n/a
interstitial_na_distance,origin_shift,single_anion_o,3.461391041074474,3.461391041074474,,invariant,n/a
interstitial_channel_access,origin_shift,single_anion_o,0.09090909090909091,0.09090909090909091,,invariant,n/a
interstitial_network_dim,origin_shift,single_anion_o,2.0,2.0,,invariant,n/a
bvse_barrier_estimate,origin_shift,single_anion_o,nan,nan,n/a,nan_both,n/a
framework_bond_rigidity,origin_shift,single_anion_o,nan,nan,n/a,nan_both,n/a
framework_poly_distortion,origin_shift,single_anion_o,nan,nan,n/a,nan_both,n/a
framework_na_distance_stability,origin_shift,single_anion_o,nan,nan,n/a,nan_both,n/a
framework_sharing_topology,origin_shift,single_anion_o,nan,nan,n/a,nan_both,n/a
nana_nana_angle_mean,origin_shift,single_anion_o,90.0,90.0,,invariant,n/a
nana_second_neighbor_dist,origin_shift,single_anion_o,4.0,4.0,,invariant,n/a
path_tortuosity,origin_shift,single_anion_o,1.0,1.0,,invariant,n/a
nana_spacing_uniformity,origin_shift,single_anion_o,0.17157287525381,0.17157287525381,,invariant,n/a
na_x_en_diff,origin_shift,single_anion_o,nan,nan,n/a,nan_both,n/a
charge_balance_deviation,origin_shift,single_anion_o,0.3333333333333333,0.3333333333333333,,invariant,n/a
covalency_index,origin_shift,single_anion_o,nan,nan,n/a,nan_both,n/a
framework_d_electron_weighted,origin_shift,single_anion_o,nan,nan,n/a,nan_both,n/a
space_group_number,origin_shift,single_anion_o,129.0,129.0,,invariant,n/a
wyckoff_diversity,origin_shift,single_anion_o,2.0,2.0,,invariant,n/a
partial_occupancy_ratio,origin_shift,single_anion_o,0.0,0.0,,invariant,n/a
coordination_cv,origin_shift,single_anion_o,0.0,0.0,,invariant,n/a
volume_cv,origin_shift,single_anion_o,1.5020374708722993e-16,2.42196264755499e-16,,invariant,n/a
a2_max_dist,lattice_rotation,single_anion_o,nan,nan,n/a,nan_both,n/a
poly_distortion_mean,lattice_rotation,single_anion_o,nan,nan,n/a,nan_both,n/a
max_bond_length,lattice_rotation,single_anion_o,nan,nan,n/a,nan_both,n/a
min_bond_length,lattice_rotation,single_anion_o,nan,nan,n/a,nan_both,n/a
mean_bond_length,lattice_rotation,single_anion_o,nan,nan,n/a,nan_both,n/a
target_bond_center,lattice_rotation,single_anion_o,nan,nan,n/a,nan_both,n/a
poly_volume_mean,lattice_rotation,single_anion_o,nan,nan,n/a,nan_both,n/a
coordination_number_mean,lattice_rotation,single_anion_o,nan,nan,n/a,nan_both,n/a
ellipsoid_oblateness,lattice_rotation,single_anion_o,nan,nan,n/a,nan_both,n/a
direction_ratio,lattice_rotation,single_anion_o,nan,nan,n/a,nan_both,n/a
bottleneck_anisotropy,lattice_rotation,single_anion_o,nan,nan,n/a,nan_both,n/a
nana_composite,lattice_rotation,single_anion_o,0.0625,0.0625,,invariant,n/a
avg_na_neighbors,lattice_rotation,single_anion_o,2.0,2.0,,invariant,n/a
largest_component_ratio,lattice_rotation,single_anion_o,1.0,1.0,,invariant,n/a
network_dimension,lattice_rotation,single_anion_o,0.0,0.0,,invariant,n/a
component_count,lattice_rotation,single_anion_o,1.0,1.0,,invariant,n/a
na_concentration,lattice_rotation,single_anion_o,0.5,0.5,,invariant,n/a
na_occupancy_sum,lattice_rotation,single_anion_o,4.0,4.0,,invariant,n/a
na_site_count,lattice_rotation,single_anion_o,4.0,4.0,,invariant,n/a
interstitial_count,lattice_rotation,single_anion_o,44.0,44.0,,invariant,n/a
interstitial_na_distance,lattice_rotation,single_anion_o,3.461391041074474,3.4613910410744735,,invariant,n/a
interstitial_channel_access,lattice_rotation,single_anion_o,0.09090909090909091,0.09090909090909091,,invariant,n/a
interstitial_network_dim,lattice_rotation,single_anion_o,2.0,2.0,,invariant,n/a
bvse_barrier_estimate,lattice_rotation,single_anion_o,nan,nan,n/a,nan_both,n/a
framework_bond_rigidity,lattice_rotation,single_anion_o,nan,nan,n/a,nan_both,n/a
framework_poly_distortion,lattice_rotation,single_anion_o,nan,nan,n/a,nan_both,n/a
framework_na_distance_stability,lattice_rotation,single_anion_o,nan,nan,n/a,nan_both,n/a
framework_sharing_topology,lattice_rotation,single_anion_o,nan,nan,n/a,nan_both,n/a
nana_nana_angle_mean,lattice_rotation,single_anion_o,90.0,90.0,,invariant,n/a
nana_second_neighbor_dist,lattice_rotation,single_anion_o,4.0,4.0,,invariant,n/a
path_tortuosity,lattice_rotation,single_anion_o,1.0,1.0,,invariant,n/a
nana_spacing_uniformity,lattice_rotation,single_anion_o,0.17157287525381,0.1715728752538099,,invariant,n/a
na_x_en_diff,lattice_rotation,single_anion_o,nan,nan,n/a,nan_both,n/a
charge_balance_deviation,lattice_rotation,single_anion_o,0.3333333333333333,0.3333333333333333,,invariant,n/a
covalency_index,lattice_rotation,single_anion_o,nan,nan,n/a,nan_both,n/a
framework_d_electron_weighted,lattice_rotation,single_anion_o,nan,nan,n/a,nan_both,n/a
space_group_number,lattice_rotation,single_anion_o,129.0,129.0,,invariant,n/a
wyckoff_diversity,lattice_rotation,single_anion_o,2.0,2.0,,invariant,n/a
partial_occupancy_ratio,lattice_rotation,single_anion_o,0.0,0.0,,invariant,n/a
coordination_cv,lattice_rotation,single_anion_o,0.0,0.0,,invariant,n/a
volume_cv,lattice_rotation,single_anion_o,1.5020374708722993e-16,3.974017607828529e-16,,invariant,n/a
a2_max_dist,supercell,single_anion_o,nan,nan,n/a,nan_both,n/a
poly_distortion_mean,supercell,single_anion_o,nan,nan,n/a,nan_both,n/a
max_bond_length,supercell,single_anion_o,nan,nan,n/a,nan_both,n/a
min_bond_length,supercell,single_anion_o,nan,nan,n/a,nan_both,n/a
mean_bond_length,supercell,single_anion_o,nan,nan,n/a,nan_both,n/a
target_bond_center,supercell,single_anion_o,nan,nan,n/a,nan_both,n/a
poly_volume_mean,supercell,single_anion_o,nan,nan,n/a,nan_both,n/a
coordination_number_mean,supercell,single_anion_o,nan,nan,n/a,nan_both,n/a
ellipsoid_oblateness,supercell,single_anion_o,nan,nan,n/a,nan_both,n/a
direction_ratio,supercell,single_anion_o,nan,nan,n/a,nan_both,n/a
bottleneck_anisotropy,supercell,single_anion_o,nan,nan,n/a,nan_both,n/a
nana_composite,supercell,single_anion_o,0.0625,0.1875,3,changed,n/a
avg_na_neighbors,supercell,single_anion_o,2.0,3.0,1.5,changed,n/a
largest_component_ratio,supercell,single_anion_o,1.0,1.0,1,invariant,n/a
network_dimension,supercell,single_anion_o,0.0,1.0,n/a,changed,n/a
component_count,supercell,single_anion_o,1.0,1.0,1,invariant,n/a
na_concentration,supercell,single_anion_o,0.5,0.5,1,invariant,n/a
na_occupancy_sum,supercell,single_anion_o,4.0,8.0,2,changed,n/a
na_site_count,supercell,single_anion_o,4.0,8.0,2,changed,n/a
interstitial_count,supercell,single_anion_o,44.0,88.0,2,changed,n/a
interstitial_na_distance,supercell,single_anion_o,3.461391041074474,3.461391041074474,1,invariant,n/a
interstitial_channel_access,supercell,single_anion_o,0.09090909090909091,0.09090909090909091,1,invariant,n/a
interstitial_network_dim,supercell,single_anion_o,2.0,2.0,1,invariant,n/a
bvse_barrier_estimate,supercell,single_anion_o,nan,nan,n/a,nan_both,n/a
framework_bond_rigidity,supercell,single_anion_o,nan,nan,n/a,nan_both,n/a
framework_poly_distortion,supercell,single_anion_o,nan,nan,n/a,nan_both,n/a
framework_na_distance_stability,supercell,single_anion_o,nan,nan,n/a,nan_both,n/a
framework_sharing_topology,supercell,single_anion_o,nan,nan,n/a,nan_both,n/a
nana_nana_angle_mean,supercell,single_anion_o,90.0,89.99999786658401,1,numerical_noise,n/a
nana_second_neighbor_dist,supercell,single_anion_o,4.0,4.0,1,invariant,n/a
path_tortuosity,supercell,single_anion_o,1.0,1.0,1,invariant,n/a
nana_spacing_uniformity,supercell,single_anion_o,0.17157287525381,0.3251025499927677,1.89484,changed,n/a
na_x_en_diff,supercell,single_anion_o,nan,nan,n/a,nan_both,n/a
charge_balance_deviation,supercell,single_anion_o,0.3333333333333333,0.3333333333333333,1,invariant,n/a
covalency_index,supercell,single_anion_o,nan,nan,n/a,nan_both,n/a
framework_d_electron_weighted,supercell,single_anion_o,nan,nan,n/a,nan_both,n/a
space_group_number,supercell,single_anion_o,129.0,129.0,1,invariant,n/a
wyckoff_diversity,supercell,single_anion_o,2.0,2.0,1,invariant,n/a
partial_occupancy_ratio,supercell,single_anion_o,0.0,0.0,n/a,invariant,n/a
coordination_cv,supercell,single_anion_o,0.0,0.0,n/a,invariant,n/a
volume_cv,supercell,single_anion_o,1.5020374708722993e-16,1.0621008812500943e-16,n/a,invariant,n/a
a2_max_dist,isotropic_scale,single_anion_o,nan,nan,n/a,nan_both,n/a
poly_distortion_mean,isotropic_scale,single_anion_o,nan,nan,n/a,nan_both,n/a
max_bond_length,isotropic_scale,single_anion_o,nan,nan,n/a,nan_both,n/a
min_bond_length,isotropic_scale,single_anion_o,nan,nan,n/a,nan_both,n/a
mean_bond_length,isotropic_scale,single_anion_o,nan,nan,n/a,nan_both,n/a
target_bond_center,isotropic_scale,single_anion_o,nan,nan,n/a,nan_both,n/a
poly_volume_mean,isotropic_scale,single_anion_o,nan,nan,n/a,nan_both,n/a
coordination_number_mean,isotropic_scale,single_anion_o,nan,nan,n/a,nan_both,n/a
ellipsoid_oblateness,isotropic_scale,single_anion_o,nan,nan,n/a,nan_both,n/a
direction_ratio,isotropic_scale,single_anion_o,nan,nan,n/a,nan_both,n/a
bottleneck_anisotropy,isotropic_scale,single_anion_o,nan,nan,n/a,nan_both,n/a
nana_composite,isotropic_scale,single_anion_o,0.0625,0.0625,1,invariant,false
avg_na_neighbors,isotropic_scale,single_anion_o,2.0,2.0,1,invariant,false
largest_component_ratio,isotropic_scale,single_anion_o,1.0,1.0,1,invariant,false
network_dimension,isotropic_scale,single_anion_o,0.0,0.0,n/a,invariant,n/a
component_count,isotropic_scale,single_anion_o,1.0,1.0,1,invariant,false
na_concentration,isotropic_scale,single_anion_o,0.5,0.5,1,invariant,true
na_occupancy_sum,isotropic_scale,single_anion_o,4.0,4.0,1,invariant,false
na_site_count,isotropic_scale,single_anion_o,4.0,4.0,1,invariant,false
interstitial_count,isotropic_scale,single_anion_o,44.0,44.0,1,invariant,false
interstitial_na_distance,isotropic_scale,single_anion_o,3.461391041074474,3.6344605931281975,1.05,changed,false
interstitial_channel_access,isotropic_scale,single_anion_o,0.09090909090909091,0.0,0.00000,collapsed_to_zero,true
interstitial_network_dim,isotropic_scale,single_anion_o,2.0,2.0,1,invariant,false
bvse_barrier_estimate,isotropic_scale,single_anion_o,nan,nan,n/a,nan_both,n/a
framework_bond_rigidity,isotropic_scale,single_anion_o,nan,nan,n/a,nan_both,n/a
framework_poly_distortion,isotropic_scale,single_anion_o,nan,nan,n/a,nan_both,n/a
framework_na_distance_stability,isotropic_scale,single_anion_o,nan,nan,n/a,nan_both,n/a
framework_sharing_topology,isotropic_scale,single_anion_o,nan,nan,n/a,nan_both,n/a
nana_nana_angle_mean,isotropic_scale,single_anion_o,90.0,90.0,1,invariant,false
nana_second_neighbor_dist,isotropic_scale,single_anion_o,4.0,4.199999999999999,1.05,changed,false
path_tortuosity,isotropic_scale,single_anion_o,1.0,1.0,1,invariant,false
nana_spacing_uniformity,isotropic_scale,single_anion_o,0.17157287525381,0.17157287525380988,1,invariant,false
na_x_en_diff,isotropic_scale,single_anion_o,nan,nan,n/a,nan_both,n/a
charge_balance_deviation,isotropic_scale,single_anion_o,0.3333333333333333,0.3333333333333333,1,invariant,false
covalency_index,isotropic_scale,single_anion_o,nan,nan,n/a,nan_both,n/a
framework_d_electron_weighted,isotropic_scale,single_anion_o,nan,nan,n/a,nan_both,n/a
space_group_number,isotropic_scale,single_anion_o,129.0,129.0,1,invariant,false
wyckoff_diversity,isotropic_scale,single_anion_o,2.0,2.0,1,invariant,false
partial_occupancy_ratio,isotropic_scale,single_anion_o,0.0,0.0,n/a,invariant,n/a
coordination_cv,isotropic_scale,single_anion_o,0.0,0.0,n/a,invariant,n/a
volume_cv,isotropic_scale,single_anion_o,1.5020374708722993e-16,1.8349653493144918e-16,n/a,invariant,n/a
a2_max_dist,occupancy_split,single_anion_o,nan,nan,n/a,nan_both,n/a
poly_distortion_mean,occupancy_split,single_anion_o,nan,nan,n/a,nan_both,n/a
max_bond_length,occupancy_split,single_anion_o,nan,nan,n/a,nan_both,n/a
min_bond_length,occupancy_split,single_anion_o,nan,nan,n/a,nan_both,n/a
mean_bond_length,occupancy_split,single_anion_o,nan,nan,n/a,nan_both,n/a
target_bond_center,occupancy_split,single_anion_o,nan,nan,n/a,nan_both,n/a
poly_volume_mean,occupancy_split,single_anion_o,nan,nan,n/a,nan_both,n/a
coordination_number_mean,occupancy_split,single_anion_o,nan,nan,n/a,nan_both,n/a
ellipsoid_oblateness,occupancy_split,single_anion_o,nan,nan,n/a,nan_both,n/a
direction_ratio,occupancy_split,single_anion_o,nan,nan,n/a,nan_both,n/a
bottleneck_anisotropy,occupancy_split,single_anion_o,nan,nan,n/a,nan_both,n/a
nana_composite,occupancy_split,single_anion_o,0.0625,0.0625,,invariant,n/a
avg_na_neighbors,occupancy_split,single_anion_o,2.0,2.0,,invariant,n/a
largest_component_ratio,occupancy_split,single_anion_o,1.0,1.0,,invariant,n/a
network_dimension,occupancy_split,single_anion_o,0.0,0.0,,invariant,n/a
component_count,occupancy_split,single_anion_o,1.0,1.0,,invariant,n/a
na_concentration,occupancy_split,single_anion_o,0.5,0.4444444444444444,,changed,n/a
na_occupancy_sum,occupancy_split,single_anion_o,4.0,4.0,,invariant,n/a
na_site_count,occupancy_split,single_anion_o,4.0,4.0,,invariant,n/a
interstitial_count,occupancy_split,single_anion_o,44.0,44.0,,invariant,n/a
interstitial_na_distance,occupancy_split,single_anion_o,3.461391041074474,3.461391041074474,,invariant,n/a
interstitial_channel_access,occupancy_split,single_anion_o,0.09090909090909091,0.09090909090909091,,invariant,n/a
interstitial_network_dim,occupancy_split,single_anion_o,2.0,2.0,,invariant,n/a
bvse_barrier_estimate,occupancy_split,single_anion_o,nan,nan,n/a,nan_both,n/a
framework_bond_rigidity,occupancy_split,single_anion_o,nan,nan,n/a,nan_both,n/a
framework_poly_distortion,occupancy_split,single_anion_o,nan,nan,n/a,nan_both,n/a
framework_na_distance_stability,occupancy_split,single_anion_o,nan,nan,n/a,nan_both,n/a
framework_sharing_topology,occupancy_split,single_anion_o,nan,nan,n/a,nan_both,n/a
nana_nana_angle_mean,occupancy_split,single_anion_o,90.0,90.0,,invariant,n/a
nana_second_neighbor_dist,occupancy_split,single_anion_o,4.0,4.0,,invariant,n/a
path_tortuosity,occupancy_split,single_anion_o,1.0,1.0,,invariant,n/a
nana_spacing_uniformity,occupancy_split,single_anion_o,0.17157287525381,0.17157287525381,,invariant,n/a
na_x_en_diff,occupancy_split,single_anion_o,nan,nan,n/a,nan_both,n/a
charge_balance_deviation,occupancy_split,single_anion_o,0.3333333333333333,0.3333333333333333,,invariant,n/a
covalency_index,occupancy_split,single_anion_o,nan,nan,n/a,nan_both,n/a
framework_d_electron_weighted,occupancy_split,single_anion_o,nan,nan,n/a,nan_both,n/a
space_group_number,occupancy_split,single_anion_o,129.0,nan,n/a,nan_introduced,n/a
wyckoff_diversity,occupancy_split,single_anion_o,2.0,nan,n/a,nan_introduced,n/a
partial_occupancy_ratio,occupancy_split,single_anion_o,0.0,0.2222222222222222,,changed,n/a
coordination_cv,occupancy_split,single_anion_o,0.0,nan,n/a,nan_introduced,n/a
volume_cv,occupancy_split,single_anion_o,1.5020374708722993e-16,0.0,,invariant,n/a
a2_max_dist,geometry_jitter,single_anion_o,nan,nan,n/a,nan_both,n/a
poly_distortion_mean,geometry_jitter,single_anion_o,nan,nan,n/a,nan_both,n/a
max_bond_length,geometry_jitter,single_anion_o,nan,nan,n/a,nan_both,n/a
min_bond_length,geometry_jitter,single_anion_o,nan,nan,n/a,nan_both,n/a
mean_bond_length,geometry_jitter,single_anion_o,nan,nan,n/a,nan_both,n/a
target_bond_center,geometry_jitter,single_anion_o,nan,nan,n/a,nan_both,n/a
poly_volume_mean,geometry_jitter,single_anion_o,nan,nan,n/a,nan_both,n/a
coordination_number_mean,geometry_jitter,single_anion_o,nan,nan,n/a,nan_both,n/a
ellipsoid_oblateness,geometry_jitter,single_anion_o,nan,nan,n/a,nan_both,n/a
direction_ratio,geometry_jitter,single_anion_o,nan,nan,n/a,nan_both,n/a
bottleneck_anisotropy,geometry_jitter,single_anion_o,nan,nan,n/a,nan_both,n/a
nana_composite,geometry_jitter,single_anion_o,0.0625,0.0625,,invariant,n/a
avg_na_neighbors,geometry_jitter,single_anion_o,2.0,2.0,,invariant,n/a
largest_component_ratio,geometry_jitter,single_anion_o,1.0,1.0,,invariant,n/a
network_dimension,geometry_jitter,single_anion_o,0.0,0.0,,invariant,n/a
component_count,geometry_jitter,single_anion_o,1.0,1.0,,invariant,n/a
na_concentration,geometry_jitter,single_anion_o,0.5,0.5,,invariant,n/a
na_occupancy_sum,geometry_jitter,single_anion_o,4.0,4.0,,invariant,n/a
na_site_count,geometry_jitter,single_anion_o,4.0,4.0,,invariant,n/a
interstitial_count,geometry_jitter,single_anion_o,44.0,40.0,,changed,n/a
interstitial_na_distance,geometry_jitter,single_anion_o,3.461391041074474,3.4307465673032964,,changed,n/a
interstitial_channel_access,geometry_jitter,single_anion_o,0.09090909090909091,0.1,,changed,n/a
interstitial_network_dim,geometry_jitter,single_anion_o,2.0,2.0,,invariant,n/a
bvse_barrier_estimate,geometry_jitter,single_anion_o,nan,nan,n/a,nan_both,n/a
framework_bond_rigidity,geometry_jitter,single_anion_o,nan,nan,n/a,nan_both,n/a
framework_poly_distortion,geometry_jitter,single_anion_o,nan,nan,n/a,nan_both,n/a
framework_na_distance_stability,geometry_jitter,single_anion_o,nan,nan,n/a,nan_both,n/a
framework_sharing_topology,geometry_jitter,single_anion_o,nan,nan,n/a,nan_both,n/a
nana_nana_angle_mean,geometry_jitter,single_anion_o,90.0,89.98109278802505,,changed,n/a
nana_second_neighbor_dist,geometry_jitter,single_anion_o,4.0,3.979627204744129,,changed,n/a
path_tortuosity,geometry_jitter,single_anion_o,1.0,1.005291859650729,,changed,n/a
nana_spacing_uniformity,geometry_jitter,single_anion_o,0.17157287525381,0.17164227268807972,,changed,n/a
na_x_en_diff,geometry_jitter,single_anion_o,nan,nan,n/a,nan_both,n/a
charge_balance_deviation,geometry_jitter,single_anion_o,0.3333333333333333,0.3333333333333333,,invariant,n/a
covalency_index,geometry_jitter,single_anion_o,nan,nan,n/a,nan_both,n/a
framework_d_electron_weighted,geometry_jitter,single_anion_o,nan,nan,n/a,nan_both,n/a
space_group_number,geometry_jitter,single_anion_o,129.0,1.0,,changed,n/a
wyckoff_diversity,geometry_jitter,single_anion_o,2.0,8.0,,changed,n/a
partial_occupancy_ratio,geometry_jitter,single_anion_o,0.0,0.0,,invariant,n/a
coordination_cv,geometry_jitter,single_anion_o,0.0,0.0,,invariant,n/a
volume_cv,geometry_jitter,single_anion_o,1.5020374708722993e-16,0.0144108487564391,,changed,n/a
a2_max_dist,site_permutation,mixed_anion,3.4641016151377544,3.4641016151377544,,invariant,n/a
poly_distortion_mean,site_permutation,mixed_anion,0.046070182678574816,0.046070182678574816,,invariant,n/a
max_bond_length,site_permutation,mixed_anion,3.4641016151377544,3.4641016151377544,,invariant,n/a
min_bond_length,site_permutation,mixed_anion,3.1462643699419726,3.1462643699419726,,invariant,n/a
mean_bond_length,site_permutation,mixed_anion,3.3581558667391604,3.3581558667391604,,invariant,n/a
target_bond_center,site_permutation,mixed_anion,2.533333333333333,2.533333333333333,,invariant,n/a
poly_volume_mean,site_permutation,mixed_anion,81.6648148148148,81.6648148148148,,invariant,n/a
coordination_number_mean,site_permutation,mixed_anion,2.5,2.5,,invariant,n/a
ellipsoid_oblateness,site_permutation,mixed_anion,2.000000000000001,2.000000000000001,,invariant,n/a
direction_ratio,site_permutation,mixed_anion,1.0,1.0,,invariant,n/a
bottleneck_anisotropy,site_permutation,mixed_anion,nan,nan,n/a,nan_both,n/a
nana_composite,site_permutation,mixed_anion,0.0,0.0,,invariant,n/a
avg_na_neighbors,site_permutation,mixed_anion,0.0,0.0,,invariant,n/a
largest_component_ratio,site_permutation,mixed_anion,0.5,0.5,,invariant,n/a
network_dimension,site_permutation,mixed_anion,0.0,0.0,,invariant,n/a
component_count,site_permutation,mixed_anion,2.0,2.0,,invariant,n/a
na_concentration,site_permutation,mixed_anion,0.2857142857142857,0.2857142857142857,,invariant,n/a
na_occupancy_sum,site_permutation,mixed_anion,2.0,2.0,,invariant,n/a
na_site_count,site_permutation,mixed_anion,2.0,2.0,,invariant,n/a
interstitial_count,site_permutation,mixed_anion,39.0,39.0,,invariant,n/a
interstitial_na_distance,site_permutation,mixed_anion,3.470415540000379,3.470415540000379,,invariant,n/a
interstitial_channel_access,site_permutation,mixed_anion,0.1282051282051282,0.1282051282051282,,invariant,n/a
interstitial_network_dim,site_permutation,mixed_anion,2.0,2.0,,invariant,n/a
bvse_barrier_estimate,site_permutation,mixed_anion,nan,nan,n/a,nan_both,n/a
framework_bond_rigidity,site_permutation,mixed_anion,1.0745187615662664,1.0745187615662664,,invariant,n/a
framework_poly_distortion,site_permutation,mixed_anion,0.09214036535714963,0.09214036535714963,,invariant,n/a
framework_na_distance_stability,site_permutation,mixed_anion,0.17157287525380996,0.17157287525380996,,invariant,n/a
framework_sharing_topology,site_permutation,mixed_anion,1.0,1.0,,invariant,n/a
nana_nana_angle_mean,site_permutation,mixed_anion,nan,nan,n/a,nan_both,n/a
nana_second_neighbor_dist,site_permutation,mixed_anion,nan,nan,n/a,nan_both,n/a
path_tortuosity,site_permutation,mixed_anion,nan,nan,n/a,nan_both,n/a
nana_spacing_uniformity,site_permutation,mixed_anion,0.0,0.0,,invariant,n/a
na_x_en_diff,site_permutation,mixed_anion,2.614,2.614,,invariant,n/a
charge_balance_deviation,site_permutation,mixed_anion,0.4666666666666667,0.4666666666666667,,invariant,n/a
covalency_index,site_permutation,mixed_anion,0.8041296022480828,0.8041296022480828,,invariant,n/a
framework_d_electron_weighted,site_permutation,mixed_anion,0.5,0.5,,invariant,n/a
space_group_number,site_permutation,mixed_anion,1.0,1.0,,invariant,n/a
wyckoff_diversity,site_permutation,mixed_anion,7.0,7.0,,invariant,n/a
partial_occupancy_ratio,site_permutation,mixed_anion,0.0,0.0,,invariant,n/a
coordination_cv,site_permutation,mixed_anion,0.16129032258064516,0.16129032258064516,,invariant,n/a
volume_cv,site_permutation,mixed_anion,0.19210186172022045,0.19210186172022045,,invariant,n/a
a2_max_dist,origin_shift,mixed_anion,3.4641016151377544,3.464101615137755,,invariant,n/a
poly_distortion_mean,origin_shift,mixed_anion,0.046070182678574816,0.04607018267857487,,invariant,n/a
max_bond_length,origin_shift,mixed_anion,3.4641016151377544,3.464101615137755,,invariant,n/a
min_bond_length,origin_shift,mixed_anion,3.1462643699419726,3.146264369941972,,invariant,n/a
mean_bond_length,origin_shift,mixed_anion,3.3581558667391604,3.3581558667391604,,invariant,n/a
target_bond_center,origin_shift,mixed_anion,2.533333333333333,2.533333333333333,,invariant,n/a
poly_volume_mean,origin_shift,mixed_anion,81.6648148148148,81.66481481481483,,invariant,n/a
coordination_number_mean,origin_shift,mixed_anion,2.5,2.5,,invariant,n/a
ellipsoid_oblateness,origin_shift,mixed_anion,2.000000000000001,2.000000000000001,,invariant,n/a
direction_ratio,origin_shift,mixed_anion,1.0,1.0,,invariant,n/a
bottleneck_anisotropy,origin_shift,mixed_anion,nan,nan,n/a,nan_both,n/a
nana_composite,origin_shift,mixed_anion,0.0,0.0,,invariant,n/a
avg_na_neighbors,origin_shift,mixed_anion,0.0,0.0,,invariant,n/a
largest_component_ratio,origin_shift,mixed_anion,0.5,0.5,,invariant,n/a
network_dimension,origin_shift,mixed_anion,0.0,0.0,,invariant,n/a
component_count,origin_shift,mixed_anion,2.0,2.0,,invariant,n/a
na_concentration,origin_shift,mixed_anion,0.2857142857142857,0.2857142857142857,,invariant,n/a
na_occupancy_sum,origin_shift,mixed_anion,2.0,2.0,,invariant,n/a
na_site_count,origin_shift,mixed_anion,2.0,2.0,,invariant,n/a
interstitial_count,origin_shift,mixed_anion,39.0,38.0,,changed,n/a
interstitial_na_distance,origin_shift,mixed_anion,3.470415540000379,3.455765535188581,,changed,n/a
interstitial_channel_access,origin_shift,mixed_anion,0.1282051282051282,0.13157894736842105,,changed,n/a
interstitial_network_dim,origin_shift,mixed_anion,2.0,2.0,,invariant,n/a
bvse_barrier_estimate,origin_shift,mixed_anion,nan,nan,n/a,nan_both,n/a
framework_bond_rigidity,origin_shift,mixed_anion,1.0745187615662664,1.0745187615662664,,invariant,n/a
framework_poly_distortion,origin_shift,mixed_anion,0.09214036535714963,0.0921403653571497,,invariant,n/a
framework_na_distance_stability,origin_shift,mixed_anion,0.17157287525380996,0.17157287525380993,,invariant,n/a
framework_sharing_topology,origin_shift,mixed_anion,1.0,1.0,,invariant,n/a
nana_nana_angle_mean,origin_shift,mixed_anion,nan,nan,n/a,nan_both,n/a
nana_second_neighbor_dist,origin_shift,mixed_anion,nan,nan,n/a,nan_both,n/a
path_tortuosity,origin_shift,mixed_anion,nan,nan,n/a,nan_both,n/a
nana_spacing_uniformity,origin_shift,mixed_anion,0.0,0.0,,invariant,n/a
na_x_en_diff,origin_shift,mixed_anion,2.614,2.614,,invariant,n/a
charge_balance_deviation,origin_shift,mixed_anion,0.4666666666666667,0.4666666666666667,,invariant,n/a
covalency_index,origin_shift,mixed_anion,0.8041296022480828,0.8041296022480828,,invariant,n/a
framework_d_electron_weighted,origin_shift,mixed_anion,0.5,0.5,,invariant,n/a
space_group_number,origin_shift,mixed_anion,1.0,1.0,,invariant,n/a
wyckoff_diversity,origin_shift,mixed_anion,7.0,7.0,,invariant,n/a
partial_occupancy_ratio,origin_shift,mixed_anion,0.0,0.0,,invariant,n/a
coordination_cv,origin_shift,mixed_anion,0.16129032258064516,0.16129032258064516,,invariant,n/a
volume_cv,origin_shift,mixed_anion,0.19210186172022045,0.19210186172022065,,invariant,n/a
a2_max_dist,lattice_rotation,mixed_anion,3.4641016151377544,3.464101615137755,,invariant,n/a
poly_distortion_mean,lattice_rotation,mixed_anion,0.046070182678574816,0.04607018267857486,,invariant,n/a
max_bond_length,lattice_rotation,mixed_anion,3.4641016151377544,3.464101615137755,,invariant,n/a
min_bond_length,lattice_rotation,mixed_anion,3.1462643699419726,3.1462643699419726,,invariant,n/a
mean_bond_length,lattice_rotation,mixed_anion,3.3581558667391604,3.3581558667391604,,invariant,n/a
target_bond_center,lattice_rotation,mixed_anion,2.533333333333333,2.533333333333333,,invariant,n/a
poly_volume_mean,lattice_rotation,mixed_anion,81.6648148148148,81.66481481481483,,invariant,n/a
coordination_number_mean,lattice_rotation,mixed_anion,2.5,2.5,,invariant,n/a
ellipsoid_oblateness,lattice_rotation,mixed_anion,2.000000000000001,2.0000000000000004,,invariant,n/a
direction_ratio,lattice_rotation,mixed_anion,1.0,1.0000000000000002,,invariant,n/a
bottleneck_anisotropy,lattice_rotation,mixed_anion,nan,nan,n/a,nan_both,n/a
nana_composite,lattice_rotation,mixed_anion,0.0,0.0,,invariant,n/a
avg_na_neighbors,lattice_rotation,mixed_anion,0.0,0.0,,invariant,n/a
largest_component_ratio,lattice_rotation,mixed_anion,0.5,0.5,,invariant,n/a
network_dimension,lattice_rotation,mixed_anion,0.0,0.0,,invariant,n/a
component_count,lattice_rotation,mixed_anion,2.0,2.0,,invariant,n/a
na_concentration,lattice_rotation,mixed_anion,0.2857142857142857,0.2857142857142857,,invariant,n/a
na_occupancy_sum,lattice_rotation,mixed_anion,2.0,2.0,,invariant,n/a
na_site_count,lattice_rotation,mixed_anion,2.0,2.0,,invariant,n/a
interstitial_count,lattice_rotation,mixed_anion,39.0,38.0,,changed,n/a
interstitial_na_distance,lattice_rotation,mixed_anion,3.470415540000379,3.455765535188581,,changed,n/a
interstitial_channel_access,lattice_rotation,mixed_anion,0.1282051282051282,0.10526315789473684,,changed,n/a
interstitial_network_dim,lattice_rotation,mixed_anion,2.0,2.0,,invariant,n/a
bvse_barrier_estimate,lattice_rotation,mixed_anion,nan,nan,n/a,nan_both,n/a
framework_bond_rigidity,lattice_rotation,mixed_anion,1.0745187615662664,1.0745187615662664,,invariant,n/a
framework_poly_distortion,lattice_rotation,mixed_anion,0.09214036535714963,0.09214036535714966,,invariant,n/a
framework_na_distance_stability,lattice_rotation,mixed_anion,0.17157287525380996,0.1715728752538099,,invariant,n/a
framework_sharing_topology,lattice_rotation,mixed_anion,1.0,1.0,,invariant,n/a
nana_nana_angle_mean,lattice_rotation,mixed_anion,nan,nan,n/a,nan_both,n/a
nana_second_neighbor_dist,lattice_rotation,mixed_anion,nan,nan,n/a,nan_both,n/a
path_tortuosity,lattice_rotation,mixed_anion,nan,nan,n/a,nan_both,n/a
nana_spacing_uniformity,lattice_rotation,mixed_anion,0.0,0.0,,invariant,n/a
na_x_en_diff,lattice_rotation,mixed_anion,2.614,2.614,,invariant,n/a
charge_balance_deviation,lattice_rotation,mixed_anion,0.4666666666666667,0.4666666666666667,,invariant,n/a
covalency_index,lattice_rotation,mixed_anion,0.8041296022480828,0.8041296022480828,,invariant,n/a
framework_d_electron_weighted,lattice_rotation,mixed_anion,0.5,0.5,,invariant,n/a
space_group_number,lattice_rotation,mixed_anion,1.0,1.0,,invariant,n/a
wyckoff_diversity,lattice_rotation,mixed_anion,7.0,7.0,,invariant,n/a
partial_occupancy_ratio,lattice_rotation,mixed_anion,0.0,0.0,,invariant,n/a
coordination_cv,lattice_rotation,mixed_anion,0.16129032258064516,0.16129032258064516,,invariant,n/a
volume_cv,lattice_rotation,mixed_anion,0.19210186172022045,0.19210186172022056,,invariant,n/a
a2_max_dist,supercell,mixed_anion,3.4641016151377544,3.4641016151377544,1,invariant,n/a
poly_distortion_mean,supercell,mixed_anion,0.046070182678574816,0.046070182678574816,1,invariant,n/a
max_bond_length,supercell,mixed_anion,3.4641016151377544,3.4641016151377544,1,invariant,n/a
min_bond_length,supercell,mixed_anion,3.1462643699419726,3.1462643699419726,1,invariant,n/a
mean_bond_length,supercell,mixed_anion,3.3581558667391604,3.3581558667391604,1,invariant,n/a
target_bond_center,supercell,mixed_anion,2.533333333333333,2.533333333333333,1,invariant,n/a
poly_volume_mean,supercell,mixed_anion,81.6648148148148,81.6648148148148,1,invariant,n/a
coordination_number_mean,supercell,mixed_anion,2.5,2.5,1,invariant,n/a
ellipsoid_oblateness,supercell,mixed_anion,2.000000000000001,2.000000000000001,1,invariant,n/a
direction_ratio,supercell,mixed_anion,1.0,1.0,1,invariant,n/a
bottleneck_anisotropy,supercell,mixed_anion,nan,nan,n/a,nan_both,n/a
nana_composite,supercell,mixed_anion,0.0,0.0,n/a,invariant,n/a
avg_na_neighbors,supercell,mixed_anion,0.0,0.0,n/a,invariant,n/a
largest_component_ratio,supercell,mixed_anion,0.5,0.25,0.5,changed,n/a
network_dimension,supercell,mixed_anion,0.0,0.0,n/a,invariant,n/a
component_count,supercell,mixed_anion,2.0,4.0,2,changed,n/a
na_concentration,supercell,mixed_anion,0.2857142857142857,0.2857142857142857,1,invariant,n/a
na_occupancy_sum,supercell,mixed_anion,2.0,4.0,2,changed,n/a
na_site_count,supercell,mixed_anion,2.0,4.0,2,changed,n/a
interstitial_count,supercell,mixed_anion,39.0,78.0,2,changed,n/a
interstitial_na_distance,supercell,mixed_anion,3.470415540000379,3.4708630205063944,1.00013,changed,n/a
interstitial_channel_access,supercell,mixed_anion,0.1282051282051282,0.1282051282051282,1,invariant,n/a
interstitial_network_dim,supercell,mixed_anion,2.0,2.0,1,invariant,n/a
bvse_barrier_estimate,supercell,mixed_anion,nan,nan,n/a,nan_both,n/a
framework_bond_rigidity,supercell,mixed_anion,1.0745187615662664,1.0745187615662664,1,invariant,n/a
framework_poly_distortion,supercell,mixed_anion,0.09214036535714963,0.09214036535714963,1,invariant,n/a
framework_na_distance_stability,supercell,mixed_anion,0.17157287525380996,0.3528852520921695,2.05677,changed,n/a
framework_sharing_topology,supercell,mixed_anion,1.0,1.0,1,invariant,n/a
nana_nana_angle_mean,supercell,mixed_anion,nan,50.012493931038634,n/a,nan_introduced,n/a
nana_second_neighbor_dist,supercell,mixed_anion,nan,6.928203230275509,n/a,nan_introduced,n/a
path_tortuosity,supercell,mixed_anion,nan,1.0,n/a,nan_introduced,n/a
nana_spacing_uniformity,supercell,mixed_anion,0.0,0.06935035412101478,n/a,changed,n/a
na_x_en_diff,supercell,mixed_anion,2.614,2.614,1,invariant,n/a
charge_balance_deviation,supercell,mixed_anion,0.4666666666666667,0.4666666666666667,1,invariant,n/a
covalency_index,supercell,mixed_anion,0.8041296022480828,0.8041296022480828,1,invariant,n/a
framework_d_electron_weighted,supercell,mixed_anion,0.5,0.5,1,invariant,n/a
space_group_number,supercell,mixed_anion,1.0,1.0,1,invariant,n/a
wyckoff_diversity,supercell,mixed_anion,7.0,7.0,1,invariant,n/a
partial_occupancy_ratio,supercell,mixed_anion,0.0,0.0,n/a,invariant,n/a
coordination_cv,supercell,mixed_anion,0.16129032258064516,0.16129032258064516,1,invariant,n/a
volume_cv,supercell,mixed_anion,0.19210186172022045,0.19210186172022045,1,invariant,n/a
a2_max_dist,isotropic_scale,mixed_anion,3.4641016151377544,3.637306695894642,1.05,changed,false
poly_distortion_mean,isotropic_scale,mixed_anion,0.046070182678574816,0.04607018267857483,1,invariant,false
max_bond_length,isotropic_scale,mixed_anion,3.4641016151377544,3.637306695894642,1.05,changed,false
min_bond_length,isotropic_scale,mixed_anion,3.1462643699419726,3.303577588439071,1.05,changed,false
mean_bond_length,isotropic_scale,mixed_anion,3.3581558667391604,3.5260636600761184,1.05,changed,false
target_bond_center,isotropic_scale,mixed_anion,2.533333333333333,2.533333333333333,1,invariant,true
poly_volume_mean,isotropic_scale,mixed_anion,81.6648148148148,94.53723125000002,1.15763,changed,false
coordination_number_mean,isotropic_scale,mixed_anion,2.5,2.5,1,invariant,false
ellipsoid_oblateness,isotropic_scale,mixed_anion,2.000000000000001,2.0000000000000004,1,invariant,false
direction_ratio,isotropic_scale,mixed_anion,1.0,1.0,1,invariant,false
bottleneck_anisotropy,isotropic_scale,mixed_anion,nan,nan,n/a,nan_both,n/a
nana_composite,isotropic_scale,mixed_anion,0.0,0.0,n/a,invariant,n/a
avg_na_neighbors,isotropic_scale,mixed_anion,0.0,0.0,n/a,invariant,n/a
largest_component_ratio,isotropic_scale,mixed_anion,0.5,0.5,1,invariant,false
network_dimension,isotropic_scale,mixed_anion,0.0,0.0,n/a,invariant,n/a
component_count,isotropic_scale,mixed_anion,2.0,2.0,1,invariant,false
na_concentration,isotropic_scale,mixed_anion,0.2857142857142857,0.2857142857142857,1,invariant,true
na_occupancy_sum,isotropic_scale,mixed_anion,2.0,2.0,1,invariant,false
na_site_count,isotropic_scale,mixed_anion,2.0,2.0,1,invariant,false
interstitial_count,isotropic_scale,mixed_anion,39.0,39.0,1,invariant,false
interstitial_na_distance,isotropic_scale,mixed_anion,3.470415540000379,3.6448760260630317,1.05027,changed,false
interstitial_channel_access,isotropic_scale,mixed_anion,0.1282051282051282,0.05128205128205128,0.4,changed,true
interstitial_network_dim,isotropic_scale,mixed_anion,2.0,2.0,1,invariant,false
bvse_barrier_estimate,isotropic_scale,mixed_anion,nan,nan,n/a,nan_both,n/a
framework_bond_rigidity,isotropic_scale,mixed_anion,1.0745187615662664,1.1282446996445796,1.05,changed,true
framework_poly_distortion,isotropic_scale,mixed_anion,0.09214036535714963,0.09214036535714969,1,invariant,false
framework_na_distance_stability,isotropic_scale,mixed_anion,0.17157287525380996,0.17157287525380988,1,invariant,false
framework_sharing_topology,isotropic_scale,mixed_anion,1.0,1.0,1,invariant,false
nana_nana_angle_mean,isotropic_scale,mixed_anion,nan,nan,n/a,nan_both,n/a
nana_second_neighbor_dist,isotropic_scale,mixed_anion,nan,nan,n/a,nan_both,n/a
path_tortuosity,isotropic_scale,mixed_anion,nan,nan,n/a,nan_both,n/a
nana_spacing_uniformity,isotropic_scale,mixed_anion,0.0,0.0,n/a,invariant,n/a
na_x_en_diff,isotropic_scale,mixed_anion,2.614,2.614,1,invariant,false
charge_balance_deviation,isotropic_scale,mixed_anion,0.4666666666666667,0.4666666666666667,1,invariant,false
covalency_index,isotropic_scale,mixed_anion,0.8041296022480828,0.8041296022480828,1,invariant,false
framework_d_electron_weighted,isotropic_scale,mixed_anion,0.5,0.5,1,invariant,false
space_group_number,isotropic_scale,mixed_anion,1.0,1.0,1,invariant,false
wyckoff_diversity,isotropic_scale,mixed_anion,7.0,7.0,1,invariant,false
partial_occupancy_ratio,isotropic_scale,mixed_anion,0.0,0.0,n/a,invariant,n/a
coordination_cv,isotropic_scale,mixed_anion,0.16129032258064516,0.16129032258064516,1,invariant,false
volume_cv,isotropic_scale,mixed_anion,0.19210186172022045,0.19210186172022045,1,invariant,false
a2_max_dist,occupancy_split,mixed_anion,3.4641016151377544,3.4641016151377544,,invariant,n/a
poly_distortion_mean,occupancy_split,mixed_anion,0.046070182678574816,0.05051025721682187,,changed,n/a
max_bond_length,occupancy_split,mixed_anion,3.4641016151377544,3.4641016151377544,,invariant,n/a
min_bond_length,occupancy_split,mixed_anion,3.1462643699419726,3.1462643699419726,,invariant,n/a
mean_bond_length,occupancy_split,mixed_anion,3.3581558667391604,3.3051829925398635,,changed,n/a
target_bond_center,occupancy_split,mixed_anion,2.533333333333333,2.5033333333333334,,changed,n/a
poly_volume_mean,occupancy_split,mixed_anion,81.6648148148148,81.6648148148148,,invariant,n/a
coordination_number_mean,occupancy_split,mixed_anion,2.5,3.0,,changed,n/a
ellipsoid_oblateness,occupancy_split,mixed_anion,2.000000000000001,1.3333333333333333,,changed,n/a
direction_ratio,occupancy_split,mixed_anion,1.0,1.0,,invariant,n/a
bottleneck_anisotropy,occupancy_split,mixed_anion,nan,nan,n/a,nan_both,n/a
nana_composite,occupancy_split,mixed_anion,0.0,0.0,,invariant,n/a
avg_na_neighbors,occupancy_split,mixed_anion,0.0,0.0,,invariant,n/a
largest_component_ratio,occupancy_split,mixed_anion,0.5,0.5,,invariant,n/a
network_dimension,occupancy_split,mixed_anion,0.0,0.0,,invariant,n/a
component_count,occupancy_split,mixed_anion,2.0,2.0,,invariant,n/a
na_concentration,occupancy_split,mixed_anion,0.2857142857142857,0.25,,changed,n/a
na_occupancy_sum,occupancy_split,mixed_anion,2.0,2.0,,invariant,n/a
na_site_count,occupancy_split,mixed_anion,2.0,2.0,,invariant,n/a
interstitial_count,occupancy_split,mixed_anion,39.0,39.0,,invariant,n/a
interstitial_na_distance,occupancy_split,mixed_anion,3.470415540000379,3.470415540000379,,invariant,n/a
interstitial_channel_access,occupancy_split,mixed_anion,0.1282051282051282,0.1282051282051282,,invariant,n/a
interstitial_network_dim,occupancy_split,mixed_anion,2.0,2.0,,invariant,n/a
bvse_barrier_estimate,occupancy_split,mixed_anion,nan,nan,n/a,nan_both,n/a
framework_bond_rigidity,occupancy_split,mixed_anion,1.0745187615662664,1.0395146596724578,,changed,n/a
framework_poly_distortion,occupancy_split,mixed_anion,0.09214036535714963,0.10102051443364374,,changed,n/a
framework_na_distance_stability,occupancy_split,mixed_anion,0.17157287525380996,0.17157287525380996,,invariant,n/a
framework_sharing_topology,occupancy_split,mixed_anion,1.0,1.0,,invariant,n/a
nana_nana_angle_mean,occupancy_split,mixed_anion,nan,nan,n/a,nan_both,n/a
nana_second_neighbor_dist,occupancy_split,mixed_anion,nan,nan,n/a,nan_both,n/a
path_tortuosity,occupancy_split,mixed_anion,nan,nan,n/a,nan_both,n/a
nana_spacing_uniformity,occupancy_split,mixed_anion,0.0,0.0,,invariant,n/a
na_x_en_diff,occupancy_split,mixed_anion,2.614,2.596666666666667,,changed,n/a
charge_balance_deviation,occupancy_split,mixed_anion,0.4666666666666667,0.4666666666666667,,invariant,n/a
covalency_index,occupancy_split,mixed_anion,0.8041296022480828,0.8022742722805649,,changed,n/a
framework_d_electron_weighted,occupancy_split,mixed_anion,0.5,0.5,,invariant,n/a
space_group_number,occupancy_split,mixed_anion,1.0,nan,n/a,nan_introduced,n/a
wyckoff_diversity,occupancy_split,mixed_anion,7.0,nan,n/a,nan_introduced,n/a
partial_occupancy_ratio,occupancy_split,mixed_anion,0.0,0.25,,changed,n/a
coordination_cv,occupancy_split,mixed_anion,0.16129032258064516,nan,n/a,nan_introduced,n/a
volume_cv,occupancy_split,mixed_anion,0.19210186172022045,0.19210186172022045,,invariant,n/a
a2_max_dist,geometry_jitter,mixed_anion,3.4641016151377544,3.5612618987316154,,changed,n/a
poly_distortion_mean,geometry_jitter,mixed_anion,0.046070182678574816,0.055991627411495465,,changed,n/a
max_bond_length,geometry_jitter,mixed_anion,3.4641016151377544,3.5612618987316154,,changed,n/a
min_bond_length,geometry_jitter,mixed_anion,3.1462643699419726,3.14577688490303,,changed,n/a
mean_bond_length,geometry_jitter,mixed_anion,3.3581558667391604,3.3867030225539025,,changed,n/a
target_bond_center,geometry_jitter,mixed_anion,2.533333333333333,2.533333333333333,,invariant,n/a
poly_volume_mean,geometry_jitter,mixed_anion,81.6648148148148,81.95227658524962,,changed,n/a
coordination_number_mean,geometry_jitter,mixed_anion,2.5,2.5,,invariant,n/a
ellipsoid_oblateness,geometry_jitter,mixed_anion,2.000000000000001,2.018870971889866,,changed,n/a
direction_ratio,geometry_jitter,mixed_anion,1.0,1.0443649053940303,,changed,n/a
bottleneck_anisotropy,geometry_jitter,mixed_anion,nan,nan,n/a,nan_both,n/a
nana_composite,geometry_jitter,mixed_anion,0.0,0.0,,invariant,n/a
avg_na_neighbors,geometry_jitter,mixed_anion,0.0,0.0,,invariant,n/a
largest_component_ratio,geometry_jitter,mixed_anion,0.5,0.5,,invariant,n/a
network_dimension,geometry_jitter,mixed_anion,0.0,0.0,,invariant,n/a
component_count,geometry_jitter,mixed_anion,2.0,2.0,,invariant,n/a
na_concentration,geometry_jitter,mixed_anion,0.2857142857142857,0.2857142857142857,,invariant,n/a
na_occupancy_sum,geometry_jitter,mixed_anion,2.0,2.0,,invariant,n/a
na_site_count,geometry_jitter,mixed_anion,2.0,2.0,,invariant,n/a
interstitial_count,geometry_jitter,mixed_anion,39.0,39.0,,invariant,n/a
interstitial_na_distance,geometry_jitter,mixed_anion,3.470415540000379,3.4609131022752204,,changed,n/a
interstitial_channel_access,geometry_jitter,mixed_anion,0.1282051282051282,0.10256410256410256,,changed,n/a
interstitial_network_dim,geometry_jitter,mixed_anion,2.0,2.0,,invariant,n/a
bvse_barrier_estimate,geometry_jitter,mixed_anion,nan,nan,n/a,nan_both,n/a
framework_bond_rigidity,geometry_jitter,mixed_anion,1.0745187615662664,1.0743752667007123,,changed,n/a
framework_poly_distortion,geometry_jitter,mixed_anion,0.09214036535714963,0.08977070396742162,,changed,n/a
framework_na_distance_stability,geometry_jitter,mixed_anion,0.17157287525380996,0.166253459410869,,changed,n/a
framework_sharing_topology,geometry_jitter,mixed_anion,1.0,1.0,,invariant,n/a
nana_nana_angle_mean,geometry_jitter,mixed_anion,nan,nan,n/a,nan_both,n/a
nana_second_neighbor_dist,geometry_jitter,mixed_anion,nan,nan,n/a,nan_both,n/a
path_tortuosity,geometry_jitter,mixed_anion,nan,nan,n/a,nan_both,n/a
nana_spacing_uniformity,geometry_jitter,mixed_anion,0.0,0.0,,invariant,n/a
na_x_en_diff,geometry_jitter,mixed_anion,2.614,2.614,,invariant,n/a
charge_balance_deviation,geometry_jitter,mixed_anion,0.4666666666666667,0.4666666666666667,,invariant,n/a
covalency_index,geometry_jitter,mixed_anion,0.8041296022480828,0.8041296022480828,,invariant,n/a
framework_d_electron_weighted,geometry_jitter,mixed_anion,0.5,0.5,,invariant,n/a
space_group_number,geometry_jitter,mixed_anion,1.0,1.0,,invariant,n/a
wyckoff_diversity,geometry_jitter,mixed_anion,7.0,7.0,,invariant,n/a
partial_occupancy_ratio,geometry_jitter,mixed_anion,0.0,0.0,,invariant,n/a
coordination_cv,geometry_jitter,mixed_anion,0.16129032258064516,0.1875,,changed,n/a
volume_cv,geometry_jitter,mixed_anion,0.19210186172022045,0.19370284750689734,,changed,n/a
